-- MySQL dump 10.13  Distrib 8.1.0, for macos13.3 (arm64)
--
-- Host: 127.0.0.1    Database: telal
-- ------------------------------------------------------
-- Server version	5.5.5-10.4.28-MariaDB

/*!40101 SET @OLD_CHARACTER_SET_CLIENT=@@CHARACTER_SET_CLIENT */;
/*!40101 SET @OLD_CHARACTER_SET_RESULTS=@@CHARACTER_SET_RESULTS */;
/*!40101 SET @OLD_COLLATION_CONNECTION=@@COLLATION_CONNECTION */;
/*!50503 SET NAMES utf8mb4 */;
/*!40103 SET @OLD_TIME_ZONE=@@TIME_ZONE */;
/*!40103 SET TIME_ZONE='+00:00' */;
/*!40014 SET @OLD_UNIQUE_CHECKS=@@UNIQUE_CHECKS, UNIQUE_CHECKS=0 */;
/*!40014 SET @OLD_FOREIGN_KEY_CHECKS=@@FOREIGN_KEY_CHECKS, FOREIGN_KEY_CHECKS=0 */;
/*!40101 SET @OLD_SQL_MODE=@@SQL_MODE, SQL_MODE='NO_AUTO_VALUE_ON_ZERO' */;
/*!40111 SET @OLD_SQL_NOTES=@@SQL_NOTES, SQL_NOTES=0 */;

--
-- Table structure for table `academic_years`
--

DROP TABLE IF EXISTS `academic_years`;
/*!40101 SET @saved_cs_client     = @@character_set_client */;
/*!50503 SET character_set_client = utf8mb4 */;
CREATE TABLE `academic_years` (
  `id` bigint(20) unsigned NOT NULL AUTO_INCREMENT,
  `name` varchar(255) NOT NULL,
  `start_date` date DEFAULT NULL,
  `end_date` date DEFAULT NULL,
  `is_current` tinyint(1) NOT NULL DEFAULT 0,
  `created_at` timestamp NULL DEFAULT NULL,
  `updated_at` timestamp NULL DEFAULT NULL,
  PRIMARY KEY (`id`)
) ENGINE=InnoDB AUTO_INCREMENT=3 DEFAULT CHARSET=utf8mb4 COLLATE=utf8mb4_unicode_ci;
/*!40101 SET character_set_client = @saved_cs_client */;

--
-- Dumping data for table `academic_years`
--

LOCK TABLES `academic_years` WRITE;
/*!40000 ALTER TABLE `academic_years` DISABLE KEYS */;
INSERT INTO `academic_years` VALUES (1,'2026/2025','2025-09-14','2026-06-30',0,'2025-09-07 08:44:45','2025-11-03 17:11:38'),(2,'2026/2027م','2026-09-01','2027-06-01',1,'2025-11-03 17:11:38','2025-11-03 17:11:38');
/*!40000 ALTER TABLE `academic_years` ENABLE KEYS */;
UNLOCK TABLES;

--
-- Table structure for table `attendance_logs`
--

DROP TABLE IF EXISTS `attendance_logs`;
/*!40101 SET @saved_cs_client     = @@character_set_client */;
/*!50503 SET character_set_client = utf8mb4 */;
CREATE TABLE `attendance_logs` (
  `id` bigint(20) unsigned NOT NULL AUTO_INCREMENT,
  `user_id` bigint(20) unsigned NOT NULL,
  `supervisor_id` bigint(20) unsigned NOT NULL,
  `check_in_time` timestamp NOT NULL DEFAULT current_timestamp() ON UPDATE current_timestamp(),
  `lessons_count` int(11) DEFAULT NULL,
  `date` date NOT NULL,
  `notes` text DEFAULT NULL,
  `teacher_settlement_id` bigint(20) unsigned DEFAULT NULL,
  `created_at` timestamp NULL DEFAULT NULL,
  `updated_at` timestamp NULL DEFAULT NULL,
  PRIMARY KEY (`id`),
  KEY `attendance_logs_supervisor_id_foreign` (`supervisor_id`),
  KEY `attendance_logs_user_id_date_index` (`user_id`,`date`),
  KEY `attendance_logs_date_index` (`date`),
  KEY `attendance_logs_teacher_settlement_id_foreign` (`teacher_settlement_id`),
  CONSTRAINT `attendance_logs_supervisor_id_foreign` FOREIGN KEY (`supervisor_id`) REFERENCES `users` (`id`) ON DELETE CASCADE,
  CONSTRAINT `attendance_logs_teacher_settlement_id_foreign` FOREIGN KEY (`teacher_settlement_id`) REFERENCES `teacher_settlements` (`id`) ON DELETE SET NULL,
  CONSTRAINT `attendance_logs_user_id_foreign` FOREIGN KEY (`user_id`) REFERENCES `users` (`id`) ON DELETE CASCADE
) ENGINE=InnoDB AUTO_INCREMENT=22 DEFAULT CHARSET=utf8mb4 COLLATE=utf8mb4_unicode_ci;
/*!40101 SET character_set_client = @saved_cs_client */;

--
-- Dumping data for table `attendance_logs`
--

LOCK TABLES `attendance_logs` WRITE;
/*!40000 ALTER TABLE `attendance_logs` DISABLE KEYS */;
INSERT INTO `attendance_logs` VALUES (1,5,6,'2025-09-17 07:19:47',NULL,'2025-09-17',NULL,NULL,'2025-09-17 07:19:47','2025-09-17 07:19:47'),(2,11,6,'2025-09-17 08:10:46',4,'2025-09-17',NULL,NULL,'2025-09-17 08:10:46','2025-09-17 08:10:46'),(3,12,6,'2025-09-17 08:26:19',2,'2025-09-17',NULL,NULL,'2025-09-17 08:26:19','2025-09-17 08:26:19'),(4,2,6,'2025-09-17 08:28:24',NULL,'2025-09-17',NULL,NULL,'2025-09-17 08:28:24','2025-09-17 08:28:24'),(5,49,6,'2025-09-17 09:19:10',3,'2025-09-17',NULL,NULL,'2025-09-17 09:19:10','2025-09-17 09:19:10'),(6,42,6,'2025-09-19 19:12:39',2,'2025-09-17',NULL,1,'2025-09-17 09:59:49','2025-09-19 17:12:39'),(7,46,6,'2025-09-17 10:00:48',1,'2025-09-17',NULL,NULL,'2025-09-17 10:00:48','2025-09-17 10:00:48'),(8,16,6,'2025-09-17 10:05:04',2,'2025-09-17',NULL,NULL,'2025-09-17 10:05:04','2025-09-17 10:05:04'),(9,38,6,'2025-09-17 10:10:22',6,'2025-09-17',NULL,NULL,'2025-09-17 10:10:22','2025-09-17 10:10:22'),(10,2,6,'2025-09-18 04:33:36',NULL,'2025-09-18',NULL,NULL,'2025-09-18 04:33:36','2025-09-18 04:33:36'),(11,5,6,'2025-09-18 04:36:37',NULL,'2025-09-18',NULL,NULL,'2025-09-18 04:36:37','2025-09-18 04:36:37'),(12,32,6,'2025-09-18 06:04:37',2,'2025-09-18',NULL,NULL,'2025-09-18 06:04:37','2025-09-18 06:04:37'),(13,42,6,'2025-09-19 19:12:39',2,'2025-09-18',NULL,1,'2025-09-18 08:34:01','2025-09-19 17:12:39'),(14,14,6,'2025-09-18 08:35:26',4,'2025-09-18',NULL,NULL,'2025-09-18 08:35:26','2025-09-18 08:35:26'),(15,12,6,'2025-09-18 08:36:07',2,'2025-09-18',NULL,NULL,'2025-09-18 08:36:07','2025-09-18 08:36:07'),(16,46,6,'2025-09-18 09:00:30',2,'2025-09-18',NULL,NULL,'2025-09-18 09:00:30','2025-09-18 09:00:30'),(17,38,6,'2025-09-18 09:59:51',6,'2025-09-18',NULL,NULL,'2025-09-18 09:59:51','2025-09-18 09:59:51'),(18,16,6,'2025-09-18 10:00:16',3,'2025-09-18',NULL,NULL,'2025-09-18 10:00:16','2025-09-18 10:00:16'),(19,49,6,'2025-09-18 10:00:36',2,'2025-09-18',NULL,NULL,'2025-09-18 10:00:36','2025-09-18 10:00:36'),(20,33,6,'2025-09-18 10:23:07',6,'2025-09-18',NULL,NULL,'2025-09-18 10:23:07','2025-09-18 10:23:07'),(21,40,6,'2025-09-18 10:58:11',7,'2025-09-18',NULL,NULL,'2025-09-18 10:58:11','2025-09-18 10:58:11');
/*!40000 ALTER TABLE `attendance_logs` ENABLE KEYS */;
UNLOCK TABLES;

--
-- Table structure for table `cache`
--

DROP TABLE IF EXISTS `cache`;
/*!40101 SET @saved_cs_client     = @@character_set_client */;
/*!50503 SET character_set_client = utf8mb4 */;
CREATE TABLE `cache` (
  `key` varchar(255) NOT NULL,
  `value` mediumtext NOT NULL,
  `expiration` int(11) NOT NULL,
  PRIMARY KEY (`key`)
) ENGINE=InnoDB DEFAULT CHARSET=utf8mb4 COLLATE=utf8mb4_unicode_ci;
/*!40101 SET character_set_client = @saved_cs_client */;

--
-- Dumping data for table `cache`
--

LOCK TABLES `cache` WRITE;
/*!40000 ALTER TABLE `cache` DISABLE KEYS */;
INSERT INTO `cache` VALUES ('laravel-cache-spatie.permission.cache','a:3:{s:5:\"alias\";a:6:{s:1:\"a\";s:2:\"id\";s:1:\"b\";s:4:\"name\";s:1:\"c\";s:12:\"display_name\";s:1:\"d\";s:7:\"name_ar\";s:1:\"e\";s:10:\"guard_name\";s:1:\"r\";s:5:\"roles\";}s:11:\"permissions\";a:10:{i:0;a:6:{s:1:\"a\";i:1;s:1:\"b\";s:15:\"manage_students\";s:1:\"c\";s:23:\"ادارة الطلاب\";s:1:\"d\";N;s:1:\"e\";s:3:\"web\";s:1:\"r\";a:1:{i:0;i:1;}}i:1;a:6:{s:1:\"a\";i:2;s:1:\"b\";s:15:\"manage_settings\";s:1:\"c\";s:18:\"الاعدادات\";s:1:\"d\";N;s:1:\"e\";s:3:\"web\";s:1:\"r\";a:1:{i:0;i:1;}}i:2;a:6:{s:1:\"a\";i:3;s:1:\"b\";s:12:\"manage_users\";s:1:\"c\";s:20:\"المستخدمين\";s:1:\"d\";N;s:1:\"e\";s:3:\"web\";s:1:\"r\";a:1:{i:0;i:1;}}i:3;a:6:{s:1:\"a\";i:4;s:1:\"b\";s:20:\"student_installments\";s:1:\"c\";s:23:\"اقساط الطلاب\";s:1:\"d\";N;s:1:\"e\";s:3:\"web\";s:1:\"r\";a:1:{i:0;i:2;}}i:4;a:6:{s:1:\"a\";i:5;s:1:\"b\";s:19:\"teacher_settlements\";s:1:\"c\";s:23:\"تسوية معلمين\";s:1:\"d\";N;s:1:\"e\";s:3:\"web\";s:1:\"r\";a:1:{i:0;i:2;}}i:5;a:6:{s:1:\"a\";i:6;s:1:\"b\";s:8:\"salaries\";s:1:\"c\";s:14:\"الرواتب\";s:1:\"d\";N;s:1:\"e\";s:3:\"web\";s:1:\"r\";a:1:{i:0;i:2;}}i:6;a:6:{s:1:\"a\";i:7;s:1:\"b\";s:23:\"manage_financial_vaults\";s:1:\"c\";s:40:\"ادارة الخزائن المالية\";s:1:\"d\";N;s:1:\"e\";s:3:\"web\";s:1:\"r\";a:1:{i:0;i:2;}}i:7;a:6:{s:1:\"a\";i:8;s:1:\"b\";s:22:\"financial_transactions\";s:1:\"c\";s:33:\"المعاملات المالية\";s:1:\"d\";N;s:1:\"e\";s:3:\"web\";s:1:\"r\";a:1:{i:0;i:2;}}i:8;a:6:{s:1:\"a\";i:9;s:1:\"b\";s:15:\"vault_transfers\";s:1:\"c\";s:40:\"التحويلات بين الخزائن\";s:1:\"d\";N;s:1:\"e\";s:3:\"web\";s:1:\"r\";a:1:{i:0;i:2;}}i:9;a:6:{s:1:\"a\";i:10;s:1:\"b\";s:17:\"financial_reports\";s:1:\"c\";s:23:\"تقارير مالية\";s:1:\"d\";N;s:1:\"e\";s:3:\"web\";s:1:\"r\";a:1:{i:0;i:2;}}}s:5:\"roles\";a:2:{i:0;a:4:{s:1:\"a\";i:1;s:1:\"b\";s:5:\"admin\";s:1:\"c\";s:14:\"الادارة\";s:1:\"e\";s:3:\"web\";}i:1;a:4:{s:1:\"a\";i:2;s:1:\"b\";s:7:\"finance\";s:1:\"c\";s:14:\"المالية\";s:1:\"e\";s:3:\"web\";}}}',1766611128),('telal-cache-spatie.permission.cache','a:3:{s:5:\"alias\";a:6:{s:1:\"a\";s:2:\"id\";s:1:\"b\";s:4:\"name\";s:1:\"c\";s:12:\"display_name\";s:1:\"d\";s:7:\"name_ar\";s:1:\"e\";s:10:\"guard_name\";s:1:\"r\";s:5:\"roles\";}s:11:\"permissions\";a:10:{i:0;a:6:{s:1:\"a\";i:1;s:1:\"b\";s:15:\"manage_students\";s:1:\"c\";s:23:\"ادارة الطلاب\";s:1:\"d\";N;s:1:\"e\";s:3:\"web\";s:1:\"r\";a:1:{i:0;i:1;}}i:1;a:6:{s:1:\"a\";i:2;s:1:\"b\";s:15:\"manage_settings\";s:1:\"c\";s:18:\"الاعدادات\";s:1:\"d\";N;s:1:\"e\";s:3:\"web\";s:1:\"r\";a:1:{i:0;i:1;}}i:2;a:6:{s:1:\"a\";i:3;s:1:\"b\";s:12:\"manage_users\";s:1:\"c\";s:20:\"المستخدمين\";s:1:\"d\";N;s:1:\"e\";s:3:\"web\";s:1:\"r\";a:1:{i:0;i:1;}}i:3;a:6:{s:1:\"a\";i:4;s:1:\"b\";s:20:\"student_installments\";s:1:\"c\";s:23:\"اقساط الطلاب\";s:1:\"d\";N;s:1:\"e\";s:3:\"web\";s:1:\"r\";a:1:{i:0;i:2;}}i:4;a:6:{s:1:\"a\";i:5;s:1:\"b\";s:19:\"teacher_settlements\";s:1:\"c\";s:23:\"تسوية معلمين\";s:1:\"d\";N;s:1:\"e\";s:3:\"web\";s:1:\"r\";a:1:{i:0;i:2;}}i:5;a:6:{s:1:\"a\";i:6;s:1:\"b\";s:8:\"salaries\";s:1:\"c\";s:14:\"الرواتب\";s:1:\"d\";N;s:1:\"e\";s:3:\"web\";s:1:\"r\";a:1:{i:0;i:2;}}i:6;a:6:{s:1:\"a\";i:7;s:1:\"b\";s:23:\"manage_financial_vaults\";s:1:\"c\";s:40:\"ادارة الخزائن المالية\";s:1:\"d\";N;s:1:\"e\";s:3:\"web\";s:1:\"r\";a:1:{i:0;i:2;}}i:7;a:6:{s:1:\"a\";i:8;s:1:\"b\";s:22:\"financial_transactions\";s:1:\"c\";s:33:\"المعاملات المالية\";s:1:\"d\";N;s:1:\"e\";s:3:\"web\";s:1:\"r\";a:1:{i:0;i:2;}}i:8;a:6:{s:1:\"a\";i:9;s:1:\"b\";s:15:\"vault_transfers\";s:1:\"c\";s:40:\"التحويلات بين الخزائن\";s:1:\"d\";N;s:1:\"e\";s:3:\"web\";s:1:\"r\";a:1:{i:0;i:2;}}i:9;a:6:{s:1:\"a\";i:10;s:1:\"b\";s:17:\"financial_reports\";s:1:\"c\";s:23:\"تقارير مالية\";s:1:\"d\";N;s:1:\"e\";s:3:\"web\";s:1:\"r\";a:1:{i:0;i:2;}}}s:5:\"roles\";a:2:{i:0;a:4:{s:1:\"a\";i:1;s:1:\"b\";s:5:\"admin\";s:1:\"c\";s:14:\"الادارة\";s:1:\"e\";s:3:\"web\";}i:1;a:4:{s:1:\"a\";i:2;s:1:\"b\";s:7:\"finance\";s:1:\"c\";s:14:\"المالية\";s:1:\"e\";s:3:\"web\";}}}',1777294372);
/*!40000 ALTER TABLE `cache` ENABLE KEYS */;
UNLOCK TABLES;

--
-- Table structure for table `cache_locks`
--

DROP TABLE IF EXISTS `cache_locks`;
/*!40101 SET @saved_cs_client     = @@character_set_client */;
/*!50503 SET character_set_client = utf8mb4 */;
CREATE TABLE `cache_locks` (
  `key` varchar(255) NOT NULL,
  `owner` varchar(255) NOT NULL,
  `expiration` int(11) NOT NULL,
  PRIMARY KEY (`key`)
) ENGINE=InnoDB DEFAULT CHARSET=utf8mb4 COLLATE=utf8mb4_unicode_ci;
/*!40101 SET character_set_client = @saved_cs_client */;

--
-- Dumping data for table `cache_locks`
--

LOCK TABLES `cache_locks` WRITE;
/*!40000 ALTER TABLE `cache_locks` DISABLE KEYS */;
/*!40000 ALTER TABLE `cache_locks` ENABLE KEYS */;
UNLOCK TABLES;

--
-- Table structure for table `classrooms`
--

DROP TABLE IF EXISTS `classrooms`;
/*!40101 SET @saved_cs_client     = @@character_set_client */;
/*!50503 SET character_set_client = utf8mb4 */;
CREATE TABLE `classrooms` (
  `id` bigint(20) unsigned NOT NULL AUTO_INCREMENT,
  `grade_id` bigint(20) unsigned NOT NULL,
  `name` varchar(255) NOT NULL,
  `created_at` timestamp NULL DEFAULT NULL,
  `updated_at` timestamp NULL DEFAULT NULL,
  PRIMARY KEY (`id`),
  UNIQUE KEY `classrooms_grade_id_name_unique` (`grade_id`,`name`),
  CONSTRAINT `classrooms_grade_id_foreign` FOREIGN KEY (`grade_id`) REFERENCES `grades` (`id`) ON DELETE CASCADE
) ENGINE=InnoDB AUTO_INCREMENT=50 DEFAULT CHARSET=utf8mb4 COLLATE=utf8mb4_unicode_ci;
/*!40101 SET character_set_client = @saved_cs_client */;

--
-- Dumping data for table `classrooms`
--

LOCK TABLES `classrooms` WRITE;
/*!40000 ALTER TABLE `classrooms` DISABLE KEYS */;
INSERT INTO `classrooms` VALUES (1,12,'الخامس - آ','2025-09-07 09:00:36','2025-09-07 09:42:42'),(2,9,'الثاني - آ','2025-09-07 09:05:34','2025-09-07 09:05:34'),(3,13,'السادس - آ','2025-09-07 09:41:12','2025-09-07 09:41:12'),(4,8,'الاول - آ','2025-09-07 09:42:42','2025-09-07 09:42:42'),(5,10,'الثالث - آ','2025-09-07 09:42:42','2025-09-07 09:42:42'),(6,12,'الخامس - ب','2025-09-07 09:42:42','2025-09-07 09:42:42'),(7,11,'الرابع - آ','2025-09-07 09:42:42','2025-09-07 09:42:42'),(8,14,'الاعداد','2025-09-07 09:43:32','2025-09-07 09:43:32'),(16,21,'السابع - آ','2025-09-07 17:37:11','2025-09-07 17:37:11'),(17,22,'الثامن - آ','2025-09-07 17:37:11','2025-09-07 17:37:11'),(18,23,'التاسع - آ','2025-09-07 17:37:11','2025-09-07 17:37:11'),(20,29,'A','2025-09-07 17:57:01','2025-09-07 17:57:01'),(21,29,'B','2025-09-07 17:57:01','2025-09-07 17:57:01'),(22,30,'A','2025-09-07 17:57:01','2025-09-07 17:57:01'),(23,30,'B','2025-09-07 17:57:01','2025-09-07 17:57:01'),(24,31,'A','2025-09-07 17:57:01','2025-09-07 17:57:01'),(25,31,'B','2025-09-07 17:57:01','2025-09-07 17:57:01'),(26,32,'A','2025-09-07 17:57:01','2025-09-07 17:57:01'),(27,33,'A','2025-09-07 17:57:01','2025-09-07 17:57:01'),(28,34,'A','2025-09-07 17:57:01','2025-09-07 17:57:01'),(29,24,'pre-school-A1','2025-09-11 06:05:49','2025-09-11 06:06:20'),(30,35,'ا','2025-11-03 17:06:22','2025-11-03 17:06:22'),(31,35,'ب','2025-11-03 17:06:22','2025-11-03 17:06:22'),(32,35,'د','2025-11-03 17:06:22','2025-11-03 17:06:22'),(33,35,'ج','2025-11-03 17:06:22','2025-11-03 17:06:22'),(34,36,'ا','2025-11-03 17:06:22','2025-11-03 17:06:22'),(35,36,'ب','2025-11-03 17:06:22','2025-11-03 17:06:22'),(36,36,'ج','2025-11-03 17:06:22','2025-11-03 17:06:22'),(37,36,'د','2025-11-03 17:06:22','2025-11-03 17:06:22'),(38,37,'ا','2025-11-03 17:06:22','2025-11-03 17:06:22'),(39,37,'ب','2025-11-03 17:06:22','2025-11-03 17:06:22'),(40,37,'ج','2025-11-03 17:06:22','2025-11-03 17:06:22'),(41,37,'د','2025-11-03 17:06:22','2025-11-03 17:06:22'),(42,38,'ا','2025-11-03 17:06:22','2025-11-03 17:06:22'),(43,38,'ب','2025-11-03 17:06:22','2025-11-03 17:06:22'),(44,38,'ج','2025-11-03 17:06:22','2025-11-03 17:06:22'),(45,38,'د','2025-11-03 17:06:22','2025-11-03 17:06:22'),(46,39,'ا','2025-11-03 17:06:22','2025-11-03 17:06:22'),(47,39,'ب','2025-11-03 17:06:22','2025-11-03 17:06:22'),(48,39,'ج','2025-11-03 17:06:22','2025-11-03 17:06:22'),(49,39,'د','2025-11-03 17:06:22','2025-11-03 17:06:22');
/*!40000 ALTER TABLE `classrooms` ENABLE KEYS */;
UNLOCK TABLES;

--
-- Table structure for table `employee_advances`
--

DROP TABLE IF EXISTS `employee_advances`;
/*!40101 SET @saved_cs_client     = @@character_set_client */;
/*!50503 SET character_set_client = utf8mb4 */;
CREATE TABLE `employee_advances` (
  `id` bigint(20) unsigned NOT NULL AUTO_INCREMENT,
  `employee_id` bigint(20) unsigned NOT NULL,
  `treasury_id` bigint(20) unsigned NOT NULL,
  `amount` decimal(10,2) NOT NULL,
  `advance_date` date NOT NULL,
  `monthly_deduction` decimal(10,2) NOT NULL,
  `remaining_amount` decimal(10,2) NOT NULL,
  `status` enum('active','completed','cancelled') DEFAULT 'active',
  `description` text NOT NULL,
  `created_by` bigint(20) unsigned NOT NULL,
  `created_at` timestamp NULL DEFAULT NULL,
  `updated_at` timestamp NULL DEFAULT NULL,
  PRIMARY KEY (`id`),
  KEY `employee_advances_treasury_id_foreign` (`treasury_id`),
  KEY `employee_advances_created_by_foreign` (`created_by`),
  KEY `employee_advances_employee_id_status_index` (`employee_id`,`status`),
  CONSTRAINT `employee_advances_created_by_foreign` FOREIGN KEY (`created_by`) REFERENCES `users` (`id`) ON DELETE CASCADE,
  CONSTRAINT `employee_advances_employee_id_foreign` FOREIGN KEY (`employee_id`) REFERENCES `users` (`id`) ON DELETE CASCADE,
  CONSTRAINT `employee_advances_treasury_id_foreign` FOREIGN KEY (`treasury_id`) REFERENCES `treasuries` (`id`) ON DELETE CASCADE
) ENGINE=InnoDB AUTO_INCREMENT=4 DEFAULT CHARSET=utf8mb4 COLLATE=utf8mb4_unicode_ci;
/*!40101 SET character_set_client = @saved_cs_client */;

--
-- Dumping data for table `employee_advances`
--

LOCK TABLES `employee_advances` WRITE;
/*!40000 ALTER TABLE `employee_advances` DISABLE KEYS */;
INSERT INTO `employee_advances` VALUES (1,1,1,400.00,'2025-10-07',20.00,380.00,'active','test',1,'2025-10-07 11:52:13','2025-10-07 12:02:51');
/*!40000 ALTER TABLE `employee_advances` ENABLE KEYS */;
UNLOCK TABLES;

--
-- Table structure for table `failed_jobs`
--

DROP TABLE IF EXISTS `failed_jobs`;
/*!40101 SET @saved_cs_client     = @@character_set_client */;
/*!50503 SET character_set_client = utf8mb4 */;
CREATE TABLE `failed_jobs` (
  `id` bigint(20) unsigned NOT NULL AUTO_INCREMENT,
  `uuid` varchar(255) NOT NULL,
  `connection` text NOT NULL,
  `queue` text NOT NULL,
  `payload` longtext NOT NULL,
  `exception` longtext NOT NULL,
  `failed_at` timestamp NOT NULL DEFAULT current_timestamp(),
  PRIMARY KEY (`id`),
  UNIQUE KEY `failed_jobs_uuid_unique` (`uuid`)
) ENGINE=InnoDB DEFAULT CHARSET=utf8mb4 COLLATE=utf8mb4_unicode_ci;
/*!40101 SET character_set_client = @saved_cs_client */;

--
-- Dumping data for table `failed_jobs`
--

LOCK TABLES `failed_jobs` WRITE;
/*!40000 ALTER TABLE `failed_jobs` DISABLE KEYS */;
/*!40000 ALTER TABLE `failed_jobs` ENABLE KEYS */;
UNLOCK TABLES;

--
-- Table structure for table `fee_structures`
--

DROP TABLE IF EXISTS `fee_structures`;
/*!40101 SET @saved_cs_client     = @@character_set_client */;
/*!50503 SET character_set_client = utf8mb4 */;
CREATE TABLE `fee_structures` (
  `id` bigint(20) unsigned NOT NULL AUTO_INCREMENT,
  `section_type` enum('local','international') NOT NULL DEFAULT 'local',
  `stage_id` bigint(20) unsigned DEFAULT NULL,
  `grade_id` bigint(20) unsigned DEFAULT NULL,
  `amount` decimal(10,2) NOT NULL,
  `year_amount` decimal(10,2) DEFAULT NULL,
  `created_at` timestamp NULL DEFAULT NULL,
  `updated_at` timestamp NULL DEFAULT NULL,
  PRIMARY KEY (`id`),
  UNIQUE KEY `uniq_fee_scope_no_term` (`section_type`,`stage_id`,`grade_id`),
  KEY `fee_structures_stage_id_foreign` (`stage_id`),
  KEY `fee_structures_grade_id_foreign` (`grade_id`),
  KEY `fee_structures_year_amount_index` (`year_amount`),
  CONSTRAINT `fee_structures_grade_id_foreign` FOREIGN KEY (`grade_id`) REFERENCES `grades` (`id`) ON DELETE SET NULL,
  CONSTRAINT `fee_structures_stage_id_foreign` FOREIGN KEY (`stage_id`) REFERENCES `stages` (`id`) ON DELETE SET NULL
) ENGINE=InnoDB AUTO_INCREMENT=36 DEFAULT CHARSET=utf8mb4 COLLATE=utf8mb4_unicode_ci;
/*!40101 SET character_set_client = @saved_cs_client */;

--
-- Dumping data for table `fee_structures`
--

LOCK TABLES `fee_structures` WRITE;
/*!40000 ALTER TABLE `fee_structures` DISABLE KEYS */;
INSERT INTO `fee_structures` VALUES (1,'local',NULL,NULL,1800.00,1800.00,'2025-09-07 08:49:52','2025-09-11 19:57:18'),(2,'local',NULL,NULL,1200.00,1200.00,'2025-09-07 08:49:52','2025-09-11 19:57:18'),(3,'local',NULL,NULL,1800.00,1800.00,'2025-09-07 08:49:52','2025-09-11 19:57:18'),(4,'local',NULL,NULL,1800.00,1800.00,'2025-09-07 08:49:52','2025-09-11 19:57:18'),(5,'local',NULL,NULL,1800.00,1800.00,'2025-09-07 08:49:52','2025-09-11 19:57:18'),(6,'local',NULL,NULL,1800.00,1800.00,'2025-09-07 08:49:52','2025-09-11 19:57:18'),(7,'local',NULL,NULL,1800.00,1800.00,'2025-09-07 08:49:52','2025-09-11 19:57:18'),(8,'local',7,14,1200.00,1200.00,'2025-09-09 10:40:19','2025-09-11 19:57:18'),(9,'local',8,8,1800.00,1800.00,'2025-09-09 10:40:19','2025-09-11 19:57:18'),(10,'local',8,10,1800.00,1800.00,'2025-09-09 10:40:19','2025-09-11 19:57:18'),(11,'local',8,9,1800.00,1800.00,'2025-09-09 10:40:19','2025-09-11 19:57:18'),(12,'local',8,12,1800.00,1800.00,'2025-09-09 10:40:19','2025-09-11 19:57:18'),(13,'local',8,11,1800.00,1800.00,'2025-09-09 10:40:19','2025-09-11 19:57:18'),(14,'local',8,13,1800.00,1800.00,'2025-09-09 10:40:19','2025-09-11 19:57:18'),(15,'international',10,24,3500.00,3500.00,'2025-09-09 10:40:19','2025-09-11 19:57:18'),(16,'international',NULL,NULL,4500.00,4500.00,'2025-09-07 17:49:09','2025-09-11 19:57:18'),(17,'international',NULL,NULL,4500.00,4500.00,'2025-09-07 17:49:09','2025-09-11 19:57:18'),(18,'international',NULL,NULL,4500.00,4500.00,'2025-09-07 17:49:09','2025-09-11 19:57:18'),(19,'international',NULL,NULL,5000.00,5000.00,'2025-09-07 17:49:09','2025-09-11 19:57:18'),(20,'international',NULL,NULL,5000.00,5000.00,'2025-09-07 17:49:09','2025-09-11 19:57:18'),(21,'international',NULL,NULL,5000.00,5000.00,'2025-09-07 17:49:09','2025-09-11 19:57:18'),(22,'international',17,29,4500.00,4500.00,'2025-09-09 10:40:19','2025-09-11 19:57:18'),(23,'international',17,30,4500.00,4500.00,'2025-09-09 10:40:19','2025-09-11 19:57:18'),(24,'international',17,31,4500.00,4500.00,'2025-09-09 10:40:19','2025-09-11 19:57:18'),(25,'international',17,32,5000.00,5000.00,'2025-09-09 10:40:19','2025-09-11 19:57:18'),(26,'international',17,33,5000.00,5000.00,'2025-09-09 10:40:19','2025-09-11 19:57:18'),(27,'international',17,34,5000.00,5000.00,'2025-09-09 10:40:19','2025-09-11 19:57:18'),(28,'local',9,23,2000.00,2000.00,'2025-09-09 10:40:19','2025-09-11 19:57:18'),(29,'local',9,22,2000.00,2000.00,'2025-09-09 10:40:19','2025-09-11 19:57:18'),(30,'local',9,21,2000.00,2000.00,'2025-09-09 10:40:19','2025-09-11 19:57:18'),(31,'local',18,35,1000.00,2000.00,'2025-11-03 17:09:29','2025-11-03 17:09:29'),(32,'local',18,39,1000.00,2000.00,'2025-11-03 17:09:29','2025-11-03 17:09:29'),(33,'local',18,38,1000.00,2000.00,'2025-11-03 17:09:29','2025-11-03 17:09:29'),(34,'local',18,37,1000.00,2000.00,'2025-11-03 17:09:29','2025-11-03 17:09:29'),(35,'local',18,36,1000.00,2000.00,'2025-11-03 17:09:29','2025-11-03 17:09:29');
/*!40000 ALTER TABLE `fee_structures` ENABLE KEYS */;
UNLOCK TABLES;

--
-- Table structure for table `grades`
--

DROP TABLE IF EXISTS `grades`;
/*!40101 SET @saved_cs_client     = @@character_set_client */;
/*!50503 SET character_set_client = utf8mb4 */;
CREATE TABLE `grades` (
  `id` bigint(20) unsigned NOT NULL AUTO_INCREMENT,
  `stage_id` bigint(20) unsigned NOT NULL,
  `name` varchar(255) NOT NULL,
  `created_at` timestamp NULL DEFAULT NULL,
  `updated_at` timestamp NULL DEFAULT NULL,
  PRIMARY KEY (`id`),
  UNIQUE KEY `grades_stage_id_name_unique` (`stage_id`,`name`),
  CONSTRAINT `grades_stage_id_foreign` FOREIGN KEY (`stage_id`) REFERENCES `stages` (`id`) ON DELETE CASCADE
) ENGINE=InnoDB AUTO_INCREMENT=40 DEFAULT CHARSET=utf8mb4 COLLATE=utf8mb4_unicode_ci;
/*!40101 SET character_set_client = @saved_cs_client */;

--
-- Dumping data for table `grades`
--

LOCK TABLES `grades` WRITE;
/*!40000 ALTER TABLE `grades` DISABLE KEYS */;
INSERT INTO `grades` VALUES (8,8,'الاول','2025-09-07 09:00:36','2025-09-07 09:42:42'),(9,8,'الثاني','2025-09-07 09:00:36','2025-09-07 09:05:34'),(10,8,'الثالث','2025-09-07 09:00:36','2025-09-07 09:42:42'),(11,8,'الرابع','2025-09-07 09:00:36','2025-09-07 09:42:42'),(12,8,'الخامس','2025-09-07 09:00:36','2025-09-07 09:42:42'),(13,8,'السادس','2025-09-07 09:00:36','2025-09-07 09:41:12'),(14,7,'الاعداد','2025-09-07 09:43:32','2025-09-07 09:43:32'),(21,9,'السابع','2025-09-07 17:37:11','2025-09-07 17:37:11'),(22,9,'الثامن','2025-09-07 17:37:11','2025-09-07 17:37:11'),(23,9,'التاسع','2025-09-07 17:37:11','2025-09-07 17:37:11'),(24,10,'pre-school','2025-09-07 17:37:53','2025-09-11 06:06:20'),(29,17,'Year 1','2025-09-07 17:57:01','2025-09-07 17:57:01'),(30,17,'Year 2','2025-09-07 17:57:01','2025-09-07 17:57:01'),(31,17,'Year 3','2025-09-07 17:57:01','2025-09-07 17:57:01'),(32,17,'Year 4','2025-09-07 17:57:01','2025-09-07 17:57:01'),(33,17,'Year 5','2025-09-07 17:57:01','2025-09-07 17:57:01'),(34,17,'Year 6','2025-09-07 17:57:01','2025-09-07 17:57:01'),(35,18,'الاول','2025-11-03 17:06:22','2025-11-03 17:06:22'),(36,18,'الثاني علمي','2025-11-03 17:06:22','2025-11-03 17:06:22'),(37,18,'الثاني ادبي','2025-11-03 17:06:22','2025-11-03 17:06:22'),(38,18,'الثالث علمي','2025-11-03 17:06:22','2025-11-03 17:06:22'),(39,18,'الثالث ادبي','2025-11-03 17:06:22','2025-11-03 17:06:22');
/*!40000 ALTER TABLE `grades` ENABLE KEYS */;
UNLOCK TABLES;

--
-- Table structure for table `installment_types`
--

DROP TABLE IF EXISTS `installment_types`;
/*!40101 SET @saved_cs_client     = @@character_set_client */;
/*!50503 SET character_set_client = utf8mb4 */;
CREATE TABLE `installment_types` (
  `id` bigint(20) unsigned NOT NULL AUTO_INCREMENT,
  `name` varchar(255) NOT NULL,
  `status` enum('active','inactive') NOT NULL DEFAULT 'active',
  `created_at` timestamp NULL DEFAULT NULL,
  `updated_at` timestamp NULL DEFAULT NULL,
  PRIMARY KEY (`id`)
) ENGINE=InnoDB AUTO_INCREMENT=7 DEFAULT CHARSET=utf8mb4 COLLATE=utf8mb4_unicode_ci;
/*!40101 SET character_set_client = @saved_cs_client */;

--
-- Dumping data for table `installment_types`
--

LOCK TABLES `installment_types` WRITE;
/*!40000 ALTER TABLE `installment_types` DISABLE KEYS */;
INSERT INTO `installment_types` VALUES (1,'رسوم دراسية','active','2025-09-11 20:26:50','2025-09-11 20:26:50'),(2,'كتب دراسية','active','2025-09-12 06:01:28','2025-09-12 06:01:28'),(3,'دين سابق','active','2025-09-12 06:01:45','2025-09-12 06:01:45'),(4,'امتحان دولي','active','2025-09-12 06:02:05','2025-09-12 06:02:05'),(5,'دورات','active','2025-09-12 06:02:21','2025-09-12 06:02:21'),(6,'افترسكول','active','2025-09-12 06:02:35','2025-09-12 06:02:35');
/*!40000 ALTER TABLE `installment_types` ENABLE KEYS */;
UNLOCK TABLES;

--
-- Table structure for table `job_batches`
--

DROP TABLE IF EXISTS `job_batches`;
/*!40101 SET @saved_cs_client     = @@character_set_client */;
/*!50503 SET character_set_client = utf8mb4 */;
CREATE TABLE `job_batches` (
  `id` varchar(255) NOT NULL,
  `name` varchar(255) NOT NULL,
  `total_jobs` int(11) NOT NULL,
  `pending_jobs` int(11) NOT NULL,
  `failed_jobs` int(11) NOT NULL,
  `failed_job_ids` longtext NOT NULL,
  `options` mediumtext DEFAULT NULL,
  `cancelled_at` int(11) DEFAULT NULL,
  `created_at` int(11) NOT NULL,
  `finished_at` int(11) DEFAULT NULL,
  PRIMARY KEY (`id`)
) ENGINE=InnoDB DEFAULT CHARSET=utf8mb4 COLLATE=utf8mb4_unicode_ci;
/*!40101 SET character_set_client = @saved_cs_client */;

--
-- Dumping data for table `job_batches`
--

LOCK TABLES `job_batches` WRITE;
/*!40000 ALTER TABLE `job_batches` DISABLE KEYS */;
/*!40000 ALTER TABLE `job_batches` ENABLE KEYS */;
UNLOCK TABLES;

--
-- Table structure for table `jobs`
--

DROP TABLE IF EXISTS `jobs`;
/*!40101 SET @saved_cs_client     = @@character_set_client */;
/*!50503 SET character_set_client = utf8mb4 */;
CREATE TABLE `jobs` (
  `id` bigint(20) unsigned NOT NULL AUTO_INCREMENT,
  `queue` varchar(255) NOT NULL,
  `payload` longtext NOT NULL,
  `attempts` tinyint(3) unsigned NOT NULL,
  `reserved_at` int(10) unsigned DEFAULT NULL,
  `available_at` int(10) unsigned NOT NULL,
  `created_at` int(10) unsigned NOT NULL,
  PRIMARY KEY (`id`),
  KEY `jobs_queue_index` (`queue`)
) ENGINE=InnoDB DEFAULT CHARSET=utf8mb4 COLLATE=utf8mb4_unicode_ci;
/*!40101 SET character_set_client = @saved_cs_client */;

--
-- Dumping data for table `jobs`
--

LOCK TABLES `jobs` WRITE;
/*!40000 ALTER TABLE `jobs` DISABLE KEYS */;
/*!40000 ALTER TABLE `jobs` ENABLE KEYS */;
UNLOCK TABLES;

--
-- Table structure for table `migrations`
--

DROP TABLE IF EXISTS `migrations`;
/*!40101 SET @saved_cs_client     = @@character_set_client */;
/*!50503 SET character_set_client = utf8mb4 */;
CREATE TABLE `migrations` (
  `id` int(10) unsigned NOT NULL AUTO_INCREMENT,
  `migration` varchar(255) NOT NULL,
  `batch` int(11) NOT NULL,
  PRIMARY KEY (`id`)
) ENGINE=InnoDB AUTO_INCREMENT=58 DEFAULT CHARSET=utf8mb4 COLLATE=utf8mb4_unicode_ci;
/*!40101 SET character_set_client = @saved_cs_client */;

--
-- Dumping data for table `migrations`
--

LOCK TABLES `migrations` WRITE;
/*!40000 ALTER TABLE `migrations` DISABLE KEYS */;
INSERT INTO `migrations` VALUES (1,'0001_01_01_000000_create_users_table',1),(2,'0001_01_01_000001_create_cache_table',1),(3,'0001_01_01_000002_create_jobs_table',1),(4,'2025_07_18_184620_create_permission_tables',1),(5,'2025_07_18_184717_add_name_ar_to_permissions_table',1),(6,'2025_08_21_193519_add_display_name_to_roles_table',1),(7,'2025_09_02_001458_create_stages_table',1),(8,'2025_09_02_001509_create_grades_table',1),(9,'2025_09_02_001529_create_classrooms_table',1),(10,'2025_09_02_010948_add_hr_fields_to_users_table',1),(11,'2025_09_02_014047_add_session_price_and_subject_to_users_table',1),(12,'2025_09_02_022126_create_sections_table',1),(13,'2025_09_02_022859_create_subjects_table',1),(14,'2025_09_02_023512_add_section_to_stages_table',1),(15,'2025_09_02_211347_create_academic_years_table',1),(16,'2025_09_02_214202_create_students_table',1),(17,'2025_09_02_214626_create_fee_structures_table',1),(18,'2025_09_02_222454_create_student_enrollments_table',1),(19,'2025_09_02_222721_create_student_installments_table',1),(20,'2025_09_02_232957_add_job_title_and_code_to_users_table',1),(21,'2025_09_03_140033_add_billing_cycle_to_student_enrollments',1),(22,'2025_09_03_161041_create_student_promotion_logs',1),(23,'2025_09_04_192515_create_attendance_logs_table',1),(24,'2025_09_04_231503_create_treasuries_table',1),(25,'2025_09_04_232848_create_transaction_types_table',1),(26,'2025_09_04_232857_create_transactions_table',1),(27,'2025_09_05_000911_create_treasury_transfers_table',1),(28,'2025_09_05_002335_add_treasury_transaction_id_to_transactions_table',1),(29,'2025_09_05_125038_create_payrolls_table',1),(30,'2025_09_05_171922_create_teacher_settlements_table',1),(31,'2025_09_05_172009_add_teacher_settlement_id_to_attendance_logs_table',1),(32,'2025_09_05_172502_add_treasury_id_to_teacher_settlements',1),(33,'2025_09_05_182307_create_student_payments_table',1),(34,'2025_09_05_204015_add_transaction_and_method_to_student_payments',1),(35,'2025_09_06_173630_add_display_name_to_permissions_table',1),(36,'2025_09_07_083744_add_phone2_to_students_table',1),(37,'2025_09_07_223032_add_year_amount_to_fee_structures_table',2),(38,'2025_09_08_161910_create_installment_types_table',2),(39,'2025_09_09_193751_add_installment_type_id_to_student_installments_table',2),(40,'2025_09_09_195741_remove_kind_from_student_installments_table',2),(41,'2025_09_09_200403_add_bank_fields_to_student_payments_table',2),(42,'2025_09_09_202455_add_refunded_status_to_student_installments',2),(43,'2025_09_09_202635_add_type_to_student_payments',2),(44,'2025_09_09_210908_add_balance_to_users_table',2),(45,'2025_09_09_232408_add_employee_id_to_transactions_table',2),(46,'2025_09_09_233352_create_employee_advances_table',2),(47,'2025_09_09_233410_add_advance_id_to_transactions_table',2),(48,'2025_09_09_235745_create_user_transactions_table',2),(49,'2025_09_10_003520_add_columns_to_payroll_items_table',2),(50,'2025_09_11_223557_add_student_payment_id_to_transactions_table',3),(52,'2025_09_28_103508_add_payment_method_to_transactions_table',4),(53,'2025_10_07_134322_add_status_to_employee_advances_table',5),(54,'2025_10_07_135156_update_employee_advances_status_column',6),(55,'2025_10_07_141604_add_status_to_employee_advances_table',7),(56,'2025_11_04_094922_add_national_id_and_nationality_to_students_table',7),(57,'2025_11_04_125937_add_registration_number_to_students_table',8);
/*!40000 ALTER TABLE `migrations` ENABLE KEYS */;
UNLOCK TABLES;

--
-- Table structure for table `model_has_permissions`
--

DROP TABLE IF EXISTS `model_has_permissions`;
/*!40101 SET @saved_cs_client     = @@character_set_client */;
/*!50503 SET character_set_client = utf8mb4 */;
CREATE TABLE `model_has_permissions` (
  `permission_id` bigint(20) unsigned NOT NULL,
  `model_type` varchar(255) NOT NULL,
  `model_id` bigint(20) unsigned NOT NULL,
  PRIMARY KEY (`permission_id`,`model_id`,`model_type`),
  KEY `model_has_permissions_model_id_model_type_index` (`model_id`,`model_type`),
  CONSTRAINT `model_has_permissions_permission_id_foreign` FOREIGN KEY (`permission_id`) REFERENCES `permissions` (`id`) ON DELETE CASCADE
) ENGINE=InnoDB DEFAULT CHARSET=utf8mb4 COLLATE=utf8mb4_unicode_ci;
/*!40101 SET character_set_client = @saved_cs_client */;

--
-- Dumping data for table `model_has_permissions`
--

LOCK TABLES `model_has_permissions` WRITE;
/*!40000 ALTER TABLE `model_has_permissions` DISABLE KEYS */;
INSERT INTO `model_has_permissions` VALUES (1,'App\\Models\\User',1),(1,'App\\Models\\User',2),(1,'App\\Models\\User',3),(1,'App\\Models\\User',4),(1,'App\\Models\\User',5),(1,'App\\Models\\User',56),(2,'App\\Models\\User',1),(2,'App\\Models\\User',2),(3,'App\\Models\\User',1),(3,'App\\Models\\User',2),(3,'App\\Models\\User',3),(3,'App\\Models\\User',4),(4,'App\\Models\\User',1),(4,'App\\Models\\User',3),(4,'App\\Models\\User',5),(5,'App\\Models\\User',1),(6,'App\\Models\\User',1),(6,'App\\Models\\User',3),(7,'App\\Models\\User',1),(7,'App\\Models\\User',3),(8,'App\\Models\\User',1),(8,'App\\Models\\User',3),(9,'App\\Models\\User',1),(9,'App\\Models\\User',3),(10,'App\\Models\\User',1),(10,'App\\Models\\User',3);
/*!40000 ALTER TABLE `model_has_permissions` ENABLE KEYS */;
UNLOCK TABLES;

--
-- Table structure for table `model_has_roles`
--

DROP TABLE IF EXISTS `model_has_roles`;
/*!40101 SET @saved_cs_client     = @@character_set_client */;
/*!50503 SET character_set_client = utf8mb4 */;
CREATE TABLE `model_has_roles` (
  `role_id` bigint(20) unsigned NOT NULL,
  `model_type` varchar(255) NOT NULL,
  `model_id` bigint(20) unsigned NOT NULL,
  PRIMARY KEY (`role_id`,`model_id`,`model_type`),
  KEY `model_has_roles_model_id_model_type_index` (`model_id`,`model_type`),
  CONSTRAINT `model_has_roles_role_id_foreign` FOREIGN KEY (`role_id`) REFERENCES `roles` (`id`) ON DELETE CASCADE
) ENGINE=InnoDB DEFAULT CHARSET=utf8mb4 COLLATE=utf8mb4_unicode_ci;
/*!40101 SET character_set_client = @saved_cs_client */;

--
-- Dumping data for table `model_has_roles`
--

LOCK TABLES `model_has_roles` WRITE;
/*!40000 ALTER TABLE `model_has_roles` DISABLE KEYS */;
INSERT INTO `model_has_roles` VALUES (1,'App\\Models\\User',1),(1,'App\\Models\\User',2),(1,'App\\Models\\User',3),(1,'App\\Models\\User',4),(1,'App\\Models\\User',5),(1,'App\\Models\\User',56),(1,'App\\Models\\User',57),(2,'App\\Models\\User',1),(2,'App\\Models\\User',3),(2,'App\\Models\\User',5),(3,'App\\Models\\User',7),(3,'App\\Models\\User',8),(3,'App\\Models\\User',9),(3,'App\\Models\\User',10),(3,'App\\Models\\User',11),(3,'App\\Models\\User',12),(3,'App\\Models\\User',13),(3,'App\\Models\\User',14),(3,'App\\Models\\User',15),(3,'App\\Models\\User',16),(3,'App\\Models\\User',17),(3,'App\\Models\\User',18),(3,'App\\Models\\User',19),(3,'App\\Models\\User',20),(3,'App\\Models\\User',21),(3,'App\\Models\\User',22),(3,'App\\Models\\User',23),(3,'App\\Models\\User',24),(3,'App\\Models\\User',25),(3,'App\\Models\\User',26),(3,'App\\Models\\User',27),(3,'App\\Models\\User',28),(3,'App\\Models\\User',29),(3,'App\\Models\\User',30),(3,'App\\Models\\User',31),(3,'App\\Models\\User',32),(3,'App\\Models\\User',33),(3,'App\\Models\\User',34),(3,'App\\Models\\User',35),(3,'App\\Models\\User',36),(3,'App\\Models\\User',37),(3,'App\\Models\\User',38),(3,'App\\Models\\User',39),(3,'App\\Models\\User',40),(3,'App\\Models\\User',41),(3,'App\\Models\\User',42),(3,'App\\Models\\User',43),(3,'App\\Models\\User',44),(3,'App\\Models\\User',45),(3,'App\\Models\\User',46),(3,'App\\Models\\User',47),(3,'App\\Models\\User',48),(3,'App\\Models\\User',49),(3,'App\\Models\\User',50),(3,'App\\Models\\User',51),(3,'App\\Models\\User',52),(3,'App\\Models\\User',53),(3,'App\\Models\\User',54),(3,'App\\Models\\User',55),(3,'App\\Models\\User',58),(4,'App\\Models\\User',1),(4,'App\\Models\\User',6);
/*!40000 ALTER TABLE `model_has_roles` ENABLE KEYS */;
UNLOCK TABLES;

--
-- Table structure for table `payroll_items`
--

DROP TABLE IF EXISTS `payroll_items`;
/*!40101 SET @saved_cs_client     = @@character_set_client */;
/*!50503 SET character_set_client = utf8mb4 */;
CREATE TABLE `payroll_items` (
  `id` bigint(20) unsigned NOT NULL AUTO_INCREMENT,
  `payroll_id` bigint(20) unsigned NOT NULL,
  `user_id` bigint(20) unsigned NOT NULL,
  `base_salary` decimal(15,2) NOT NULL DEFAULT 0.00,
  `bonus` decimal(15,2) NOT NULL DEFAULT 0.00,
  `deduction` decimal(15,2) NOT NULL DEFAULT 0.00,
  `advance_deduction` decimal(10,2) NOT NULL DEFAULT 0.00,
  `net_amount` decimal(15,2) NOT NULL DEFAULT 0.00,
  `final_amount` decimal(10,2) NOT NULL,
  `notes` varchar(255) DEFAULT NULL,
  `created_at` timestamp NULL DEFAULT NULL,
  `updated_at` timestamp NULL DEFAULT NULL,
  PRIMARY KEY (`id`),
  KEY `payroll_items_payroll_id_foreign` (`payroll_id`),
  KEY `payroll_items_user_id_foreign` (`user_id`),
  CONSTRAINT `payroll_items_payroll_id_foreign` FOREIGN KEY (`payroll_id`) REFERENCES `payrolls` (`id`) ON DELETE CASCADE,
  CONSTRAINT `payroll_items_user_id_foreign` FOREIGN KEY (`user_id`) REFERENCES `users` (`id`)
) ENGINE=InnoDB AUTO_INCREMENT=25 DEFAULT CHARSET=utf8mb4 COLLATE=utf8mb4_unicode_ci;
/*!40101 SET character_set_client = @saved_cs_client */;

--
-- Dumping data for table `payroll_items`
--

LOCK TABLES `payroll_items` WRITE;
/*!40000 ALTER TABLE `payroll_items` DISABLE KEYS */;
INSERT INTO `payroll_items` VALUES (1,1,1,0.00,0.00,0.00,0.00,0.00,0.00,'','2025-09-18 10:43:45','2025-09-18 10:43:45'),(2,1,2,500.00,0.00,100.00,0.00,400.00,0.00,'من 14/8 الي 14/9','2025-09-18 10:43:45','2025-09-18 10:43:45'),(3,1,3,0.00,0.00,0.00,0.00,0.00,0.00,'','2025-09-18 10:43:45','2025-09-18 10:43:45'),(4,1,4,0.00,0.00,0.00,0.00,0.00,0.00,'','2025-09-18 10:43:45','2025-09-18 10:43:45'),(5,1,5,800.00,0.00,200.00,0.00,600.00,0.00,'عجز','2025-09-18 10:43:45','2025-09-18 10:43:45'),(6,1,56,0.00,0.00,0.00,0.00,0.00,0.00,'','2025-09-18 10:43:45','2025-09-18 10:43:45'),(7,1,57,0.00,0.00,0.00,0.00,0.00,0.00,'','2025-09-18 10:43:45','2025-09-18 10:43:45'),(8,1,6,0.00,0.00,0.00,0.00,0.00,0.00,'','2025-09-18 10:43:45','2025-09-18 10:43:45'),(9,2,1,800.00,0.00,0.00,0.00,800.00,0.00,'','2025-09-19 17:08:46','2025-09-19 17:08:46'),(10,2,2,0.00,0.00,0.00,0.00,0.00,0.00,'','2025-09-19 17:08:46','2025-09-19 17:08:46'),(11,2,3,0.00,0.00,0.00,0.00,0.00,0.00,'','2025-09-19 17:08:46','2025-09-19 17:08:46'),(12,2,4,0.00,0.00,0.00,0.00,0.00,0.00,'','2025-09-19 17:08:46','2025-09-19 17:08:46'),(13,2,5,0.00,0.00,0.00,0.00,0.00,0.00,'','2025-09-19 17:08:46','2025-09-19 17:08:46'),(14,2,6,0.00,0.00,0.00,0.00,0.00,0.00,'','2025-09-19 17:08:46','2025-09-19 17:08:46'),(15,2,56,0.00,0.00,0.00,0.00,0.00,0.00,'','2025-09-19 17:08:46','2025-09-19 17:08:46'),(16,2,57,0.00,0.00,0.00,0.00,0.00,0.00,'','2025-09-19 17:08:46','2025-09-19 17:08:46'),(17,3,1,1000.00,0.00,0.00,20.00,1000.00,980.00,'','2025-10-07 12:02:51','2025-10-07 12:02:51'),(18,3,2,400.00,0.00,0.00,0.00,400.00,400.00,'','2025-10-07 12:02:51','2025-10-07 12:02:51'),(19,3,3,800.00,0.00,0.00,20.00,800.00,780.00,'','2025-10-07 12:02:51','2025-10-07 12:02:51'),(20,3,4,800.00,0.00,0.00,0.00,800.00,800.00,'','2025-10-07 12:02:51','2025-10-07 12:02:51'),(21,3,5,800.00,0.00,0.00,0.00,800.00,800.00,'','2025-10-07 12:02:51','2025-10-07 12:02:51'),(22,3,6,0.00,0.00,0.00,0.00,0.00,0.00,'','2025-10-07 12:02:51','2025-10-07 12:02:51'),(23,3,56,1500.00,0.00,0.00,0.00,1500.00,1500.00,'','2025-10-07 12:02:51','2025-10-07 12:02:51'),(24,3,57,1500.00,0.00,0.00,0.00,1500.00,1500.00,'','2025-10-07 12:02:51','2025-10-07 12:02:51');
/*!40000 ALTER TABLE `payroll_items` ENABLE KEYS */;
UNLOCK TABLES;

--
-- Table structure for table `payrolls`
--

DROP TABLE IF EXISTS `payrolls`;
/*!40101 SET @saved_cs_client     = @@character_set_client */;
/*!50503 SET character_set_client = utf8mb4 */;
CREATE TABLE `payrolls` (
  `id` bigint(20) unsigned NOT NULL AUTO_INCREMENT,
  `month` varchar(255) NOT NULL,
  `total_amount` decimal(15,2) NOT NULL DEFAULT 0.00,
  `created_by` bigint(20) unsigned NOT NULL,
  `created_at` timestamp NULL DEFAULT NULL,
  `updated_at` timestamp NULL DEFAULT NULL,
  PRIMARY KEY (`id`),
  KEY `payrolls_created_by_foreign` (`created_by`),
  CONSTRAINT `payrolls_created_by_foreign` FOREIGN KEY (`created_by`) REFERENCES `users` (`id`)
) ENGINE=InnoDB AUTO_INCREMENT=4 DEFAULT CHARSET=utf8mb4 COLLATE=utf8mb4_unicode_ci;
/*!40101 SET character_set_client = @saved_cs_client */;

--
-- Dumping data for table `payrolls`
--

LOCK TABLES `payrolls` WRITE;
/*!40000 ALTER TABLE `payrolls` DISABLE KEYS */;
INSERT INTO `payrolls` VALUES (1,'2025-09',1000.00,1,'2025-09-18 10:43:45','2025-09-18 10:43:45'),(2,'2025-10',800.00,1,'2025-09-19 17:08:46','2025-09-19 17:08:46'),(3,'2025-10',6800.00,1,'2025-10-07 12:02:51','2025-10-07 12:02:51');
/*!40000 ALTER TABLE `payrolls` ENABLE KEYS */;
UNLOCK TABLES;

--
-- Table structure for table `permissions`
--

DROP TABLE IF EXISTS `permissions`;
/*!40101 SET @saved_cs_client     = @@character_set_client */;
/*!50503 SET character_set_client = utf8mb4 */;
CREATE TABLE `permissions` (
  `id` bigint(20) unsigned NOT NULL AUTO_INCREMENT,
  `name` varchar(255) NOT NULL,
  `display_name` varchar(255) DEFAULT NULL COMMENT 'اسم العرض للصلاحية',
  `name_ar` varchar(255) DEFAULT NULL,
  `guard_name` varchar(255) NOT NULL,
  `created_at` timestamp NULL DEFAULT NULL,
  `updated_at` timestamp NULL DEFAULT NULL,
  PRIMARY KEY (`id`),
  UNIQUE KEY `permissions_name_guard_name_unique` (`name`,`guard_name`)
) ENGINE=InnoDB AUTO_INCREMENT=11 DEFAULT CHARSET=utf8mb4 COLLATE=utf8mb4_unicode_ci;
/*!40101 SET character_set_client = @saved_cs_client */;

--
-- Dumping data for table `permissions`
--

LOCK TABLES `permissions` WRITE;
/*!40000 ALTER TABLE `permissions` DISABLE KEYS */;
INSERT INTO `permissions` VALUES (1,'manage_students','ادارة الطلاب',NULL,'web','2025-09-07 08:04:29','2025-09-07 08:04:29'),(2,'manage_settings','الاعدادات',NULL,'web','2025-09-07 08:04:29','2025-09-07 08:04:29'),(3,'manage_users','المستخدمين',NULL,'web','2025-09-07 08:04:29','2025-09-07 08:04:29'),(4,'student_installments','اقساط الطلاب',NULL,'web','2025-09-07 08:04:29','2025-09-07 08:04:29'),(5,'teacher_settlements','تسوية معلمين',NULL,'web','2025-09-07 08:04:29','2025-09-07 08:04:29'),(6,'salaries','الرواتب',NULL,'web','2025-09-07 08:04:29','2025-09-07 08:04:29'),(7,'manage_financial_vaults','ادارة الخزائن المالية',NULL,'web','2025-09-07 08:04:29','2025-09-07 08:04:29'),(8,'financial_transactions','المعاملات المالية',NULL,'web','2025-09-07 08:04:29','2025-09-07 08:04:29'),(9,'vault_transfers','التحويلات بين الخزائن',NULL,'web','2025-09-07 08:04:29','2025-09-07 08:04:29'),(10,'financial_reports','تقارير مالية',NULL,'web','2025-09-07 08:04:29','2025-09-07 08:04:29');
/*!40000 ALTER TABLE `permissions` ENABLE KEYS */;
UNLOCK TABLES;

--
-- Table structure for table `role_has_permissions`
--

DROP TABLE IF EXISTS `role_has_permissions`;
/*!40101 SET @saved_cs_client     = @@character_set_client */;
/*!50503 SET character_set_client = utf8mb4 */;
CREATE TABLE `role_has_permissions` (
  `permission_id` bigint(20) unsigned NOT NULL,
  `role_id` bigint(20) unsigned NOT NULL,
  PRIMARY KEY (`permission_id`,`role_id`),
  KEY `role_has_permissions_role_id_foreign` (`role_id`),
  CONSTRAINT `role_has_permissions_permission_id_foreign` FOREIGN KEY (`permission_id`) REFERENCES `permissions` (`id`) ON DELETE CASCADE,
  CONSTRAINT `role_has_permissions_role_id_foreign` FOREIGN KEY (`role_id`) REFERENCES `roles` (`id`) ON DELETE CASCADE
) ENGINE=InnoDB DEFAULT CHARSET=utf8mb4 COLLATE=utf8mb4_unicode_ci;
/*!40101 SET character_set_client = @saved_cs_client */;

--
-- Dumping data for table `role_has_permissions`
--

LOCK TABLES `role_has_permissions` WRITE;
/*!40000 ALTER TABLE `role_has_permissions` DISABLE KEYS */;
INSERT INTO `role_has_permissions` VALUES (1,1),(2,1),(3,1),(4,2),(5,2),(6,2),(7,2),(8,2),(9,2),(10,2);
/*!40000 ALTER TABLE `role_has_permissions` ENABLE KEYS */;
UNLOCK TABLES;

--
-- Table structure for table `roles`
--

DROP TABLE IF EXISTS `roles`;
/*!40101 SET @saved_cs_client     = @@character_set_client */;
/*!50503 SET character_set_client = utf8mb4 */;
CREATE TABLE `roles` (
  `id` bigint(20) unsigned NOT NULL AUTO_INCREMENT,
  `name` varchar(255) NOT NULL,
  `display_name` varchar(255) DEFAULT NULL,
  `guard_name` varchar(255) NOT NULL,
  `created_at` timestamp NULL DEFAULT NULL,
  `updated_at` timestamp NULL DEFAULT NULL,
  PRIMARY KEY (`id`),
  UNIQUE KEY `roles_name_guard_name_unique` (`name`,`guard_name`)
) ENGINE=InnoDB AUTO_INCREMENT=5 DEFAULT CHARSET=utf8mb4 COLLATE=utf8mb4_unicode_ci;
/*!40101 SET character_set_client = @saved_cs_client */;

--
-- Dumping data for table `roles`
--

LOCK TABLES `roles` WRITE;
/*!40000 ALTER TABLE `roles` DISABLE KEYS */;
INSERT INTO `roles` VALUES (1,'admin','الادارة','web','2025-09-07 08:04:29','2025-09-07 08:04:29'),(2,'finance','المالية','web','2025-09-07 08:04:29','2025-09-07 08:04:29'),(3,'teacher','معلم','web','2025-09-07 08:04:29','2025-09-07 08:04:29'),(4,'supervisor','مشرف','web','2025-09-07 08:04:29','2025-09-07 08:04:29');
/*!40000 ALTER TABLE `roles` ENABLE KEYS */;
UNLOCK TABLES;

--
-- Table structure for table `sections`
--

DROP TABLE IF EXISTS `sections`;
/*!40101 SET @saved_cs_client     = @@character_set_client */;
/*!50503 SET character_set_client = utf8mb4 */;
CREATE TABLE `sections` (
  `id` bigint(20) unsigned NOT NULL AUTO_INCREMENT,
  `type` enum('local','international') NOT NULL DEFAULT 'local',
  `created_at` timestamp NULL DEFAULT NULL,
  `updated_at` timestamp NULL DEFAULT NULL,
  PRIMARY KEY (`id`)
) ENGINE=InnoDB AUTO_INCREMENT=3 DEFAULT CHARSET=utf8mb4 COLLATE=utf8mb4_unicode_ci;
/*!40101 SET character_set_client = @saved_cs_client */;

--
-- Dumping data for table `sections`
--

LOCK TABLES `sections` WRITE;
/*!40000 ALTER TABLE `sections` DISABLE KEYS */;
INSERT INTO `sections` VALUES (1,'local','2025-09-07 08:38:27','2025-09-07 08:38:27'),(2,'international','2025-09-07 08:38:27','2025-09-07 08:38:27');
/*!40000 ALTER TABLE `sections` ENABLE KEYS */;
UNLOCK TABLES;

--
-- Table structure for table `stages`
--

DROP TABLE IF EXISTS `stages`;
/*!40101 SET @saved_cs_client     = @@character_set_client */;
/*!50503 SET character_set_client = utf8mb4 */;
CREATE TABLE `stages` (
  `id` bigint(20) unsigned NOT NULL AUTO_INCREMENT,
  `section_id` bigint(20) unsigned DEFAULT NULL,
  `name` varchar(255) NOT NULL,
  `section` enum('local','international') NOT NULL DEFAULT 'local',
  `created_at` timestamp NULL DEFAULT NULL,
  `updated_at` timestamp NULL DEFAULT NULL,
  PRIMARY KEY (`id`),
  UNIQUE KEY `stages_name_unique` (`name`),
  KEY `stages_section_id_index` (`section_id`),
  KEY `stages_section_index` (`section`),
  CONSTRAINT `stages_section_id_foreign` FOREIGN KEY (`section_id`) REFERENCES `sections` (`id`) ON DELETE CASCADE
) ENGINE=InnoDB AUTO_INCREMENT=19 DEFAULT CHARSET=utf8mb4 COLLATE=utf8mb4_unicode_ci;
/*!40101 SET character_set_client = @saved_cs_client */;

--
-- Dumping data for table `stages`
--

LOCK TABLES `stages` WRITE;
/*!40000 ALTER TABLE `stages` DISABLE KEYS */;
INSERT INTO `stages` VALUES (7,1,'الروضة','local','2025-09-07 08:58:05','2025-09-07 08:58:05'),(8,1,'الابتدائي','local','2025-09-07 08:58:05','2025-09-07 08:58:05'),(9,1,'الاعدادي','local','2025-09-07 08:58:05','2025-09-07 08:58:05'),(10,2,'pre-school','international','2025-09-07 17:35:56','2025-09-07 17:35:56'),(17,2,'Primary','international','2025-09-07 17:57:01','2025-09-07 17:57:01'),(18,1,'الثانوي','local','2025-11-03 17:06:22','2025-11-03 17:06:22');
/*!40000 ALTER TABLE `stages` ENABLE KEYS */;
UNLOCK TABLES;

--
-- Table structure for table `student_enrollments`
--

DROP TABLE IF EXISTS `student_enrollments`;
/*!40101 SET @saved_cs_client     = @@character_set_client */;
/*!50503 SET character_set_client = utf8mb4 */;
CREATE TABLE `student_enrollments` (
  `id` bigint(20) unsigned NOT NULL AUTO_INCREMENT,
  `student_id` bigint(20) unsigned NOT NULL,
  `academic_year_id` bigint(20) unsigned NOT NULL,
  `stage_id` bigint(20) unsigned DEFAULT NULL,
  `grade_id` bigint(20) unsigned DEFAULT NULL,
  `classroom_id` bigint(20) unsigned DEFAULT NULL,
  `billing_cycle` enum('year','semester') NOT NULL DEFAULT 'year',
  `created_at` timestamp NULL DEFAULT NULL,
  `updated_at` timestamp NULL DEFAULT NULL,
  PRIMARY KEY (`id`),
  UNIQUE KEY `uniq_student_year` (`student_id`,`academic_year_id`),
  KEY `student_enrollments_academic_year_id_foreign` (`academic_year_id`),
  KEY `student_enrollments_stage_id_foreign` (`stage_id`),
  KEY `student_enrollments_grade_id_foreign` (`grade_id`),
  KEY `student_enrollments_classroom_id_foreign` (`classroom_id`),
  CONSTRAINT `student_enrollments_academic_year_id_foreign` FOREIGN KEY (`academic_year_id`) REFERENCES `academic_years` (`id`) ON DELETE CASCADE,
  CONSTRAINT `student_enrollments_classroom_id_foreign` FOREIGN KEY (`classroom_id`) REFERENCES `classrooms` (`id`) ON DELETE SET NULL,
  CONSTRAINT `student_enrollments_grade_id_foreign` FOREIGN KEY (`grade_id`) REFERENCES `grades` (`id`) ON DELETE SET NULL,
  CONSTRAINT `student_enrollments_stage_id_foreign` FOREIGN KEY (`stage_id`) REFERENCES `stages` (`id`) ON DELETE SET NULL,
  CONSTRAINT `student_enrollments_student_id_foreign` FOREIGN KEY (`student_id`) REFERENCES `students` (`id`) ON DELETE CASCADE
) ENGINE=InnoDB AUTO_INCREMENT=500 DEFAULT CHARSET=utf8mb4 COLLATE=utf8mb4_unicode_ci;
/*!40101 SET character_set_client = @saved_cs_client */;

--
-- Dumping data for table `student_enrollments`
--

LOCK TABLES `student_enrollments` WRITE;
/*!40000 ALTER TABLE `student_enrollments` DISABLE KEYS */;
INSERT INTO `student_enrollments` VALUES (1,1,1,8,9,2,'year','2025-09-07 09:08:47','2025-09-07 09:08:47'),(2,2,1,8,9,2,'year','2025-09-07 09:12:10','2025-09-07 09:12:10'),(3,3,1,8,9,2,'year','2025-09-07 09:14:46','2025-09-07 09:14:46'),(4,4,1,8,9,2,'year','2025-09-07 09:18:04','2025-09-07 09:18:04'),(5,5,1,8,9,2,'year','2025-09-07 09:22:06','2025-09-07 09:22:06'),(6,6,1,8,9,2,'year','2025-09-07 09:24:28','2025-09-07 09:24:28'),(7,7,1,8,9,2,'year','2025-09-07 09:29:35','2025-09-07 09:29:35'),(8,8,1,8,9,2,'year','2025-09-07 09:35:18','2025-09-07 09:35:18'),(9,9,1,8,9,2,'year','2025-09-07 09:38:49','2025-09-07 09:38:49'),(10,10,1,8,9,2,'year','2025-09-07 09:43:25','2025-09-07 09:43:25'),(11,11,1,8,9,2,'year','2025-09-07 09:46:20','2025-09-07 09:46:20'),(12,12,1,8,9,2,'year','2025-09-07 09:49:01','2025-09-07 09:49:01'),(13,13,1,8,13,3,'year','2025-09-07 09:49:40','2025-09-07 09:49:40'),(14,14,1,8,9,2,'year','2025-09-07 09:50:52','2025-09-07 09:50:52'),(15,15,1,8,9,2,'year','2025-09-07 09:52:19','2025-09-07 09:52:19'),(16,16,1,8,13,3,'year','2025-09-07 09:53:42','2025-09-07 09:53:42'),(17,17,1,8,9,2,'year','2025-09-07 09:54:50','2025-09-07 09:54:50'),(18,18,1,8,13,3,'year','2025-09-07 09:56:40','2025-09-07 09:56:40'),(19,19,1,8,9,2,'year','2025-09-07 09:58:50','2025-09-07 09:58:50'),(20,20,1,8,13,3,'year','2025-09-07 09:59:04','2025-09-07 09:59:04'),(21,21,1,8,9,2,'year','2025-09-07 10:01:03','2025-09-07 10:01:03'),(22,22,1,8,13,3,'year','2025-09-07 10:01:56','2025-09-07 10:01:56'),(23,23,1,8,9,2,'year','2025-09-07 10:02:48','2025-09-07 10:02:48'),(24,24,1,8,13,3,'year','2025-09-07 10:04:15','2025-09-07 10:04:15'),(25,25,1,8,9,2,'year','2025-09-07 10:04:50','2025-09-07 10:04:50'),(26,26,1,8,13,3,'year','2025-09-07 10:06:36','2025-09-07 10:06:36'),(27,27,1,8,9,2,'year','2025-09-07 10:07:10','2025-09-07 10:07:10'),(28,28,1,8,13,3,'year','2025-09-07 10:09:14','2025-09-07 10:09:14'),(29,29,1,8,9,2,'year','2025-09-07 10:09:25','2025-09-07 10:09:25'),(30,30,1,8,9,2,'year','2025-09-07 10:11:10','2025-09-07 10:11:10'),(31,31,1,8,13,3,'year','2025-09-07 10:11:13','2025-09-07 10:11:13'),(32,32,1,8,9,2,'year','2025-09-07 10:12:50','2025-09-07 10:12:50'),(33,33,1,8,9,2,'year','2025-09-07 10:14:22','2025-09-07 10:14:22'),(34,34,1,17,34,28,'year','2025-09-07 18:18:43','2025-09-07 18:18:43'),(35,35,1,17,32,26,'semester','2025-09-07 18:23:03','2025-09-07 18:23:03'),(36,36,1,8,12,1,'year','2025-09-08 06:18:10','2025-09-08 06:18:10'),(37,37,1,8,12,6,'year','2025-09-08 06:23:36','2025-09-08 06:23:36'),(38,38,1,8,12,6,'year','2025-09-08 06:26:55','2025-09-08 06:26:55'),(39,39,1,8,12,6,'year','2025-09-08 06:29:31','2025-09-08 06:29:31'),(40,40,1,8,12,1,'year','2025-09-08 06:31:33','2025-09-08 06:31:33'),(41,41,1,8,12,6,'year','2025-09-08 06:35:35','2025-09-08 06:35:35'),(42,42,1,8,12,6,'year','2025-09-08 06:39:13','2025-09-08 06:39:13'),(43,43,1,8,12,1,'year','2025-09-08 06:45:51','2025-09-08 06:45:51'),(44,44,1,8,12,6,'year','2025-09-08 06:49:01','2025-09-08 06:49:01'),(45,45,1,8,12,6,'year','2025-09-08 06:52:26','2025-09-08 06:52:26'),(46,46,1,8,12,1,'year','2025-09-08 06:55:44','2025-09-08 06:55:44'),(47,47,1,8,12,6,'year','2025-09-08 06:58:17','2025-09-08 06:58:17'),(48,48,1,8,13,3,'year','2025-09-08 06:59:51','2025-09-08 06:59:51'),(49,49,1,8,13,3,'year','2025-09-08 07:02:22','2025-09-08 07:02:22'),(50,50,1,8,12,1,'year','2025-09-08 07:02:28','2025-09-08 07:02:28'),(52,52,1,8,13,3,'year','2025-09-08 07:04:48','2025-09-08 07:04:48'),(53,53,1,8,13,3,'year','2025-09-08 07:06:28','2025-09-08 07:06:28'),(54,54,1,8,12,1,'year','2025-09-08 07:06:41','2025-09-08 07:06:41'),(55,55,1,8,12,6,'year','2025-09-08 07:10:33','2025-09-08 07:10:33'),(56,56,1,8,13,3,'year','2025-09-08 07:11:56','2025-09-08 07:11:56'),(57,57,1,8,12,6,'year','2025-09-08 07:15:43','2025-09-08 07:15:43'),(58,58,1,8,13,3,'year','2025-09-08 07:17:53','2025-09-08 07:17:53'),(59,59,1,8,12,1,'year','2025-09-08 07:18:44','2025-09-08 07:18:44'),(60,60,1,8,13,3,'year','2025-09-08 07:19:52','2025-09-08 07:19:52'),(61,61,1,8,12,1,'year','2025-09-08 07:21:59','2025-09-08 07:21:59'),(62,62,1,8,13,3,'year','2025-09-08 07:22:06','2025-09-08 07:22:06'),(63,63,1,8,13,3,'year','2025-09-08 07:24:15','2025-09-08 07:24:15'),(64,64,1,8,13,3,'year','2025-09-08 07:33:24','2025-09-08 07:33:24'),(65,65,1,8,13,3,'year','2025-09-08 08:04:25','2025-09-08 08:04:25'),(66,66,1,8,13,3,'year','2025-09-08 08:07:28','2025-09-08 08:07:28'),(67,67,1,8,12,1,'year','2025-09-08 08:43:50','2025-09-08 08:43:50'),(68,68,1,8,11,7,'year','2025-09-08 08:47:15','2025-09-08 08:47:15'),(69,69,1,8,11,7,'year','2025-09-08 08:50:24','2025-09-08 08:50:24'),(70,70,1,8,11,7,'year','2025-09-08 08:52:28','2025-09-08 08:52:28'),(71,71,1,8,12,1,'year','2025-09-08 08:53:37','2025-09-08 08:53:37'),(72,72,1,8,12,1,'year','2025-09-08 08:58:24','2025-09-08 08:58:24'),(73,73,1,8,12,1,'year','2025-09-08 09:00:44','2025-09-08 09:00:44'),(74,74,1,8,11,7,'year','2025-09-08 09:02:25','2025-09-08 09:02:25'),(75,75,1,8,12,1,'year','2025-09-08 09:03:12','2025-09-08 09:03:12'),(76,76,1,8,11,7,'year','2025-09-08 09:04:42','2025-09-08 09:04:42'),(77,77,1,8,12,6,'year','2025-09-08 09:04:57','2025-09-08 09:04:57'),(78,78,1,8,12,1,'year','2025-09-08 09:06:45','2025-09-08 09:06:45'),(79,79,1,8,11,7,'year','2025-09-08 09:07:58','2025-09-08 09:07:58'),(80,80,1,8,12,6,'year','2025-09-08 09:12:15','2025-09-08 09:12:15'),(81,81,1,8,12,1,'year','2025-09-08 09:13:50','2025-09-08 09:13:50'),(82,82,1,8,11,7,'year','2025-09-08 09:14:28','2025-09-08 09:14:28'),(83,83,1,8,12,6,'year','2025-09-08 09:15:40','2025-09-08 09:15:40'),(84,84,1,8,11,7,'year','2025-09-08 09:17:31','2025-09-08 09:17:31'),(85,85,1,8,12,6,'year','2025-09-08 09:18:33','2025-09-08 09:18:33'),(86,86,1,8,11,7,'year','2025-09-08 09:20:10','2025-09-08 09:20:10'),(87,87,1,8,12,1,'year','2025-09-08 09:21:14','2025-09-08 09:21:14'),(88,88,1,8,11,7,'year','2025-09-08 09:23:12','2025-09-08 09:23:12'),(89,89,1,8,12,1,'year','2025-09-08 09:23:18','2025-09-08 09:23:18'),(90,90,1,8,11,7,'year','2025-09-08 09:25:40','2025-09-08 09:25:40'),(91,91,1,8,11,7,'year','2025-09-08 09:28:08','2025-09-08 09:28:08'),(92,92,1,8,11,7,'year','2025-09-08 09:29:52','2025-09-08 09:29:52'),(93,93,1,8,11,7,'year','2025-09-08 09:32:09','2025-09-08 09:32:09'),(94,94,1,8,11,7,'year','2025-09-08 09:34:42','2025-09-08 09:34:42'),(95,95,1,8,12,1,'year','2025-09-08 09:35:42','2025-09-08 09:35:42'),(96,96,1,8,11,7,'year','2025-09-08 09:36:46','2025-09-08 09:36:46'),(97,97,1,8,12,1,'year','2025-09-08 09:39:34','2025-09-08 09:39:34'),(98,98,1,8,11,7,'year','2025-09-08 09:39:34','2025-09-08 09:39:34'),(99,99,1,8,11,7,'year','2025-09-08 09:41:36','2025-09-08 09:41:36'),(100,100,1,8,12,6,'year','2025-09-08 09:42:19','2025-09-08 09:42:19'),(101,101,1,8,11,7,'year','2025-09-08 09:43:22','2025-09-08 09:43:22'),(102,102,1,8,12,6,'year','2025-09-08 09:44:14','2025-09-08 09:44:14'),(103,103,1,8,11,7,'year','2025-09-08 09:45:37','2025-09-08 09:45:37'),(104,104,1,8,12,1,'year','2025-09-08 09:46:03','2025-09-08 09:46:03'),(105,105,1,8,11,7,'year','2025-09-08 09:47:23','2025-09-08 09:47:23'),(106,106,1,8,12,6,'year','2025-09-08 09:49:00','2025-09-08 09:49:00'),(107,107,1,8,12,6,'year','2025-09-08 09:51:32','2025-09-08 09:51:32'),(108,108,1,8,11,7,'year','2025-09-08 09:52:23','2025-09-08 09:52:23'),(109,109,1,8,11,7,'year','2025-09-08 09:54:41','2025-09-08 09:54:41'),(110,110,1,8,11,7,'year','2025-09-08 10:02:54','2025-09-08 10:02:54'),(111,111,1,8,10,5,'year','2025-09-09 07:26:13','2025-09-09 07:26:13'),(112,112,1,8,10,5,'year','2025-09-09 07:41:42','2025-09-09 07:41:42'),(113,113,1,8,11,7,'year','2025-09-09 07:44:31','2025-09-09 07:44:31'),(114,114,1,8,11,7,'year','2025-09-09 07:44:51','2025-09-09 07:44:51'),(115,115,1,8,11,7,'year','2025-09-09 07:47:03','2025-09-09 07:47:03'),(116,116,1,8,10,5,'year','2025-09-09 07:47:58','2025-09-09 07:47:58'),(117,117,1,8,11,7,'year','2025-09-09 07:50:28','2025-09-09 07:50:28'),(118,118,1,8,9,2,'year','2025-09-09 07:51:17','2025-09-09 07:51:17'),(119,119,1,8,11,7,'year','2025-09-09 07:52:30','2025-09-09 07:52:30'),(120,120,1,8,11,7,'year','2025-09-09 07:54:42','2025-09-09 07:54:42'),(121,121,1,8,10,5,'year','2025-09-09 07:55:13','2025-09-09 07:55:13'),(122,122,1,8,11,7,'year','2025-09-09 07:56:27','2025-09-09 07:56:27'),(123,123,1,8,10,5,'year','2025-09-09 07:57:42','2025-09-09 07:57:42'),(124,124,1,8,11,7,'year','2025-09-09 07:58:41','2025-09-09 07:58:41'),(125,125,1,8,10,5,'year','2025-09-09 08:00:41','2025-09-09 08:00:41'),(126,126,1,8,10,5,'year','2025-09-09 08:02:44','2025-09-09 08:02:44'),(127,127,1,8,10,5,'year','2025-09-09 08:05:26','2025-09-09 08:05:26'),(128,128,1,8,11,7,'year','2025-09-09 08:07:28','2025-09-09 08:07:28'),(129,129,1,8,11,7,'year','2025-09-09 08:09:07','2025-09-09 08:09:07'),(130,130,1,8,10,5,'year','2025-09-09 08:10:46','2025-09-09 08:10:46'),(131,131,1,9,23,18,'year','2025-09-09 08:14:00','2025-09-09 08:14:00'),(132,132,1,8,10,5,'year','2025-09-09 08:15:20','2025-09-09 08:15:20'),(133,133,1,9,23,18,'year','2025-09-09 08:16:33','2025-09-09 08:16:33'),(134,134,1,9,23,18,'year','2025-09-09 08:18:29','2025-09-09 08:18:29'),(135,135,1,8,10,5,'year','2025-09-09 08:18:54','2025-09-09 08:18:54'),(136,136,1,9,23,18,'year','2025-09-09 08:20:46','2025-09-09 08:20:46'),(137,137,1,8,10,5,'year','2025-09-09 08:20:46','2025-09-09 08:20:46'),(138,138,1,8,10,5,'year','2025-09-09 08:22:21','2025-09-09 08:22:21'),(139,139,1,9,23,18,'year','2025-09-09 08:22:36','2025-09-09 08:22:36'),(140,140,1,8,10,5,'year','2025-09-09 08:25:08','2025-09-09 08:25:08'),(141,141,1,8,10,5,'year','2025-09-09 08:27:38','2025-09-09 08:27:38'),(142,142,1,8,10,5,'year','2025-09-09 08:31:05','2025-09-09 08:31:05'),(143,143,1,8,10,5,'year','2025-09-09 08:33:01','2025-09-09 08:33:01'),(144,144,1,9,23,18,'year','2025-09-09 08:33:35','2025-09-09 08:33:35'),(145,145,1,8,10,5,'year','2025-09-09 08:34:29','2025-09-09 08:34:29'),(146,146,1,9,23,18,'year','2025-09-09 08:54:42','2025-09-09 08:54:42'),(147,147,1,8,10,5,'year','2025-09-09 08:55:09','2025-09-09 08:55:09'),(148,148,1,9,23,18,'year','2025-09-09 08:56:41','2025-09-09 08:56:41'),(149,149,1,8,10,5,'year','2025-09-09 08:56:46','2025-09-09 08:56:46'),(150,150,1,9,23,18,'year','2025-09-09 08:58:42','2025-09-09 08:58:42'),(151,151,1,8,10,5,'year','2025-09-09 08:58:42','2025-09-09 08:58:42'),(152,152,1,9,23,18,'year','2025-09-09 09:00:58','2025-09-09 09:00:58'),(153,153,1,9,21,16,'year','2025-09-09 09:01:09','2025-09-09 09:01:09'),(154,154,1,9,21,16,'year','2025-09-09 09:03:23','2025-09-09 09:03:23'),(155,155,1,9,23,18,'year','2025-09-09 09:03:29','2025-09-09 09:03:29'),(156,156,1,9,23,18,'year','2025-09-09 09:07:14','2025-09-09 09:07:14'),(157,157,1,9,21,16,'year','2025-09-09 09:08:26','2025-09-09 09:08:26'),(158,158,1,9,23,18,'year','2025-09-09 09:09:52','2025-09-09 09:09:52'),(159,159,1,9,23,18,'year','2025-09-09 09:11:30','2025-09-09 09:11:30'),(160,160,1,9,21,16,'year','2025-09-09 09:11:55','2025-09-09 09:11:55'),(161,161,1,9,23,18,'year','2025-09-09 09:13:29','2025-09-09 09:13:29'),(162,162,1,9,21,16,'year','2025-09-09 09:15:48','2025-09-09 09:15:48'),(163,163,1,9,21,16,'year','2025-09-09 09:17:44','2025-09-09 09:17:44'),(164,164,1,9,23,18,'year','2025-09-09 09:18:26','2025-09-09 09:18:26'),(165,165,1,9,23,18,'year','2025-09-09 09:20:27','2025-09-09 09:20:27'),(166,166,1,9,21,16,'year','2025-09-09 09:21:12','2025-09-09 09:21:12'),(167,167,1,9,23,18,'year','2025-09-09 09:22:20','2025-09-09 09:22:20'),(168,168,1,9,21,16,'year','2025-09-09 09:22:46','2025-09-09 09:22:46'),(169,169,1,9,23,18,'year','2025-09-09 09:24:58','2025-09-09 09:24:58'),(170,170,1,9,23,18,'year','2025-09-09 09:27:46','2025-09-09 09:27:46'),(171,171,1,9,21,16,'year','2025-09-09 09:27:47','2025-09-09 09:27:47'),(172,172,1,9,23,18,'year','2025-09-09 09:29:20','2025-09-09 09:29:20'),(173,173,1,9,21,16,'year','2025-09-09 09:29:58','2025-09-09 09:29:58'),(174,174,1,9,23,18,'year','2025-09-09 09:31:49','2025-09-09 09:31:49'),(175,175,1,9,21,16,'year','2025-09-09 09:32:15','2025-09-09 09:32:15'),(176,176,1,9,21,16,'year','2025-09-09 09:37:07','2025-09-09 09:37:07'),(177,177,1,9,22,17,'year','2025-09-09 09:38:42','2025-09-09 09:38:42'),(178,178,1,9,21,16,'year','2025-09-09 09:38:57','2025-09-09 09:38:57'),(179,179,1,9,22,17,'year','2025-09-09 09:41:21','2025-09-09 09:41:21'),(180,180,1,9,21,16,'year','2025-09-09 09:41:27','2025-09-09 09:41:27'),(181,181,1,9,21,16,'year','2025-09-09 09:45:02','2025-09-09 09:45:02'),(182,182,1,9,22,17,'year','2025-09-09 09:45:07','2025-09-09 09:45:07'),(183,183,1,9,21,16,'year','2025-09-09 09:47:29','2025-09-09 09:47:29'),(185,185,1,9,22,17,'year','2025-09-09 09:50:20','2025-09-09 09:50:20'),(186,186,1,9,21,16,'year','2025-09-09 09:50:45','2025-09-09 09:50:45'),(187,187,1,9,22,17,'year','2025-09-09 09:52:23','2025-09-09 09:52:23'),(188,188,1,9,21,16,'year','2025-09-09 09:52:41','2025-09-09 09:52:41'),(189,189,1,9,22,17,'year','2025-09-09 09:54:51','2025-09-09 09:54:51'),(190,190,1,9,21,16,'year','2025-09-09 09:55:54','2025-09-09 09:55:54'),(191,191,1,9,22,17,'year','2025-09-09 09:57:05','2025-09-09 09:57:05'),(192,192,1,9,21,16,'year','2025-09-09 09:57:58','2025-09-09 09:57:58'),(193,193,1,9,22,17,'year','2025-09-09 09:58:50','2025-09-09 09:58:50'),(194,194,1,9,22,17,'year','2025-09-09 15:42:22','2025-09-09 15:42:22'),(195,195,1,9,22,17,'year','2025-09-09 15:47:20','2025-09-09 15:47:20'),(196,196,1,9,22,17,'year','2025-09-09 15:54:13','2025-09-09 15:54:13'),(197,197,1,9,22,17,'year','2025-09-09 15:56:41','2025-09-09 15:56:41'),(198,198,1,9,22,17,'year','2025-09-09 15:59:08','2025-09-09 15:59:08'),(199,199,1,9,22,17,'year','2025-09-09 16:01:32','2025-09-09 16:01:32'),(200,200,1,9,22,17,'year','2025-09-09 16:04:38','2025-09-09 16:04:38'),(201,201,1,9,22,17,'year','2025-09-09 16:07:05','2025-09-09 16:07:05'),(202,202,1,9,22,17,'year','2025-09-09 16:10:10','2025-09-09 16:10:10'),(203,203,1,9,22,17,'year','2025-09-09 16:12:46','2025-09-09 16:12:46'),(204,204,1,9,22,17,'year','2025-09-09 16:14:59','2025-09-09 16:14:59'),(205,205,1,9,22,17,'year','2025-09-09 16:16:55','2025-09-09 16:16:55'),(206,206,1,9,22,17,'year','2025-09-09 16:19:40','2025-09-09 16:19:40'),(207,207,1,9,22,17,'year','2025-09-09 16:22:02','2025-09-09 16:22:02'),(208,208,1,8,11,7,'year','2025-09-09 18:55:37','2025-09-09 18:55:37'),(209,209,1,9,23,18,'year','2025-09-09 18:57:43','2025-09-09 18:57:43'),(210,210,1,7,14,8,'year','2025-09-09 19:00:17','2025-09-09 19:00:17'),(211,211,1,8,8,4,'year','2025-09-09 19:02:32','2025-09-09 19:02:32'),(212,212,1,8,9,2,'year','2025-09-09 19:04:41','2025-09-09 19:04:41'),(213,213,1,9,21,16,'year','2025-09-09 19:06:30','2025-09-09 19:06:30'),(214,214,1,7,14,8,'year','2025-09-09 19:08:55','2025-09-09 19:08:55'),(215,215,1,8,8,4,'year','2025-09-09 19:11:35','2025-09-09 19:11:35'),(216,216,1,7,14,8,'year','2025-09-09 19:13:49','2025-09-09 19:13:49'),(217,217,1,7,14,8,'year','2025-09-09 19:16:32','2025-09-09 19:16:32'),(218,218,1,7,14,8,'year','2025-09-09 19:19:01','2025-09-09 19:19:01'),(219,219,1,7,14,8,'year','2025-09-09 19:21:51','2025-09-09 19:21:51'),(220,220,1,7,14,8,'year','2025-09-09 19:24:42','2025-09-09 19:24:42'),(221,221,1,7,14,8,'year','2025-09-09 19:27:12','2025-09-09 19:27:12'),(222,222,1,8,11,7,'year','2025-09-10 06:05:54','2025-09-10 06:05:54'),(223,223,1,7,14,8,'year','2025-09-10 06:10:39','2025-09-10 06:10:39'),(224,224,1,7,14,8,'year','2025-09-10 06:13:10','2025-09-10 06:13:10'),(225,225,1,7,14,8,'year','2025-09-10 06:14:44','2025-09-10 06:14:44'),(226,226,1,7,14,8,'year','2025-09-10 06:17:18','2025-09-10 06:17:18'),(227,227,1,7,14,8,'year','2025-09-10 06:20:36','2025-09-10 06:20:36'),(228,228,1,7,14,8,'year','2025-09-10 06:22:21','2025-09-10 06:22:21'),(230,230,1,8,10,5,'year','2025-09-10 06:26:41','2025-09-10 06:26:41'),(231,231,1,9,21,16,'year','2025-09-10 06:29:22','2025-09-10 06:29:22'),(232,232,1,8,10,5,'year','2025-09-10 06:32:49','2025-09-10 06:32:49'),(233,233,1,8,10,5,'year','2025-09-10 06:35:58','2025-09-10 06:35:58'),(234,234,1,8,10,5,'year','2025-09-10 06:42:31','2025-09-10 06:42:31'),(235,235,1,8,12,6,'year','2025-09-10 06:45:22','2025-09-10 06:45:22'),(236,236,1,9,21,16,'year','2025-09-10 06:51:05','2025-09-10 06:51:05'),(237,237,1,8,13,3,'year','2025-09-10 06:54:03','2025-09-10 06:54:03'),(238,238,1,8,13,3,'year','2025-09-10 06:57:42','2025-09-10 06:57:42'),(239,239,1,8,10,5,'year','2025-09-10 06:59:55','2025-09-10 06:59:55'),(240,240,1,8,8,4,'year','2025-09-10 07:05:02','2025-09-10 07:05:02'),(241,241,1,8,8,4,'year','2025-09-10 07:08:06','2025-09-10 07:08:06'),(242,242,1,17,29,20,'year','2025-09-10 07:09:45','2025-09-10 07:09:45'),(243,243,1,8,8,4,'year','2025-09-10 07:11:54','2025-09-10 07:11:54'),(244,244,1,8,8,4,'year','2025-09-10 07:16:14','2025-09-10 07:16:14'),(245,245,1,8,8,4,'year','2025-09-10 07:18:53','2025-09-10 07:18:53'),(246,246,1,8,8,4,'year','2025-09-10 07:20:53','2025-09-10 07:20:53'),(247,247,1,8,12,1,'year','2025-09-10 07:25:59','2025-09-10 07:25:59'),(248,248,1,7,14,8,'year','2025-09-10 08:06:45','2025-09-10 08:06:45'),(249,249,1,8,8,4,'year','2025-09-10 08:08:41','2025-09-10 08:08:41'),(250,250,1,7,14,8,'year','2025-09-10 08:10:42','2025-09-10 08:10:42'),(251,251,1,17,29,20,'year','2025-09-10 08:12:42','2025-09-10 08:12:42'),(252,252,1,8,9,2,'year','2025-09-10 08:14:34','2025-09-10 08:14:34'),(253,253,1,8,8,4,'year','2025-09-10 08:16:11','2025-09-10 09:42:09'),(254,254,1,9,22,17,'year','2025-09-10 08:16:50','2025-09-10 08:16:50'),(255,255,1,17,29,21,'year','2025-09-10 08:18:49','2025-09-10 08:18:49'),(256,256,1,8,9,2,'year','2025-09-10 08:18:55','2025-09-10 08:18:55'),(257,257,1,17,29,21,'year','2025-09-10 08:21:41','2025-09-10 08:21:41'),(258,258,1,8,8,4,'year','2025-09-10 08:21:44','2025-09-10 08:21:44'),(259,259,1,8,13,3,'year','2025-09-10 08:24:03','2025-09-10 08:24:03'),(260,260,1,17,29,20,'year','2025-09-10 08:25:48','2025-09-10 08:25:48'),(261,261,1,9,22,17,'year','2025-09-10 08:26:06','2025-09-10 08:26:06'),(262,262,1,8,8,4,'year','2025-09-10 08:29:07','2025-09-10 08:29:07'),(263,263,1,17,29,20,'year','2025-09-10 08:30:02','2025-09-10 08:30:02'),(264,264,1,17,29,21,'year','2025-09-10 08:33:00','2025-09-10 08:33:00'),(265,265,1,7,14,8,'year','2025-09-10 08:35:03','2025-09-10 08:35:03'),(266,266,1,17,29,21,'year','2025-09-10 08:37:08','2025-09-10 08:37:08'),(267,267,1,7,14,8,'year','2025-09-10 08:37:23','2025-09-10 08:37:23'),(268,268,1,9,22,17,'year','2025-09-10 08:39:52','2025-09-10 08:39:52'),(269,269,1,17,29,21,'year','2025-09-10 08:40:31','2025-09-10 08:40:31'),(270,270,1,8,11,7,'year','2025-09-10 08:42:21','2025-09-10 08:42:21'),(271,271,1,17,29,20,'year','2025-09-10 08:42:55','2025-09-10 08:42:55'),(272,272,1,17,29,21,'year','2025-09-10 09:10:50','2025-09-10 09:10:50'),(273,273,1,17,29,21,'year','2025-09-10 09:12:17','2025-09-10 09:12:17'),(274,274,1,17,29,21,'year','2025-09-10 09:14:49','2025-09-10 09:14:49'),(275,275,1,9,22,17,'year','2025-09-10 09:16:23','2025-09-10 09:16:23'),(276,276,1,17,29,21,'year','2025-09-10 09:18:20','2025-09-10 09:18:20'),(277,277,1,8,8,4,'year','2025-09-10 09:21:11','2025-09-10 09:21:11'),(278,278,1,17,29,20,'year','2025-09-10 09:24:41','2025-09-10 09:24:41'),(279,279,1,17,29,21,'year','2025-09-10 09:26:06','2025-09-10 09:26:06'),(280,280,1,17,29,20,'year','2025-09-10 09:27:40','2025-09-10 09:27:40'),(281,281,1,17,29,20,'year','2025-09-10 09:30:30','2025-09-10 09:30:30'),(282,282,1,17,29,20,'year','2025-09-10 09:34:01','2025-09-10 09:34:01'),(283,283,1,8,10,5,'year','2025-09-10 09:34:40','2025-09-10 09:34:40'),(284,284,1,17,29,20,'year','2025-09-10 09:36:31','2025-09-10 09:36:31'),(285,285,1,9,21,16,'year','2025-09-10 09:36:35','2025-09-10 09:36:35'),(286,286,1,8,11,7,'year','2025-09-10 09:37:47','2025-09-10 09:37:47'),(287,287,1,17,29,21,'year','2025-09-10 09:39:35','2025-09-10 09:39:35'),(288,288,1,8,8,4,'year','2025-09-10 09:46:04','2025-09-10 09:46:04'),(289,289,1,17,30,22,'year','2025-09-10 09:48:08','2025-09-10 09:48:08'),(290,290,1,8,8,4,'year','2025-09-10 09:48:15','2025-09-10 09:48:15'),(291,291,1,17,30,23,'year','2025-09-10 09:50:05','2025-09-10 09:50:05'),(292,292,1,8,8,4,'year','2025-09-10 09:51:05','2025-09-10 09:51:05'),(293,293,1,17,29,21,'year','2025-09-10 09:53:24','2025-09-10 09:53:24'),(294,294,1,17,30,23,'year','2025-09-10 09:54:16','2025-09-10 09:54:16'),(295,295,1,8,8,4,'year','2025-09-10 09:55:28','2025-09-10 09:55:28'),(296,296,1,17,30,23,'year','2025-09-10 09:56:47','2025-09-10 09:56:47'),(297,297,1,8,8,4,'year','2025-09-10 10:00:48','2025-09-10 10:00:48'),(298,298,1,17,30,23,'year','2025-09-10 10:02:39','2025-09-10 10:02:39'),(299,299,1,8,8,4,'year','2025-09-10 10:03:59','2025-09-10 10:03:59'),(300,300,1,17,30,23,'year','2025-09-10 10:05:55','2025-09-10 10:05:55'),(301,301,1,8,8,4,'year','2025-09-10 10:06:28','2025-09-10 10:06:28'),(302,302,1,8,8,4,'year','2025-09-10 10:08:04','2025-09-10 10:08:04'),(303,303,1,17,30,22,'year','2025-09-10 10:09:04','2025-09-10 10:09:04'),(304,304,1,7,14,8,'year','2025-09-10 10:11:08','2025-09-10 10:11:08'),(305,305,1,17,30,23,'year','2025-09-10 10:11:42','2025-09-10 10:11:42'),(306,306,1,7,14,8,'year','2025-09-10 10:12:45','2025-09-10 10:12:45'),(307,307,1,17,30,22,'year','2025-09-10 10:14:29','2025-09-10 10:14:29'),(308,308,1,17,30,22,'year','2025-09-10 10:16:12','2025-09-10 10:16:12'),(309,309,1,8,8,4,'year','2025-09-10 10:18:40','2025-09-10 10:18:40'),(310,310,1,17,30,23,'year','2025-09-10 10:19:25','2025-09-17 19:17:52'),(311,311,1,17,30,23,'year','2025-09-10 10:23:04','2025-09-10 10:23:04'),(313,313,1,8,8,4,'year','2025-09-10 10:23:59','2025-09-10 10:23:59'),(314,314,1,17,30,22,'year','2025-09-10 10:26:11','2025-09-10 10:26:11'),(315,315,1,8,8,4,'year','2025-09-10 10:26:21','2025-09-16 07:39:11'),(316,316,1,8,8,4,'year','2025-09-10 10:29:20','2025-09-10 10:29:20'),(317,317,1,17,30,22,'year','2025-09-10 10:30:06','2025-09-10 10:30:06'),(318,318,1,8,8,4,'year','2025-09-10 10:31:36','2025-09-10 10:31:36'),(319,319,1,17,31,24,'year','2025-09-10 15:32:46','2025-09-10 15:32:46'),(320,320,1,17,31,24,'year','2025-09-10 15:36:30','2025-09-10 15:36:30'),(321,321,1,17,31,24,'year','2025-09-10 15:40:26','2025-09-10 15:40:26'),(322,322,1,17,31,25,'year','2025-09-10 15:42:37','2025-09-10 15:42:37'),(323,323,1,17,31,25,'year','2025-09-10 15:45:11','2025-09-10 15:45:11'),(324,324,1,17,31,25,'year','2025-09-10 16:37:16','2025-09-10 16:37:16'),(325,325,1,17,31,24,'year','2025-09-10 16:41:00','2025-09-10 16:41:00'),(326,326,1,17,31,24,'year','2025-09-10 16:47:25','2025-09-10 16:47:25'),(327,327,1,17,31,24,'year','2025-09-10 16:51:35','2025-09-10 16:51:35'),(328,328,1,17,31,25,'year','2025-09-10 16:56:28','2025-09-10 16:56:28'),(329,329,1,17,31,24,'year','2025-09-10 16:59:27','2025-09-10 16:59:27'),(330,330,1,17,31,25,'year','2025-09-10 17:02:09','2025-09-10 17:02:09'),(331,331,1,17,31,25,'year','2025-09-10 17:05:31','2025-09-10 17:05:31'),(333,333,1,17,31,24,'year','2025-09-10 17:13:29','2025-09-10 17:13:29'),(334,334,1,17,31,25,'year','2025-09-10 17:16:08','2025-09-10 17:16:08'),(335,335,1,17,31,25,'year','2025-09-10 17:19:48','2025-09-10 17:19:48'),(336,336,1,17,31,25,'year','2025-09-10 17:22:09','2025-09-10 17:22:09'),(337,337,1,17,31,24,'year','2025-09-10 17:25:07','2025-09-10 17:25:07'),(338,338,1,17,31,25,'year','2025-09-10 17:27:26','2025-09-10 17:27:26'),(339,339,1,17,31,24,'year','2025-09-10 17:30:10','2025-09-10 17:30:10'),(340,340,1,17,31,25,'year','2025-09-10 17:32:58','2025-09-10 17:32:58'),(341,341,1,17,31,25,'year','2025-09-10 17:36:07','2025-09-10 17:36:07'),(342,342,1,17,31,24,'year','2025-09-10 17:38:55','2025-09-10 17:38:55'),(343,343,1,17,31,25,'year','2025-09-10 17:42:08','2025-09-10 17:42:08'),(344,344,1,17,31,25,'year','2025-09-10 17:44:30','2025-09-10 17:44:30'),(345,345,1,17,31,24,'year','2025-09-10 17:47:52','2025-09-10 17:47:52'),(346,346,1,17,31,25,'year','2025-09-10 17:50:56','2025-09-10 17:50:56'),(347,347,1,8,10,5,'year','2025-09-10 17:53:08','2025-09-10 17:53:08'),(348,348,1,17,34,28,'year','2025-09-11 06:17:14','2025-09-11 06:17:14'),(349,349,1,10,24,29,'year','2025-09-11 06:22:06','2025-09-11 06:22:06'),(350,350,1,10,24,29,'year','2025-09-11 06:24:07','2025-09-11 06:24:07'),(351,351,1,17,34,28,'year','2025-09-11 06:29:00','2025-09-11 06:29:00'),(352,352,1,17,34,28,'year','2025-09-11 06:33:48','2025-09-11 06:33:48'),(353,353,1,17,34,28,'year','2025-09-11 07:13:39','2025-09-11 07:13:39'),(354,354,1,17,34,28,'year','2025-09-11 07:17:54','2025-09-11 07:17:54'),(355,355,1,17,34,28,'year','2025-09-11 07:20:34','2025-09-11 07:20:34'),(356,356,1,17,34,28,'year','2025-09-11 07:22:32','2025-09-11 07:22:32'),(357,357,1,17,34,28,'year','2025-09-11 07:24:32','2025-09-11 07:24:32'),(358,358,1,17,34,28,'year','2025-09-11 07:26:22','2025-09-11 07:26:22'),(359,359,1,17,34,28,'year','2025-09-11 07:28:13','2025-09-11 07:28:13'),(361,361,1,17,33,27,'year','2025-09-11 07:35:58','2025-09-11 07:35:58'),(362,362,1,17,33,27,'year','2025-09-11 07:38:04','2025-09-11 07:38:04'),(363,363,1,17,33,27,'year','2025-09-11 07:40:31','2025-09-11 07:40:31'),(364,364,1,17,33,27,'year','2025-09-11 07:42:23','2025-09-11 07:42:23'),(365,365,1,17,33,27,'year','2025-09-11 07:45:27','2025-09-11 07:45:27'),(366,366,1,17,33,27,'year','2025-09-11 07:48:41','2025-09-11 07:48:41'),(368,368,1,17,33,27,'year','2025-09-11 08:06:17','2025-09-11 08:06:17'),(369,369,1,17,33,27,'year','2025-09-11 08:13:02','2025-09-11 08:13:02'),(370,370,1,17,33,27,'year','2025-09-11 08:16:09','2025-09-11 08:16:09'),(371,371,1,17,33,27,'year','2025-09-11 08:18:34','2025-09-11 08:18:34'),(372,372,1,17,33,27,'year','2025-09-11 08:24:32','2025-09-11 08:24:32'),(373,373,1,17,33,27,'year','2025-09-11 08:27:30','2025-09-11 08:27:30'),(374,374,1,17,33,27,'year','2025-09-11 08:30:53','2025-09-11 08:30:53'),(375,375,1,17,30,22,'year','2025-09-11 08:34:13','2025-09-11 08:34:13'),(376,376,1,17,30,22,'year','2025-09-11 08:37:41','2025-09-11 08:37:41'),(377,377,1,17,30,22,'year','2025-09-11 08:40:07','2025-09-11 08:40:07'),(378,378,1,17,30,23,'year','2025-09-11 08:43:53','2025-09-11 08:43:53'),(379,379,1,17,30,23,'year','2025-09-11 08:46:35','2025-09-11 08:46:35'),(380,380,1,17,30,23,'year','2025-09-11 08:51:23','2025-09-17 19:18:32'),(381,381,1,17,30,22,'year','2025-09-11 08:54:26','2025-09-11 08:54:26'),(382,382,1,17,30,22,'year','2025-09-11 08:57:43','2025-09-11 08:57:43'),(383,383,1,17,30,22,'year','2025-09-11 09:01:51','2025-09-11 09:01:51'),(384,384,1,17,30,22,'year','2025-09-11 09:06:05','2025-09-11 09:06:05'),(385,385,1,17,30,22,'year','2025-09-11 09:19:55','2025-09-11 09:19:55'),(386,386,1,17,32,26,'year','2025-09-11 09:23:19','2025-09-11 09:23:19'),(387,387,1,17,32,26,'year','2025-09-11 09:26:34','2025-09-11 09:26:34'),(388,388,1,17,32,26,'year','2025-09-11 09:28:39','2025-09-11 09:28:39'),(389,389,1,17,32,26,'year','2025-09-11 09:31:08','2025-09-11 09:31:08'),(390,390,1,17,32,26,'year','2025-09-11 09:32:57','2025-09-11 09:32:57'),(391,391,1,17,32,26,'year','2025-09-11 09:34:58','2025-09-11 09:34:58'),(392,392,1,17,32,26,'year','2025-09-11 09:38:01','2025-09-11 09:38:01'),(393,393,1,17,32,26,'year','2025-09-11 09:48:30','2025-09-11 09:48:30'),(394,394,1,17,32,26,'year','2025-09-11 09:50:57','2025-09-11 09:50:57'),(395,395,1,17,32,26,'year','2025-09-11 09:54:22','2025-09-11 09:54:22'),(396,396,1,17,32,26,'year','2025-09-11 09:59:21','2025-09-11 09:59:21'),(397,397,1,17,32,26,'year','2025-09-11 10:02:17','2025-09-11 10:02:17'),(398,398,1,17,32,26,'year','2025-09-11 10:05:14','2025-09-11 10:05:14'),(399,399,1,17,32,26,'year','2025-09-11 10:06:39','2025-09-11 10:06:39'),(400,400,1,17,32,26,'year','2025-09-11 10:09:51','2025-09-11 10:09:51'),(401,401,1,17,32,26,'year','2025-09-11 10:13:39','2025-09-11 10:13:39'),(402,402,1,17,32,26,'year','2025-09-11 10:17:10','2025-09-11 10:17:10'),(403,403,1,17,32,26,'year','2025-09-11 10:19:16','2025-09-11 10:19:16'),(405,405,1,17,32,26,'year','2025-09-11 10:23:53','2025-09-11 10:23:53'),(406,406,1,8,9,2,'year','2025-09-11 10:26:32','2025-09-11 10:26:32'),(407,407,1,10,24,29,'year','2025-09-11 17:10:06','2025-09-11 17:10:06'),(408,408,1,17,29,21,'year','2025-09-11 17:12:48','2025-09-11 17:12:48'),(409,409,1,17,30,23,'year','2025-09-11 17:17:07','2025-09-11 17:17:07'),(410,410,1,17,34,28,'year','2025-09-11 17:22:41','2025-09-11 17:22:41'),(411,411,1,17,30,23,'year','2025-09-11 17:25:11','2025-09-11 17:25:11'),(412,412,1,17,31,25,'year','2025-09-11 17:28:21','2025-09-11 17:28:21'),(413,413,1,17,30,23,'year','2025-09-11 17:30:39','2025-09-11 17:30:39'),(414,414,1,17,29,21,'year','2025-09-11 17:34:39','2025-09-11 17:34:39'),(415,415,1,10,24,29,'year','2025-09-11 17:36:52','2025-09-11 17:36:52'),(416,416,1,10,24,29,'year','2025-09-11 17:45:00','2025-09-11 17:45:00'),(417,417,1,17,31,24,'year','2025-09-11 17:48:29','2025-09-11 17:48:29'),(418,418,1,10,24,29,'year','2025-09-11 17:53:45','2025-09-11 17:53:45'),(419,419,1,10,24,29,'year','2025-09-12 15:51:39','2025-09-12 15:51:39'),(420,420,1,17,29,21,'year','2025-09-12 15:56:47','2025-09-12 15:56:47'),(421,421,1,10,24,29,'year','2025-09-12 16:02:03','2025-09-12 16:02:03'),(422,422,1,10,24,29,'year','2025-09-12 16:04:14','2025-09-12 16:04:14'),(423,423,1,17,29,20,'year','2025-09-12 16:06:31','2025-09-12 16:06:31'),(424,424,1,10,24,29,'year','2025-09-12 16:14:26','2025-09-12 16:14:26'),(425,425,1,17,29,21,'year','2025-09-12 16:16:36','2025-09-12 16:16:36'),(426,426,1,17,29,20,'year','2025-09-12 16:18:54','2025-09-12 16:18:54'),(427,427,1,17,29,21,'year','2025-09-12 16:23:01','2025-09-12 16:23:01'),(428,428,1,10,24,29,'year','2025-09-12 16:25:22','2025-09-12 16:25:22'),(429,429,1,17,29,20,'year','2025-09-12 16:27:50','2025-09-12 16:27:50'),(430,430,1,10,24,29,'year','2025-09-12 16:31:22','2025-09-12 16:31:22'),(431,431,1,17,29,21,'year','2025-09-12 16:42:39','2025-09-12 16:42:39'),(432,432,1,17,29,21,'year','2025-09-12 16:45:37','2025-09-12 16:45:37'),(433,433,1,10,24,29,'year','2025-09-12 16:49:30','2025-09-12 16:49:30'),(434,434,1,17,31,24,'year','2025-09-12 17:32:43','2025-09-12 17:32:43'),(435,435,1,17,32,26,'year','2025-09-12 17:35:51','2025-09-12 17:35:51'),(436,436,1,17,33,27,'year','2025-09-12 17:45:14','2025-09-12 17:45:14'),(437,437,1,17,30,23,'year','2025-09-12 17:48:02','2025-09-12 17:48:02'),(438,438,1,17,31,25,'year','2025-09-12 17:50:28','2025-09-12 17:50:28'),(439,439,1,17,33,27,'year','2025-09-12 17:52:20','2025-09-12 17:52:20'),(440,440,1,17,31,25,'year','2025-09-12 17:55:47','2025-09-12 17:55:47'),(441,441,1,17,32,26,'year','2025-09-12 17:58:54','2025-09-12 17:58:54'),(442,442,1,17,30,22,'year','2025-09-12 18:01:16','2025-09-12 18:01:16'),(443,443,1,17,31,25,'year','2025-09-13 09:33:02','2025-09-13 09:33:02'),(444,444,1,17,29,20,'year','2025-09-13 09:34:13','2025-09-13 09:34:13'),(445,445,1,17,29,20,'year','2025-09-13 10:03:24','2025-09-13 10:03:24'),(446,446,1,10,24,29,'year','2025-09-14 07:17:07','2025-09-14 07:17:07'),(447,447,1,7,14,8,'year','2025-09-14 07:44:40','2025-09-14 07:44:40'),(448,448,1,8,10,5,'year','2025-09-14 08:25:32','2025-09-14 08:25:32'),(449,449,1,10,24,29,'year','2025-09-14 08:28:50','2025-09-14 08:28:50'),(450,450,1,10,24,29,'year','2025-09-14 08:40:37','2025-09-14 08:40:37'),(451,451,1,17,29,21,'year','2025-09-14 08:58:28','2025-09-14 08:58:28'),(452,452,1,17,30,22,'year','2025-09-14 09:05:20','2025-09-14 09:05:20'),(453,453,1,10,24,29,'year','2025-09-14 09:07:16','2025-09-14 09:07:16'),(454,454,1,8,9,2,'year','2025-09-14 09:23:44','2025-09-14 09:23:44'),(455,455,1,8,8,4,'year','2025-09-14 09:51:25','2025-09-14 09:51:25'),(456,456,1,8,12,1,'year','2025-09-14 09:53:07','2025-09-14 09:53:07'),(457,457,1,10,24,29,'year','2025-09-14 10:04:43','2025-09-14 10:04:43'),(458,458,1,17,29,21,'year','2025-09-15 05:28:04','2025-09-15 05:28:04'),(459,459,1,17,33,27,'year','2025-09-15 05:30:48','2025-09-15 05:30:48'),(460,460,1,17,30,23,'year','2025-09-15 05:42:18','2025-09-15 05:42:18'),(461,461,1,17,29,21,'year','2025-09-15 06:20:51','2025-09-15 06:20:51'),(462,462,1,10,24,29,'year','2025-09-16 05:23:56','2025-09-16 05:23:56'),(463,463,1,8,10,5,'year','2025-09-16 05:26:08','2025-09-16 05:26:08'),(464,464,1,10,24,29,'year','2025-09-16 05:29:25','2025-09-16 05:29:25'),(465,465,1,8,12,6,'year','2025-09-16 05:34:28','2025-09-16 05:34:28'),(466,466,1,8,8,4,'year','2025-09-16 05:46:35','2025-09-16 05:46:35'),(467,467,1,8,8,4,'year','2025-09-16 06:13:45','2025-09-16 06:13:45'),(468,468,1,8,11,7,'year','2025-09-16 07:50:10','2025-09-16 07:50:10'),(469,469,1,17,29,21,'year','2025-09-17 05:25:43','2025-09-17 05:25:43'),(470,470,1,10,24,29,'year','2025-09-18 09:48:00','2025-09-18 09:48:00'),(471,471,1,8,11,7,'year','2025-11-03 17:09:53','2025-11-03 17:09:53'),(472,215,2,8,9,2,'year','2025-11-03 17:13:52','2025-11-03 17:13:52'),(473,240,2,8,9,2,'year','2025-11-03 17:13:52','2025-11-03 17:13:52'),(474,241,2,8,9,2,'year','2025-11-03 17:13:52','2025-11-03 17:13:52'),(475,243,2,8,9,2,'year','2025-11-03 17:13:52','2025-11-03 17:13:52'),(476,244,2,8,9,2,'year','2025-11-03 17:13:52','2025-11-03 17:13:52'),(477,245,2,8,9,2,'year','2025-11-03 17:13:52','2025-11-03 17:13:52'),(478,246,2,8,9,2,'year','2025-11-03 17:13:52','2025-11-03 17:13:52'),(479,249,2,8,9,2,'year','2025-11-03 17:13:52','2025-11-03 17:13:52'),(480,253,2,8,9,2,'year','2025-11-03 17:13:52','2025-11-03 17:13:52'),(481,258,2,8,9,2,'year','2025-11-03 17:13:52','2025-11-03 17:13:52'),(482,262,2,8,9,2,'year','2025-11-03 17:13:52','2025-11-03 17:13:52'),(483,277,2,8,9,2,'year','2025-11-03 17:13:52','2025-11-03 17:13:52'),(484,288,2,8,9,2,'year','2025-11-03 17:13:52','2025-11-03 17:13:52'),(485,290,2,8,9,2,'year','2025-11-03 17:13:52','2025-11-03 17:13:52'),(486,292,2,8,9,2,'year','2025-11-03 17:13:52','2025-11-03 17:13:52'),(487,295,2,8,9,2,'year','2025-11-03 17:13:52','2025-11-03 17:13:52'),(488,297,2,8,9,2,'year','2025-11-03 17:13:52','2025-11-03 17:13:52'),(489,299,2,8,9,2,'year','2025-11-03 17:13:52','2025-11-03 17:13:52'),(490,301,2,8,9,2,'year','2025-11-03 17:13:52','2025-11-03 17:13:52'),(491,302,2,8,9,2,'year','2025-11-03 17:13:52','2025-11-03 17:13:52'),(492,309,2,8,9,2,'year','2025-11-03 17:13:52','2025-11-03 17:13:52'),(493,313,2,8,9,2,'year','2025-11-03 17:13:52','2025-11-03 17:13:52'),(494,315,2,8,9,2,'year','2025-11-03 17:13:52','2025-11-03 17:13:52'),(495,316,2,8,9,2,'year','2025-11-03 17:13:52','2025-11-03 17:13:52'),(496,318,2,8,9,2,'year','2025-11-03 17:13:52','2025-11-03 17:13:52'),(497,455,2,8,9,2,'year','2025-11-03 17:13:52','2025-11-03 17:13:52'),(498,466,2,8,9,2,'year','2025-11-03 17:13:52','2025-11-03 17:13:52'),(499,467,2,8,9,2,'year','2025-11-03 17:13:52','2025-11-03 17:13:52');
/*!40000 ALTER TABLE `student_enrollments` ENABLE KEYS */;
UNLOCK TABLES;

--
-- Table structure for table `student_installments`
--

DROP TABLE IF EXISTS `student_installments`;
/*!40101 SET @saved_cs_client     = @@character_set_client */;
/*!50503 SET character_set_client = utf8mb4 */;
CREATE TABLE `student_installments` (
  `id` bigint(20) unsigned NOT NULL AUTO_INCREMENT,
  `student_id` bigint(20) unsigned NOT NULL,
  `student_enrollment_id` bigint(20) unsigned NOT NULL,
  `semester_number` tinyint(3) unsigned DEFAULT NULL COMMENT '1 or 2 for semester system, null for yearly',
  `amount_due` decimal(10,2) NOT NULL DEFAULT 0.00,
  `paid_amount` decimal(10,2) NOT NULL DEFAULT 0.00,
  `due_date` date DEFAULT NULL,
  `status` enum('due','partial','paid','overdue','refunded') NOT NULL DEFAULT 'due',
  `reference` varchar(100) DEFAULT NULL,
  `notes` text DEFAULT NULL,
  `created_at` timestamp NULL DEFAULT NULL,
  `updated_at` timestamp NULL DEFAULT NULL,
  `installment_type_id` bigint(20) unsigned DEFAULT NULL,
  PRIMARY KEY (`id`),
  KEY `student_installments_student_id_foreign` (`student_id`),
  KEY `student_installments_student_enrollment_id_foreign` (`student_enrollment_id`),
  KEY `student_installments_installment_type_id_foreign` (`installment_type_id`),
  CONSTRAINT `student_installments_installment_type_id_foreign` FOREIGN KEY (`installment_type_id`) REFERENCES `installment_types` (`id`) ON DELETE SET NULL,
  CONSTRAINT `student_installments_student_enrollment_id_foreign` FOREIGN KEY (`student_enrollment_id`) REFERENCES `student_enrollments` (`id`) ON DELETE CASCADE,
  CONSTRAINT `student_installments_student_id_foreign` FOREIGN KEY (`student_id`) REFERENCES `students` (`id`) ON DELETE CASCADE
) ENGINE=InnoDB AUTO_INCREMENT=698 DEFAULT CHARSET=utf8mb4 COLLATE=utf8mb4_unicode_ci;
/*!40101 SET character_set_client = @saved_cs_client */;

--
-- Dumping data for table `student_installments`
--

LOCK TABLES `student_installments` WRITE;
/*!40000 ALTER TABLE `student_installments` DISABLE KEYS */;
INSERT INTO `student_installments` VALUES (1,1,1,NULL,1800.00,200.00,NULL,'partial','YEAR-1-1',NULL,'2025-09-11 19:57:18','2025-09-13 17:19:16',1),(2,2,2,NULL,1800.00,200.00,NULL,'partial','YEAR-2-1',NULL,'2025-09-11 19:57:18','2025-09-13 12:18:02',1),(3,3,3,NULL,1800.00,0.00,NULL,'due','YEAR-3-1',NULL,'2025-09-11 19:57:18','2025-09-11 19:57:18',1),(4,4,4,NULL,1800.00,0.00,NULL,'due','YEAR-4-1',NULL,'2025-09-11 19:57:18','2025-09-11 19:57:18',1),(5,5,5,NULL,1800.00,0.00,NULL,'due','YEAR-5-1',NULL,'2025-09-11 19:57:18','2025-09-11 19:57:18',1),(6,6,6,NULL,1800.00,0.00,NULL,'due','YEAR-6-1',NULL,'2025-09-11 19:57:18','2025-09-11 19:57:18',1),(7,7,7,NULL,1800.00,0.00,NULL,'due','YEAR-7-1',NULL,'2025-09-11 19:57:18','2025-09-11 19:57:18',1),(8,8,8,NULL,1800.00,750.00,NULL,'partial','YEAR-8-1',NULL,'2025-09-11 19:57:18','2025-09-13 15:10:51',1),(9,9,9,NULL,1800.00,0.00,NULL,'due','YEAR-9-1',NULL,'2025-09-11 19:57:18','2025-09-11 19:57:18',1),(10,10,10,NULL,1800.00,200.00,NULL,'partial','YEAR-10-1',NULL,'2025-09-11 19:57:18','2025-09-13 14:59:22',1),(11,11,11,NULL,1800.00,0.00,NULL,'due','YEAR-11-1',NULL,'2025-09-11 19:57:18','2025-09-11 19:57:18',1),(12,12,12,NULL,1800.00,0.00,NULL,'due','YEAR-12-1',NULL,'2025-09-11 19:57:18','2025-09-11 19:57:18',1),(13,13,13,NULL,1800.00,0.00,NULL,'due','YEAR-13-1',NULL,'2025-09-11 19:57:18','2025-09-11 19:57:18',1),(14,14,14,NULL,1800.00,0.00,NULL,'due','YEAR-14-1',NULL,'2025-09-11 19:57:18','2025-09-11 19:57:18',1),(15,15,15,NULL,1800.00,0.00,NULL,'due','YEAR-15-1',NULL,'2025-09-11 19:57:18','2025-09-11 19:57:18',1),(16,16,16,NULL,1800.00,0.00,NULL,'due','YEAR-16-1',NULL,'2025-09-11 19:57:18','2025-09-11 19:57:18',1),(17,17,17,NULL,1800.00,0.00,NULL,'due','YEAR-17-1',NULL,'2025-09-11 19:57:18','2025-09-11 19:57:18',1),(18,18,18,NULL,1800.00,0.00,NULL,'due','YEAR-18-1',NULL,'2025-09-11 19:57:18','2025-09-11 19:57:18',1),(19,19,19,NULL,1800.00,0.00,NULL,'due','YEAR-19-1',NULL,'2025-09-11 19:57:18','2025-09-11 19:57:18',1),(20,20,20,NULL,1800.00,0.00,NULL,'due','YEAR-20-1',NULL,'2025-09-11 19:57:18','2025-09-11 19:57:18',1),(21,21,21,NULL,1800.00,0.00,NULL,'due','YEAR-21-1',NULL,'2025-09-11 19:57:18','2025-09-11 19:57:18',1),(22,22,22,NULL,1800.00,1000.00,NULL,'partial','YEAR-22-1',NULL,'2025-09-11 19:57:18','2025-09-15 08:17:33',1),(23,23,23,NULL,1800.00,0.00,NULL,'due','YEAR-23-1',NULL,'2025-09-11 19:57:18','2025-09-11 19:57:18',1),(24,24,24,NULL,1800.00,0.00,NULL,'due','YEAR-24-1',NULL,'2025-09-11 19:57:18','2025-09-11 19:57:18',1),(25,25,25,NULL,1800.00,0.00,NULL,'due','YEAR-25-1',NULL,'2025-09-11 19:57:18','2025-09-11 19:57:18',1),(26,26,26,NULL,1800.00,1000.00,NULL,'partial','YEAR-26-1',NULL,'2025-09-11 19:57:18','2025-09-15 07:38:21',1),(27,27,27,NULL,1800.00,0.00,NULL,'due','YEAR-27-1',NULL,'2025-09-11 19:57:18','2025-09-11 19:57:18',1),(28,28,28,NULL,1800.00,0.00,NULL,'due','YEAR-28-1',NULL,'2025-09-11 19:57:18','2025-09-11 19:57:18',1),(29,29,29,NULL,1800.00,200.00,NULL,'partial','YEAR-29-1',NULL,'2025-09-11 19:57:18','2025-09-13 13:05:39',1),(30,30,30,NULL,1800.00,1000.00,NULL,'partial','YEAR-30-1',NULL,'2025-09-11 19:57:18','2025-09-18 09:00:13',1),(31,31,31,NULL,1800.00,0.00,NULL,'due','YEAR-31-1',NULL,'2025-09-11 19:57:18','2025-09-11 19:57:18',1),(32,32,32,NULL,1800.00,1000.00,NULL,'partial','YEAR-32-1',NULL,'2025-09-11 19:57:18','2025-09-17 09:22:25',1),(33,33,33,NULL,1800.00,1000.00,NULL,'partial','YEAR-33-1',NULL,'2025-09-11 19:57:18','2025-09-13 12:52:11',1),(34,34,34,NULL,5000.00,5000.00,NULL,'paid','YEAR-34-1',NULL,'2025-09-11 19:57:18','2025-09-13 13:09:38',1),(35,35,35,NULL,5000.00,0.00,NULL,'refunded','SEM1-35-1',NULL,'2025-09-11 19:57:18','2025-09-29 11:22:29',1),(36,36,36,NULL,1800.00,0.00,NULL,'due','YEAR-36-1',NULL,'2025-09-11 19:57:18','2025-09-11 19:57:18',1),(37,37,37,NULL,1800.00,0.00,NULL,'due','YEAR-37-1',NULL,'2025-09-11 19:57:18','2025-09-11 19:57:18',1),(38,38,38,NULL,1800.00,0.00,NULL,'due','YEAR-38-1',NULL,'2025-09-11 19:57:18','2025-09-11 19:57:18',1),(39,39,39,NULL,1800.00,0.00,NULL,'due','YEAR-39-1',NULL,'2025-09-11 19:57:18','2025-09-11 19:57:18',1),(40,40,40,NULL,1800.00,0.00,NULL,'due','YEAR-40-1',NULL,'2025-09-11 19:57:18','2025-09-11 19:57:18',1),(41,41,41,NULL,1800.00,200.00,NULL,'partial','YEAR-41-1',NULL,'2025-09-11 19:57:18','2025-09-13 12:45:52',1),(42,42,42,NULL,1800.00,200.00,NULL,'partial','YEAR-42-1',NULL,'2025-09-11 19:57:18','2025-09-13 17:47:22',1),(43,43,43,NULL,1800.00,0.00,NULL,'due','YEAR-43-1',NULL,'2025-09-11 19:57:18','2025-09-11 19:57:18',1),(44,44,44,NULL,1800.00,0.00,NULL,'due','YEAR-44-1',NULL,'2025-09-11 19:57:18','2025-09-11 19:57:18',1),(45,45,45,NULL,1800.00,800.00,NULL,'partial','YEAR-45-1',NULL,'2025-09-11 19:57:18','2025-09-13 15:13:17',1),(46,46,46,NULL,1800.00,0.00,NULL,'due','YEAR-46-1',NULL,'2025-09-11 19:57:18','2025-09-11 19:57:18',1),(47,47,47,NULL,1800.00,0.00,NULL,'due','YEAR-47-1',NULL,'2025-09-11 19:57:18','2025-09-11 19:57:18',1),(48,48,48,NULL,1800.00,0.00,NULL,'due','YEAR-48-1',NULL,'2025-09-11 19:57:18','2025-09-11 19:57:18',1),(49,49,49,NULL,1800.00,0.00,NULL,'due','YEAR-49-1',NULL,'2025-09-11 19:57:18','2025-09-11 19:57:18',1),(50,50,50,NULL,1800.00,0.00,NULL,'due','YEAR-50-1',NULL,'2025-09-11 19:57:18','2025-09-11 19:57:18',1),(52,52,52,NULL,1800.00,0.00,NULL,'due','YEAR-52-1',NULL,'2025-09-11 19:57:18','2025-09-11 19:57:18',1),(53,53,53,NULL,1800.00,0.00,NULL,'due','YEAR-53-1',NULL,'2025-09-11 19:57:18','2025-09-11 19:57:18',1),(54,54,54,NULL,1800.00,0.00,NULL,'due','YEAR-54-1',NULL,'2025-09-11 19:57:18','2025-09-11 19:57:18',1),(55,55,55,NULL,1800.00,0.00,NULL,'due','YEAR-55-1',NULL,'2025-09-11 19:57:18','2025-09-11 19:57:18',1),(56,56,56,NULL,1800.00,0.00,NULL,'due','YEAR-56-1',NULL,'2025-09-11 19:57:18','2025-09-11 19:57:18',1),(57,57,57,NULL,1800.00,0.00,NULL,'due','YEAR-57-1',NULL,'2025-09-11 19:57:18','2025-09-11 19:57:18',1),(58,58,58,NULL,1800.00,200.00,NULL,'partial','YEAR-58-1',NULL,'2025-09-11 19:57:18','2025-09-13 13:04:33',1),(59,59,59,NULL,1800.00,0.00,NULL,'due','YEAR-59-1',NULL,'2025-09-11 19:57:18','2025-09-11 19:57:18',1),(60,60,60,NULL,1800.00,0.00,NULL,'due','YEAR-60-1',NULL,'2025-09-11 19:57:18','2025-09-11 19:57:18',1),(61,61,61,NULL,1800.00,200.00,NULL,'partial','YEAR-61-1',NULL,'2025-09-11 19:57:18','2025-09-13 16:49:06',1),(62,62,62,NULL,1800.00,0.00,NULL,'due','YEAR-62-1',NULL,'2025-09-11 19:57:18','2025-09-11 19:57:18',1),(63,63,63,NULL,1800.00,0.00,NULL,'due','YEAR-63-1',NULL,'2025-09-11 19:57:18','2025-09-11 19:57:18',1),(64,64,64,NULL,1800.00,0.00,NULL,'due','YEAR-64-1',NULL,'2025-09-11 19:57:18','2025-09-11 19:57:18',1),(65,65,65,NULL,1800.00,0.00,NULL,'due','YEAR-65-1',NULL,'2025-09-11 19:57:18','2025-09-11 19:57:18',1),(66,66,66,NULL,1800.00,0.00,NULL,'due','YEAR-66-1',NULL,'2025-09-11 19:57:18','2025-09-11 19:57:18',1),(67,67,67,NULL,1800.00,0.00,NULL,'due','YEAR-67-1',NULL,'2025-09-11 19:57:18','2025-09-11 19:57:18',1),(68,68,68,NULL,1800.00,0.00,NULL,'due','YEAR-68-1',NULL,'2025-09-11 19:57:18','2025-09-11 19:57:18',1),(69,69,69,NULL,1800.00,0.00,NULL,'due','YEAR-69-1',NULL,'2025-09-11 19:57:18','2025-09-11 19:57:18',1),(70,70,70,NULL,1800.00,0.00,NULL,'due','YEAR-70-1',NULL,'2025-09-11 19:57:18','2025-09-11 19:57:18',1),(71,71,71,NULL,1800.00,0.00,NULL,'due','YEAR-71-1',NULL,'2025-09-11 19:57:18','2025-09-11 19:57:18',1),(72,72,72,NULL,1800.00,0.00,NULL,'due','YEAR-72-1',NULL,'2025-09-11 19:57:18','2025-09-11 19:57:18',1),(73,73,73,NULL,1800.00,0.00,NULL,'due','YEAR-73-1',NULL,'2025-09-11 19:57:18','2025-09-11 19:57:18',1),(74,74,74,NULL,1800.00,200.00,NULL,'partial','YEAR-74-1',NULL,'2025-09-11 19:57:18','2025-09-13 17:18:51',1),(75,75,75,NULL,1800.00,1000.00,NULL,'partial','YEAR-75-1',NULL,'2025-09-11 19:57:18','2025-09-18 05:09:07',1),(76,76,76,NULL,1800.00,0.00,NULL,'due','YEAR-76-1',NULL,'2025-09-11 19:57:18','2025-09-11 19:57:18',1),(77,77,77,NULL,1800.00,0.00,NULL,'due','YEAR-77-1',NULL,'2025-09-11 19:57:18','2025-09-11 19:57:18',1),(78,78,78,NULL,1800.00,0.00,NULL,'due','YEAR-78-1',NULL,'2025-09-11 19:57:18','2025-09-11 19:57:18',1),(79,79,79,NULL,1800.00,0.00,NULL,'due','YEAR-79-1',NULL,'2025-09-11 19:57:18','2025-09-11 19:57:18',1),(80,80,80,NULL,1800.00,0.00,NULL,'due','YEAR-80-1',NULL,'2025-09-11 19:57:18','2025-09-11 19:57:18',1),(81,81,81,NULL,1800.00,0.00,NULL,'due','YEAR-81-1',NULL,'2025-09-11 19:57:18','2025-09-11 19:57:18',1),(82,82,82,NULL,1800.00,1000.00,NULL,'partial','YEAR-82-1',NULL,'2025-09-11 19:57:18','2025-09-13 15:15:40',1),(83,83,83,NULL,1800.00,0.00,NULL,'due','YEAR-83-1',NULL,'2025-09-11 19:57:18','2025-09-11 19:57:18',1),(84,84,84,NULL,1800.00,200.00,NULL,'partial','YEAR-84-1',NULL,'2025-09-11 19:57:18','2025-09-13 12:19:46',1),(85,85,85,NULL,1800.00,0.00,NULL,'due','YEAR-85-1',NULL,'2025-09-11 19:57:18','2025-09-11 19:57:18',1),(86,86,86,NULL,1800.00,1800.00,NULL,'paid','YEAR-86-1',NULL,'2025-09-11 19:57:18','2025-09-13 06:08:53',1),(87,87,87,NULL,1800.00,200.00,NULL,'partial','YEAR-87-1',NULL,'2025-09-11 19:57:18','2025-09-13 12:59:19',1),(88,88,88,NULL,1800.00,0.00,NULL,'due','YEAR-88-1',NULL,'2025-09-11 19:57:18','2025-09-11 19:57:18',1),(89,89,89,NULL,1800.00,200.00,NULL,'partial','YEAR-89-1',NULL,'2025-09-11 19:57:18','2025-09-13 12:20:20',1),(90,90,90,NULL,1800.00,0.00,NULL,'due','YEAR-90-1',NULL,'2025-09-11 19:57:18','2025-09-11 19:57:18',1),(91,91,91,NULL,1800.00,0.00,NULL,'due','YEAR-91-1',NULL,'2025-09-11 19:57:18','2025-09-11 19:57:18',1),(92,92,92,NULL,1800.00,0.00,NULL,'due','YEAR-92-1',NULL,'2025-09-11 19:57:18','2025-09-11 19:57:18',1),(93,93,93,NULL,1800.00,0.00,NULL,'due','YEAR-93-1',NULL,'2025-09-11 19:57:18','2025-09-11 19:57:18',1),(94,94,94,NULL,1800.00,0.00,NULL,'due','YEAR-94-1',NULL,'2025-09-11 19:57:18','2025-09-11 19:57:18',1),(95,95,95,NULL,1800.00,0.00,NULL,'due','YEAR-95-1',NULL,'2025-09-11 19:57:18','2025-09-11 19:57:18',1),(96,96,96,NULL,1800.00,0.00,NULL,'due','YEAR-96-1',NULL,'2025-09-11 19:57:18','2025-09-11 19:57:18',1),(97,97,97,NULL,1800.00,0.00,NULL,'due','YEAR-97-1',NULL,'2025-09-11 19:57:18','2025-09-11 19:57:18',1),(98,98,98,NULL,1800.00,100.00,NULL,'partial','YEAR-98-1',NULL,'2025-09-11 19:57:18','2025-09-13 17:01:36',1),(99,99,99,NULL,1800.00,0.00,NULL,'due','YEAR-99-1',NULL,'2025-09-11 19:57:18','2025-09-11 19:57:18',1),(100,100,100,NULL,1800.00,0.00,NULL,'due','YEAR-100-1',NULL,'2025-09-11 19:57:18','2025-09-11 19:57:18',1),(101,101,101,NULL,1800.00,0.00,NULL,'due','YEAR-101-1',NULL,'2025-09-11 19:57:18','2025-09-11 19:57:18',1),(102,102,102,NULL,1800.00,0.00,NULL,'due','YEAR-102-1',NULL,'2025-09-11 19:57:18','2025-09-11 19:57:18',1),(103,103,103,NULL,1800.00,1010.00,NULL,'partial','YEAR-103-1',NULL,'2025-09-11 19:57:18','2025-09-14 05:50:54',1),(104,104,104,NULL,1800.00,0.00,NULL,'due','YEAR-104-1',NULL,'2025-09-11 19:57:18','2025-09-11 19:57:18',1),(105,105,105,NULL,1800.00,0.00,NULL,'due','YEAR-105-1',NULL,'2025-09-11 19:57:18','2025-09-11 19:57:18',1),(106,106,106,NULL,1800.00,1800.00,NULL,'paid','YEAR-106-1',NULL,'2025-09-11 19:57:18','2025-09-13 15:24:11',1),(107,107,107,NULL,1800.00,0.00,NULL,'due','YEAR-107-1',NULL,'2025-09-11 19:57:18','2025-09-11 19:57:18',1),(108,108,108,NULL,1800.00,0.00,NULL,'due','YEAR-108-1',NULL,'2025-09-11 19:57:18','2025-09-11 19:57:18',1),(109,109,109,NULL,1800.00,1000.00,NULL,'partial','YEAR-109-1',NULL,'2025-09-11 19:57:18','2025-09-15 08:19:32',1),(110,110,110,NULL,1800.00,1300.00,NULL,'partial','YEAR-110-1',NULL,'2025-09-11 19:57:18','2025-09-14 09:00:12',1),(111,111,111,NULL,1800.00,0.00,NULL,'due','YEAR-111-1',NULL,'2025-09-11 19:57:18','2025-09-11 19:57:18',1),(112,112,112,NULL,1800.00,0.00,NULL,'due','YEAR-112-1',NULL,'2025-09-11 19:57:18','2025-09-11 19:57:18',1),(113,113,113,NULL,1800.00,200.00,NULL,'partial','YEAR-113-1',NULL,'2025-09-11 19:57:18','2025-09-13 15:06:36',1),(114,114,114,NULL,1800.00,200.00,NULL,'partial','YEAR-114-1',NULL,'2025-09-11 19:57:18','2025-09-13 13:05:07',1),(115,115,115,NULL,1800.00,0.00,NULL,'due','YEAR-115-1',NULL,'2025-09-11 19:57:18','2025-09-11 19:57:18',1),(116,116,116,NULL,1800.00,0.00,NULL,'due','YEAR-116-1',NULL,'2025-09-11 19:57:18','2025-09-11 19:57:18',1),(117,117,117,NULL,1800.00,0.00,NULL,'due','YEAR-117-1',NULL,'2025-09-11 19:57:18','2025-09-11 19:57:18',1),(118,118,118,NULL,1800.00,0.00,NULL,'due','YEAR-118-1',NULL,'2025-09-11 19:57:18','2025-09-11 19:57:18',1),(119,119,119,NULL,1800.00,0.00,NULL,'due','YEAR-119-1',NULL,'2025-09-11 19:57:18','2025-09-11 19:57:18',1),(120,120,120,NULL,1800.00,0.00,NULL,'due','YEAR-120-1',NULL,'2025-09-11 19:57:18','2025-09-11 19:57:18',1),(121,121,121,NULL,1800.00,0.00,NULL,'due','YEAR-121-1',NULL,'2025-09-11 19:57:18','2025-09-11 19:57:18',1),(122,122,122,NULL,1800.00,0.00,NULL,'due','YEAR-122-1',NULL,'2025-09-11 19:57:18','2025-09-11 19:57:18',1),(123,123,123,NULL,1800.00,0.00,NULL,'due','YEAR-123-1',NULL,'2025-09-11 19:57:18','2025-09-11 19:57:18',1),(124,124,124,NULL,1800.00,0.00,NULL,'due','YEAR-124-1',NULL,'2025-09-11 19:57:18','2025-09-11 19:57:18',1),(125,125,125,NULL,1800.00,0.00,NULL,'due','YEAR-125-1',NULL,'2025-09-11 19:57:18','2025-09-11 19:57:18',1),(126,126,126,NULL,1800.00,0.00,NULL,'due','YEAR-126-1',NULL,'2025-09-11 19:57:18','2025-09-11 19:57:18',1),(127,127,127,NULL,1800.00,200.00,NULL,'partial','YEAR-127-1',NULL,'2025-09-11 19:57:18','2025-09-13 14:53:24',1),(128,128,128,NULL,1800.00,0.00,NULL,'due','YEAR-128-1',NULL,'2025-09-11 19:57:18','2025-09-11 19:57:18',1),(129,129,129,NULL,1800.00,0.00,NULL,'due','YEAR-129-1',NULL,'2025-09-11 19:57:18','2025-09-11 19:57:18',1),(130,130,130,NULL,1800.00,1000.00,NULL,'partial','YEAR-130-1',NULL,'2025-09-11 19:57:18','2025-09-13 17:41:57',1),(131,131,131,NULL,2000.00,0.00,NULL,'due','YEAR-131-1',NULL,'2025-09-11 19:57:18','2025-09-11 19:57:18',1),(132,132,132,NULL,1800.00,0.00,NULL,'due','YEAR-132-1',NULL,'2025-09-11 19:57:18','2025-09-11 19:57:18',1),(133,133,133,NULL,2000.00,0.00,NULL,'due','YEAR-133-1',NULL,'2025-09-11 19:57:18','2025-09-11 19:57:18',1),(134,134,134,NULL,2000.00,0.00,NULL,'due','YEAR-134-1',NULL,'2025-09-11 19:57:18','2025-09-11 19:57:18',1),(135,135,135,NULL,1800.00,0.00,NULL,'due','YEAR-135-1',NULL,'2025-09-11 19:57:18','2025-09-11 19:57:18',1),(136,136,136,NULL,2000.00,0.00,NULL,'due','YEAR-136-1',NULL,'2025-09-11 19:57:18','2025-09-11 19:57:18',1),(137,137,137,NULL,1800.00,0.00,NULL,'due','YEAR-137-1',NULL,'2025-09-11 19:57:18','2025-09-11 19:57:18',1),(138,138,138,NULL,1800.00,0.00,NULL,'due','YEAR-138-1',NULL,'2025-09-11 19:57:18','2025-09-11 19:57:18',1),(139,139,139,NULL,2000.00,0.00,NULL,'due','YEAR-139-1',NULL,'2025-09-11 19:57:18','2025-09-11 19:57:18',1),(140,140,140,NULL,1800.00,0.00,NULL,'due','YEAR-140-1',NULL,'2025-09-11 19:57:18','2025-09-11 19:57:18',1),(141,141,141,NULL,1800.00,0.00,NULL,'due','YEAR-141-1',NULL,'2025-09-11 19:57:18','2025-09-11 19:57:18',1),(142,142,142,NULL,1800.00,0.00,NULL,'due','YEAR-142-1',NULL,'2025-09-11 19:57:18','2025-09-11 19:57:18',1),(143,143,143,NULL,1800.00,0.00,NULL,'due','YEAR-143-1',NULL,'2025-09-11 19:57:18','2025-09-11 19:57:18',1),(144,144,144,NULL,2000.00,0.00,NULL,'due','YEAR-144-1',NULL,'2025-09-11 19:57:18','2025-09-11 19:57:18',1),(145,145,145,NULL,1800.00,800.00,NULL,'partial','YEAR-145-1',NULL,'2025-09-11 19:57:18','2025-09-13 15:13:45',1),(146,146,146,NULL,2000.00,0.00,NULL,'due','YEAR-146-1',NULL,'2025-09-11 19:57:18','2025-09-11 19:57:18',1),(147,147,147,NULL,1800.00,0.00,NULL,'due','YEAR-147-1',NULL,'2025-09-11 19:57:18','2025-09-11 19:57:18',1),(148,148,148,NULL,2000.00,0.00,NULL,'due','YEAR-148-1',NULL,'2025-09-11 19:57:18','2025-09-11 19:57:18',1),(149,149,149,NULL,1800.00,0.00,NULL,'due','YEAR-149-1',NULL,'2025-09-11 19:57:18','2025-09-11 19:57:18',1),(150,150,150,NULL,2000.00,0.00,NULL,'due','YEAR-150-1',NULL,'2025-09-11 19:57:18','2025-09-11 19:57:18',1),(151,151,151,NULL,1800.00,1000.00,NULL,'partial','YEAR-151-1',NULL,'2025-09-11 19:57:18','2025-09-13 16:23:57',1),(152,152,152,NULL,2000.00,0.00,NULL,'due','YEAR-152-1',NULL,'2025-09-11 19:57:18','2025-09-11 19:57:18',1),(153,153,153,NULL,2000.00,0.00,NULL,'due','YEAR-153-1',NULL,'2025-09-11 19:57:18','2025-09-11 19:57:18',1),(154,154,154,NULL,2000.00,0.00,NULL,'due','YEAR-154-1',NULL,'2025-09-11 19:57:18','2025-09-11 19:57:18',1),(155,155,155,NULL,2000.00,200.00,NULL,'partial','YEAR-155-1',NULL,'2025-09-11 19:57:18','2025-09-13 13:03:45',1),(156,156,156,NULL,2000.00,0.00,NULL,'due','YEAR-156-1',NULL,'2025-09-11 19:57:18','2025-09-11 19:57:18',1),(157,157,157,NULL,2000.00,2000.00,NULL,'paid','YEAR-157-1',NULL,'2025-09-11 19:57:18','2025-09-19 13:14:11',1),(158,158,158,NULL,2000.00,0.00,NULL,'due','YEAR-158-1',NULL,'2025-09-11 19:57:18','2025-09-11 19:57:18',1),(159,159,159,NULL,2000.00,0.00,NULL,'due','YEAR-159-1',NULL,'2025-09-11 19:57:18','2025-09-11 19:57:18',1),(160,160,160,NULL,2000.00,0.00,NULL,'due','YEAR-160-1',NULL,'2025-09-11 19:57:18','2025-09-11 19:57:18',1),(161,161,161,NULL,2000.00,0.00,NULL,'due','YEAR-161-1',NULL,'2025-09-11 19:57:18','2025-09-11 19:57:18',1),(162,162,162,NULL,2000.00,0.00,NULL,'due','YEAR-162-1',NULL,'2025-09-11 19:57:18','2025-09-11 19:57:18',1),(163,163,163,NULL,2000.00,0.00,NULL,'due','YEAR-163-1',NULL,'2025-09-11 19:57:18','2025-09-11 19:57:18',1),(164,164,164,NULL,2000.00,0.00,NULL,'due','YEAR-164-1',NULL,'2025-09-11 19:57:18','2025-09-11 19:57:18',1),(165,165,165,NULL,2000.00,0.00,NULL,'due','YEAR-165-1',NULL,'2025-09-11 19:57:18','2025-09-11 19:57:18',1),(166,166,166,NULL,2000.00,0.00,NULL,'due','YEAR-166-1',NULL,'2025-09-11 19:57:18','2025-09-11 19:57:18',1),(167,167,167,NULL,2000.00,0.00,NULL,'due','YEAR-167-1',NULL,'2025-09-11 19:57:18','2025-09-11 19:57:18',1),(168,168,168,NULL,2000.00,0.00,NULL,'due','YEAR-168-1',NULL,'2025-09-11 19:57:18','2025-09-11 19:57:18',1),(169,169,169,NULL,2000.00,0.00,NULL,'due','YEAR-169-1',NULL,'2025-09-11 19:57:18','2025-09-11 19:57:18',1),(170,170,170,NULL,2000.00,0.00,NULL,'due','YEAR-170-1',NULL,'2025-09-11 19:57:18','2025-09-11 19:57:18',1),(171,171,171,NULL,2000.00,1000.00,NULL,'partial','YEAR-171-1',NULL,'2025-09-11 19:57:18','2025-09-15 07:36:54',1),(172,172,172,NULL,2000.00,0.00,NULL,'due','YEAR-172-1',NULL,'2025-09-11 19:57:18','2025-09-11 19:57:18',1),(173,173,173,NULL,2000.00,200.00,NULL,'partial','YEAR-173-1',NULL,'2025-09-11 19:57:18','2025-09-13 15:07:03',1),(174,174,174,NULL,2000.00,0.00,NULL,'due','YEAR-174-1',NULL,'2025-09-11 19:57:18','2025-09-11 19:57:18',1),(175,175,175,NULL,2000.00,0.00,NULL,'due','YEAR-175-1',NULL,'2025-09-11 19:57:18','2025-09-11 19:57:18',1),(176,176,176,NULL,2000.00,0.00,NULL,'due','YEAR-176-1',NULL,'2025-09-11 19:57:18','2025-09-11 19:57:18',1),(177,177,177,NULL,2000.00,0.00,NULL,'due','YEAR-177-1',NULL,'2025-09-11 19:57:18','2025-09-11 19:57:18',1),(178,178,178,NULL,2000.00,200.00,NULL,'partial','YEAR-178-1',NULL,'2025-09-11 19:57:18','2025-09-13 12:48:28',1),(179,179,179,NULL,2000.00,0.00,NULL,'due','YEAR-179-1',NULL,'2025-09-11 19:57:18','2025-09-11 19:57:18',1),(180,180,180,NULL,2000.00,0.00,NULL,'due','YEAR-180-1',NULL,'2025-09-11 19:57:18','2025-09-11 19:57:18',1),(181,181,181,NULL,2000.00,0.00,NULL,'due','YEAR-181-1',NULL,'2025-09-11 19:57:18','2025-09-11 19:57:18',1),(182,182,182,NULL,2000.00,0.00,NULL,'due','YEAR-182-1',NULL,'2025-09-11 19:57:18','2025-09-11 19:57:18',1),(183,183,183,NULL,2000.00,1000.00,NULL,'partial','YEAR-183-1',NULL,'2025-09-11 19:57:18','2025-09-18 05:08:23',1),(185,185,185,NULL,2000.00,0.00,NULL,'due','YEAR-185-1',NULL,'2025-09-11 19:57:18','2025-09-11 19:57:18',1),(186,186,186,NULL,2000.00,0.00,NULL,'due','YEAR-186-1',NULL,'2025-09-11 19:57:18','2025-09-11 19:57:18',1),(187,187,187,NULL,2000.00,0.00,NULL,'due','YEAR-187-1',NULL,'2025-09-11 19:57:18','2025-09-11 19:57:18',1),(188,188,188,NULL,2000.00,0.00,NULL,'due','YEAR-188-1',NULL,'2025-09-11 19:57:18','2025-09-11 19:57:18',1),(189,189,189,NULL,2000.00,200.00,NULL,'partial','YEAR-189-1',NULL,'2025-09-11 19:57:18','2025-09-13 16:48:27',1),(190,190,190,NULL,2000.00,0.00,NULL,'due','YEAR-190-1',NULL,'2025-09-11 19:57:18','2025-09-11 19:57:18',1),(191,191,191,NULL,2000.00,0.00,NULL,'due','YEAR-191-1',NULL,'2025-09-11 19:57:18','2025-09-11 19:57:18',1),(192,192,192,NULL,2000.00,0.00,NULL,'due','YEAR-192-1',NULL,'2025-09-11 19:57:18','2025-09-11 19:57:18',1),(193,193,193,NULL,2000.00,0.00,NULL,'due','YEAR-193-1',NULL,'2025-09-11 19:57:18','2025-09-11 19:57:18',1),(194,194,194,NULL,2000.00,0.00,NULL,'due','YEAR-194-1',NULL,'2025-09-11 19:57:18','2025-09-11 19:57:18',1),(195,195,195,NULL,2000.00,0.00,NULL,'due','YEAR-195-1',NULL,'2025-09-11 19:57:18','2025-09-11 19:57:18',1),(196,196,196,NULL,2000.00,0.00,NULL,'due','YEAR-196-1',NULL,'2025-09-11 19:57:18','2025-09-11 19:57:18',1),(197,197,197,NULL,2000.00,0.00,NULL,'due','YEAR-197-1',NULL,'2025-09-11 19:57:18','2025-09-11 19:57:18',1),(198,198,198,NULL,2000.00,1000.00,NULL,'partial','YEAR-198-1',NULL,'2025-09-11 19:57:18','2025-09-18 07:24:38',1),(199,199,199,NULL,2000.00,0.00,NULL,'due','YEAR-199-1',NULL,'2025-09-11 19:57:18','2025-09-11 19:57:18',1),(200,200,200,NULL,2000.00,0.00,NULL,'due','YEAR-200-1',NULL,'2025-09-11 19:57:18','2025-09-11 19:57:18',1),(201,201,201,NULL,2000.00,1000.00,NULL,'partial','YEAR-201-1',NULL,'2025-09-11 19:57:18','2025-09-15 07:36:20',1),(202,202,202,NULL,2000.00,0.00,NULL,'due','YEAR-202-1',NULL,'2025-09-11 19:57:18','2025-09-11 19:57:18',1),(203,203,203,NULL,2000.00,0.00,NULL,'due','YEAR-203-1',NULL,'2025-09-11 19:57:18','2025-09-11 19:57:18',1),(204,204,204,NULL,2000.00,200.00,NULL,'partial','YEAR-204-1',NULL,'2025-09-11 19:57:18','2025-09-13 12:43:39',1),(205,205,205,NULL,2000.00,0.00,NULL,'due','YEAR-205-1',NULL,'2025-09-11 19:57:18','2025-09-11 19:57:18',1),(206,206,206,NULL,2000.00,0.00,NULL,'due','YEAR-206-1',NULL,'2025-09-11 19:57:18','2025-09-11 19:57:18',1),(207,207,207,NULL,2000.00,0.00,NULL,'due','YEAR-207-1',NULL,'2025-09-11 19:57:18','2025-09-11 19:57:18',1),(208,208,208,NULL,1800.00,300.00,NULL,'partial','YEAR-208-1',NULL,'2025-09-11 19:57:18','2025-09-13 16:23:24',1),(209,209,209,NULL,2000.00,300.00,NULL,'partial','YEAR-209-1',NULL,'2025-09-11 19:57:18','2025-09-13 16:22:38',1),(210,210,210,NULL,1200.00,1200.00,NULL,'paid','YEAR-210-1',NULL,'2025-09-11 19:57:18','2025-09-13 15:37:34',1),(211,211,211,NULL,1800.00,1800.00,NULL,'paid','YEAR-211-1',NULL,'2025-09-11 19:57:18','2025-09-13 15:36:42',1),(212,212,212,NULL,1800.00,0.00,NULL,'due','YEAR-212-1',NULL,'2025-09-11 19:57:18','2025-09-11 19:57:18',1),(213,213,213,NULL,2000.00,1000.00,NULL,'partial','YEAR-213-1',NULL,'2025-09-11 19:57:18','2025-09-13 15:40:03',1),(214,214,214,NULL,1200.00,0.00,NULL,'due','YEAR-214-1',NULL,'2025-09-11 19:57:18','2025-09-11 19:57:18',1),(215,215,215,NULL,1800.00,1000.00,NULL,'partial','YEAR-215-1',NULL,'2025-09-11 19:57:18','2025-09-13 15:27:19',1),(216,216,216,NULL,1200.00,800.00,NULL,'partial','YEAR-216-1',NULL,'2025-09-11 19:57:18','2025-09-13 15:14:16',1),(217,217,217,NULL,1200.00,1200.00,NULL,'paid','YEAR-217-1',NULL,'2025-09-11 19:57:18','2025-09-18 07:23:16',1),(218,218,218,NULL,1200.00,250.00,NULL,'partial','YEAR-218-1',NULL,'2025-09-11 19:57:18','2025-09-14 08:48:47',1),(219,219,219,NULL,1200.00,0.00,NULL,'due','YEAR-219-1',NULL,'2025-09-11 19:57:18','2025-09-11 19:57:18',1),(220,220,220,NULL,1200.00,600.00,NULL,'partial','YEAR-220-1',NULL,'2025-09-11 19:57:18','2025-09-13 17:00:46',1),(221,221,221,NULL,1200.00,0.00,NULL,'due','YEAR-221-1',NULL,'2025-09-11 19:57:18','2025-09-11 19:57:18',1),(222,222,222,NULL,1800.00,0.00,NULL,'due','YEAR-222-1',NULL,'2025-09-11 19:57:18','2025-09-11 19:57:18',1),(223,223,223,NULL,1200.00,100.00,NULL,'partial','YEAR-223-1',NULL,'2025-09-11 19:57:18','2025-09-13 15:02:42',1),(224,224,224,NULL,1200.00,800.00,NULL,'partial','YEAR-224-1',NULL,'2025-09-11 19:57:18','2025-09-13 15:09:36',1),(225,225,225,NULL,1200.00,1200.00,NULL,'paid','YEAR-225-1',NULL,'2025-09-11 19:57:18','2025-09-13 17:23:57',1),(226,226,226,NULL,1200.00,0.00,NULL,'due','YEAR-226-1',NULL,'2025-09-11 19:57:18','2025-09-11 19:57:18',1),(227,227,227,NULL,1200.00,700.00,NULL,'partial','YEAR-227-1',NULL,'2025-09-11 19:57:18','2025-09-15 08:27:26',1),(228,228,228,NULL,1200.00,0.00,NULL,'due','YEAR-228-1',NULL,'2025-09-11 19:57:18','2025-09-11 19:57:18',1),(230,230,230,NULL,1800.00,1000.00,NULL,'partial','YEAR-230-1',NULL,'2025-09-11 19:57:18','2025-09-13 16:46:25',1),(231,231,231,NULL,2000.00,1000.00,NULL,'partial','YEAR-231-1',NULL,'2025-09-11 19:57:18','2025-09-13 12:18:51',1),(232,232,232,NULL,1800.00,1000.00,NULL,'partial','YEAR-232-1',NULL,'2025-09-11 19:57:18','2025-09-13 17:50:41',1),(233,233,233,NULL,1800.00,0.00,NULL,'due','YEAR-233-1',NULL,'2025-09-11 19:57:18','2025-09-11 19:57:18',1),(234,234,234,NULL,1800.00,1800.00,NULL,'paid','YEAR-234-1',NULL,'2025-09-11 19:57:18','2025-09-13 17:25:31',1),(235,235,235,NULL,1800.00,1800.00,NULL,'paid','YEAR-235-1',NULL,'2025-09-11 19:57:18','2025-09-13 17:26:23',1),(236,236,236,NULL,2000.00,2000.00,NULL,'paid','YEAR-236-1',NULL,'2025-09-11 19:57:18','2025-09-13 17:24:51',1),(237,237,237,NULL,1800.00,1000.00,NULL,'partial','YEAR-237-1',NULL,'2025-09-11 19:57:18','2025-09-13 17:28:53',1),(238,238,238,NULL,1800.00,1000.00,NULL,'partial','YEAR-238-1',NULL,'2025-09-11 19:57:18','2025-09-13 13:07:26',1),(239,239,239,NULL,1800.00,1000.00,NULL,'partial','YEAR-239-1',NULL,'2025-09-11 19:57:18','2025-09-13 13:08:31',1),(240,240,240,NULL,1800.00,1000.00,NULL,'partial','YEAR-240-1',NULL,'2025-09-11 19:57:18','2025-09-13 16:47:07',1),(241,241,241,NULL,1800.00,1000.00,NULL,'partial','YEAR-241-1',NULL,'2025-09-11 19:57:18','2025-09-13 13:09:05',1),(242,242,242,NULL,4500.00,2500.00,NULL,'partial','YEAR-242-1',NULL,'2025-09-11 19:57:18','2025-09-14 04:51:33',1),(243,243,243,NULL,1800.00,1000.00,NULL,'partial','YEAR-243-1',NULL,'2025-09-11 19:57:18','2025-09-13 17:37:13',1),(244,244,244,NULL,1800.00,1000.00,NULL,'partial','YEAR-244-1',NULL,'2025-09-11 19:57:18','2025-09-13 17:37:43',1),(245,245,245,NULL,1800.00,1000.00,NULL,'partial','YEAR-245-1',NULL,'2025-09-11 19:57:18','2025-09-15 08:24:47',1),(246,246,246,NULL,1800.00,100.00,NULL,'partial','YEAR-246-1',NULL,'2025-09-11 19:57:18','2025-09-13 15:03:37',1),(247,247,247,NULL,1800.00,100.00,NULL,'partial','YEAR-247-1',NULL,'2025-09-11 19:57:18','2025-09-13 15:04:12',1),(248,248,248,NULL,1200.00,0.00,NULL,'due','YEAR-248-1',NULL,'2025-09-11 19:57:18','2025-09-11 19:57:18',1),(249,249,249,NULL,1800.00,1000.00,NULL,'partial','YEAR-249-1',NULL,'2025-09-11 19:57:18','2025-09-13 16:24:36',1),(250,250,250,NULL,1200.00,0.00,NULL,'due','YEAR-250-1',NULL,'2025-09-11 19:57:18','2025-09-11 19:57:18',1),(251,251,251,NULL,4500.00,0.00,NULL,'due','YEAR-251-1',NULL,'2025-09-11 19:57:18','2025-09-11 19:57:18',1),(252,252,252,NULL,1800.00,0.00,NULL,'due','YEAR-252-1',NULL,'2025-09-11 19:57:18','2025-09-11 19:57:18',1),(253,253,253,NULL,1800.00,500.00,NULL,'partial','YEAR-253-1',NULL,'2025-09-11 19:57:18','2025-09-13 09:14:42',1),(254,254,254,NULL,2000.00,0.00,NULL,'due','YEAR-254-1',NULL,'2025-09-11 19:57:18','2025-09-11 19:57:18',1),(255,255,255,NULL,4500.00,0.00,NULL,'due','YEAR-255-1',NULL,'2025-09-11 19:57:18','2025-09-11 19:57:18',1),(256,256,256,NULL,1800.00,250.00,NULL,'partial','YEAR-256-1',NULL,'2025-09-11 19:57:18','2025-09-14 08:46:19',1),(257,257,257,NULL,4500.00,0.00,NULL,'due','YEAR-257-1',NULL,'2025-09-11 19:57:18','2025-09-11 19:57:18',1),(258,258,258,NULL,1800.00,0.00,NULL,'due','YEAR-258-1',NULL,'2025-09-11 19:57:18','2025-09-11 19:57:18',1),(259,259,259,NULL,1800.00,0.00,NULL,'due','YEAR-259-1',NULL,'2025-09-11 19:57:18','2025-09-11 19:57:18',1),(260,260,260,NULL,4500.00,0.00,NULL,'due','YEAR-260-1',NULL,'2025-09-11 19:57:18','2025-09-11 19:57:18',1),(261,261,261,NULL,2000.00,0.00,NULL,'due','YEAR-261-1',NULL,'2025-09-11 19:57:18','2025-09-11 19:57:18',1),(262,262,262,NULL,1800.00,0.00,NULL,'due','YEAR-262-1',NULL,'2025-09-11 19:57:18','2025-09-11 19:57:18',1),(263,263,263,NULL,4500.00,0.00,NULL,'due','YEAR-263-1',NULL,'2025-09-11 19:57:18','2025-09-11 19:57:18',1),(264,264,264,NULL,4500.00,525.00,NULL,'partial','YEAR-264-1',NULL,'2025-09-11 19:57:18','2025-09-13 17:34:00',1),(265,265,265,NULL,1200.00,0.00,NULL,'due','YEAR-265-1',NULL,'2025-09-11 19:57:18','2025-09-11 19:57:18',1),(266,266,266,NULL,4500.00,2250.00,NULL,'partial','YEAR-266-1',NULL,'2025-09-11 19:57:18','2025-09-13 12:39:39',1),(267,267,267,NULL,1200.00,200.00,NULL,'partial','YEAR-267-1',NULL,'2025-09-11 19:57:18','2025-09-13 15:01:33',1),(268,268,268,NULL,2000.00,500.00,NULL,'partial','YEAR-268-1',NULL,'2025-09-11 19:57:18','2025-09-14 08:47:59',1),(269,269,269,NULL,4500.00,500.00,NULL,'partial','YEAR-269-1',NULL,'2025-09-11 19:57:18','2025-09-13 08:07:23',1),(270,270,270,NULL,1800.00,0.00,NULL,'due','YEAR-270-1',NULL,'2025-09-11 19:57:18','2025-09-11 19:57:18',1),(271,271,271,NULL,4500.00,500.00,NULL,'partial','YEAR-271-1',NULL,'2025-09-11 19:57:18','2025-09-13 09:57:53',1),(272,272,272,NULL,4500.00,4500.00,NULL,'paid','YEAR-272-1',NULL,'2025-09-11 19:57:18','2025-09-13 06:57:35',1),(273,273,273,NULL,4500.00,4500.00,NULL,'paid','YEAR-273-1',NULL,'2025-09-11 19:57:18','2025-09-13 06:57:00',1),(274,274,274,NULL,4500.00,0.00,NULL,'due','YEAR-274-1',NULL,'2025-09-11 19:57:18','2025-09-11 19:57:18',1),(275,275,275,NULL,2000.00,0.00,NULL,'due','YEAR-275-1',NULL,'2025-09-11 19:57:18','2025-09-11 19:57:18',1),(276,276,276,NULL,4500.00,2500.00,NULL,'partial','YEAR-276-1',NULL,'2025-09-11 19:57:18','2025-09-13 17:30:13',1),(277,277,277,NULL,1800.00,300.00,NULL,'partial','YEAR-277-1',NULL,'2025-09-11 19:57:18','2025-09-13 09:54:11',1),(278,278,278,NULL,4500.00,0.00,NULL,'due','YEAR-278-1',NULL,'2025-09-11 19:57:18','2025-09-11 19:57:18',1),(279,279,279,NULL,4500.00,2225.00,NULL,'partial','YEAR-279-1',NULL,'2025-09-11 19:57:18','2025-09-17 10:22:07',1),(280,280,280,NULL,4500.00,0.00,NULL,'due','YEAR-280-1',NULL,'2025-09-11 19:57:18','2025-09-11 19:57:18',1),(281,281,281,NULL,4500.00,500.00,NULL,'partial','YEAR-281-1',NULL,'2025-09-11 19:57:18','2025-09-13 17:13:10',1),(282,282,282,NULL,4500.00,4500.00,NULL,'paid','YEAR-282-1',NULL,'2025-09-11 19:57:18','2025-09-13 16:20:13',1),(283,283,283,NULL,1800.00,1000.00,NULL,'partial','YEAR-283-1',NULL,'2025-09-11 19:57:18','2025-09-13 15:09:05',1),(284,284,284,NULL,4500.00,2250.00,NULL,'partial','YEAR-284-1',NULL,'2025-09-11 19:57:18','2025-09-14 10:21:06',1),(285,285,285,NULL,2000.00,1000.00,NULL,'partial','YEAR-285-1',NULL,'2025-09-11 19:57:18','2025-09-13 12:27:35',1),(286,286,286,NULL,1800.00,1000.00,NULL,'partial','YEAR-286-1',NULL,'2025-09-11 19:57:18','2025-09-13 12:28:12',1),(287,287,287,NULL,4500.00,500.00,NULL,'partial','YEAR-287-1',NULL,'2025-09-11 19:57:18','2025-09-13 07:33:47',1),(288,288,288,NULL,1800.00,0.00,NULL,'due','YEAR-288-1',NULL,'2025-09-11 19:57:18','2025-09-11 19:57:18',1),(289,289,289,NULL,4500.00,2250.00,NULL,'partial','YEAR-289-1',NULL,'2025-09-11 19:57:18','2025-09-13 14:51:56',1),(290,290,290,NULL,1800.00,0.00,NULL,'due','YEAR-290-1',NULL,'2025-09-11 19:57:18','2025-09-11 19:57:18',1),(291,291,291,NULL,4500.00,500.00,NULL,'partial','YEAR-291-1',NULL,'2025-09-11 19:57:18','2025-09-13 09:58:25',1),(292,292,292,NULL,1800.00,0.00,NULL,'due','YEAR-292-1',NULL,'2025-09-11 19:57:18','2025-09-11 19:57:18',1),(293,293,293,NULL,4500.00,500.00,NULL,'partial','YEAR-293-1',NULL,'2025-09-11 19:57:18','2025-09-13 08:11:49',1),(294,294,294,NULL,4500.00,500.00,NULL,'partial','YEAR-294-1',NULL,'2025-09-11 19:57:18','2025-09-13 17:03:28',1),(295,295,295,NULL,1800.00,200.00,NULL,'partial','YEAR-295-1',NULL,'2025-09-11 19:57:18','2025-09-13 15:14:56',1),(296,296,296,NULL,4500.00,500.00,NULL,'partial','YEAR-296-1',NULL,'2025-09-11 19:57:19','2025-09-13 08:42:49',1),(297,297,297,NULL,1800.00,0.00,NULL,'due','YEAR-297-1',NULL,'2025-09-11 19:57:19','2025-09-11 19:57:19',1),(298,298,298,NULL,4500.00,2225.00,NULL,'partial','YEAR-298-1',NULL,'2025-09-11 19:57:19','2025-09-13 07:52:07',1),(299,299,299,NULL,1800.00,0.00,NULL,'due','YEAR-299-1',NULL,'2025-09-11 19:57:19','2025-09-11 19:57:19',1),(300,300,300,NULL,4500.00,2225.00,NULL,'partial','YEAR-300-1',NULL,'2025-09-11 19:57:19','2025-09-13 07:41:24',1),(301,301,301,NULL,1800.00,0.00,NULL,'due','YEAR-301-1',NULL,'2025-09-11 19:57:19','2025-09-11 19:57:19',1),(302,302,302,NULL,1800.00,200.00,NULL,'partial','YEAR-302-1',NULL,'2025-09-11 19:57:19','2025-09-13 12:21:13',1),(303,303,303,NULL,4500.00,500.00,NULL,'partial','YEAR-303-1',NULL,'2025-09-11 19:57:19','2025-09-13 17:14:29',1),(304,304,304,NULL,1200.00,800.00,NULL,'partial','YEAR-304-1',NULL,'2025-09-11 19:57:19','2025-09-17 09:23:50',1),(305,305,305,NULL,4500.00,0.00,NULL,'due','YEAR-305-1',NULL,'2025-09-11 19:57:19','2025-09-11 19:57:19',1),(306,306,306,NULL,1200.00,800.00,NULL,'partial','YEAR-306-1',NULL,'2025-09-11 19:57:19','2025-09-13 17:43:01',1),(307,307,307,NULL,4500.00,0.00,NULL,'due','YEAR-307-1',NULL,'2025-09-11 19:57:19','2025-09-11 19:57:19',1),(308,308,308,NULL,4500.00,0.00,NULL,'due','YEAR-308-1',NULL,'2025-09-11 19:57:19','2025-09-11 19:57:19',1),(309,309,309,NULL,1800.00,0.00,NULL,'due','YEAR-309-1',NULL,'2025-09-11 19:57:19','2025-09-11 19:57:19',1),(310,310,310,NULL,4500.00,1970.00,NULL,'partial','YEAR-310-1',NULL,'2025-09-11 19:57:19','2025-09-14 10:25:44',1),(311,311,311,NULL,4500.00,0.00,NULL,'due','YEAR-311-1',NULL,'2025-09-11 19:57:19','2025-09-11 19:57:19',1),(313,313,313,NULL,1800.00,0.00,NULL,'due','YEAR-313-1',NULL,'2025-09-11 19:57:19','2025-09-11 19:57:19',1),(314,314,314,NULL,4500.00,0.00,NULL,'due','YEAR-314-1',NULL,'2025-09-11 19:57:19','2025-09-11 19:57:19',1),(316,316,316,NULL,1800.00,1000.00,NULL,'partial','YEAR-316-1',NULL,'2025-09-11 19:57:19','2025-09-13 15:16:04',1),(317,317,317,NULL,4500.00,0.00,NULL,'due','YEAR-317-1',NULL,'2025-09-11 19:57:19','2025-09-11 19:57:19',1),(318,318,318,NULL,1800.00,0.00,NULL,'due','YEAR-318-1',NULL,'2025-09-11 19:57:19','2025-09-11 19:57:19',1),(319,319,319,NULL,4500.00,2500.00,NULL,'partial','YEAR-319-1',NULL,'2025-09-11 19:57:19','2025-09-13 16:25:21',1),(320,320,320,NULL,4500.00,0.00,NULL,'due','YEAR-320-1',NULL,'2025-09-11 19:57:19','2025-09-11 19:57:19',1),(321,321,321,NULL,4500.00,4500.00,NULL,'paid','YEAR-321-1',NULL,'2025-09-11 19:57:19','2025-10-04 20:55:17',1),(322,322,322,NULL,4500.00,500.00,NULL,'partial','YEAR-322-1',NULL,'2025-09-11 19:57:19','2025-09-13 12:25:27',1),(323,323,323,NULL,4500.00,4500.00,NULL,'paid','YEAR-323-1',NULL,'2025-09-11 19:57:19','2025-09-13 16:01:13',1),(324,324,324,NULL,4500.00,4500.00,NULL,'paid','YEAR-324-1',NULL,'2025-09-11 19:57:19','2025-09-13 15:59:31',1),(325,325,325,NULL,4500.00,500.00,NULL,'partial','YEAR-325-1',NULL,'2025-09-11 19:57:19','2025-09-13 12:33:10',1),(326,326,326,NULL,4500.00,2225.00,NULL,'partial','YEAR-326-1',NULL,'2025-09-11 19:57:19','2025-09-14 06:11:14',1),(327,327,327,NULL,4500.00,0.00,NULL,'due','YEAR-327-1',NULL,'2025-09-11 19:57:19','2025-09-11 19:57:19',1),(328,328,328,NULL,4500.00,1500.00,NULL,'partial','YEAR-328-1',NULL,'2025-09-11 19:57:19','2025-09-13 17:28:19',1),(329,329,329,NULL,4500.00,2000.00,NULL,'partial','YEAR-329-1',NULL,'2025-09-11 19:57:19','2025-09-13 08:05:54',1),(330,330,330,NULL,4500.00,2225.00,NULL,'partial','YEAR-330-1',NULL,'2025-09-11 19:57:19','2025-09-17 10:24:15',1),(331,331,331,NULL,4500.00,0.00,NULL,'due','YEAR-331-1',NULL,'2025-09-11 19:57:19','2025-09-11 19:57:19',1),(332,333,333,NULL,4500.00,0.00,NULL,'due','YEAR-333-1',NULL,'2025-09-11 19:57:19','2025-09-11 19:57:19',1),(333,334,334,NULL,4500.00,475.00,NULL,'partial','YEAR-334-1',NULL,'2025-09-11 19:57:19','2025-09-13 15:22:46',1),(334,335,335,NULL,4500.00,0.00,NULL,'due','YEAR-335-1',NULL,'2025-09-11 19:57:19','2025-09-11 19:57:19',1),(335,336,336,NULL,4500.00,0.00,NULL,'due','YEAR-336-1',NULL,'2025-09-11 19:57:19','2025-09-11 19:57:19',1),(336,337,337,NULL,4500.00,0.00,NULL,'due','YEAR-337-1',NULL,'2025-09-11 19:57:19','2025-09-11 19:57:19',1),(337,338,338,NULL,4500.00,2000.00,NULL,'partial','YEAR-338-1',NULL,'2025-09-11 19:57:19','2025-09-13 08:04:40',1),(338,339,339,NULL,4500.00,0.00,NULL,'due','YEAR-339-1',NULL,'2025-09-11 19:57:19','2025-09-11 19:57:19',1),(339,340,340,NULL,4500.00,500.00,NULL,'partial','YEAR-340-1',NULL,'2025-09-11 19:57:19','2025-09-13 12:34:56',1),(340,341,341,NULL,4500.00,500.00,NULL,'partial','YEAR-341-1',NULL,'2025-09-11 19:57:19','2025-09-13 07:42:58',1),(341,342,342,NULL,4500.00,0.00,NULL,'due','YEAR-342-1',NULL,'2025-09-11 19:57:19','2025-09-11 19:57:19',1),(342,343,343,NULL,4500.00,0.00,NULL,'due','YEAR-343-1',NULL,'2025-09-11 19:57:19','2025-09-11 19:57:19',1),(343,344,344,NULL,4500.00,500.00,NULL,'partial','YEAR-344-1',NULL,'2025-09-11 19:57:19','2025-09-13 17:40:26',1),(344,345,345,NULL,4500.00,0.00,NULL,'due','YEAR-345-1',NULL,'2025-09-11 19:57:19','2025-09-11 19:57:19',1),(345,346,346,NULL,4500.00,500.00,NULL,'partial','YEAR-346-1',NULL,'2025-09-11 19:57:19','2025-09-13 09:52:55',1),(346,347,347,NULL,1800.00,1000.00,NULL,'partial','YEAR-347-1',NULL,'2025-09-11 19:57:19','2025-09-17 05:41:12',1),(347,348,348,NULL,5000.00,0.00,NULL,'due','YEAR-348-1',NULL,'2025-09-11 19:57:19','2025-09-11 19:57:19',1),(348,349,349,NULL,3500.00,500.00,NULL,'partial','YEAR-349-1',NULL,'2025-09-11 19:57:19','2025-09-13 09:56:24',1),(349,350,350,NULL,3500.00,2000.00,NULL,'partial','YEAR-350-1',NULL,'2025-09-11 19:57:19','2025-09-14 04:40:13',1),(350,351,351,NULL,5000.00,0.00,NULL,'due','YEAR-351-1',NULL,'2025-09-11 19:57:19','2025-09-11 19:57:19',1),(351,352,352,NULL,5000.00,0.00,NULL,'due','YEAR-352-1',NULL,'2025-09-11 19:57:19','2025-09-11 19:57:19',1),(352,353,353,NULL,5000.00,500.00,NULL,'partial','YEAR-353-1',NULL,'2025-09-11 19:57:19','2025-09-13 12:23:58',1),(353,354,354,NULL,5000.00,500.00,NULL,'partial','YEAR-354-1',NULL,'2025-09-11 19:57:19','2025-09-13 17:51:56',1),(354,355,355,NULL,5000.00,425.00,NULL,'partial','YEAR-355-1',NULL,'2025-09-11 19:57:19','2025-09-18 10:02:32',1),(355,356,356,NULL,5000.00,0.00,NULL,'due','YEAR-356-1',NULL,'2025-09-11 19:57:19','2025-09-11 19:57:19',1),(356,357,357,NULL,5000.00,5000.00,NULL,'paid','YEAR-357-1',NULL,'2025-09-11 19:57:19','2025-09-24 19:49:02',1),(357,358,358,NULL,5000.00,5000.00,NULL,'paid','YEAR-358-1',NULL,'2025-09-11 19:57:19','2025-09-13 07:24:42',1),(358,359,359,NULL,5000.00,5000.00,NULL,'paid','YEAR-359-1',NULL,'2025-09-11 19:57:19','2025-09-13 07:26:57',1),(360,361,361,NULL,5000.00,0.00,NULL,'due','YEAR-361-1',NULL,'2025-09-11 19:57:19','2025-09-11 19:57:19',1),(361,362,362,NULL,5000.00,2500.00,NULL,'partial','YEAR-362-1',NULL,'2025-09-11 19:57:19','2025-09-14 06:03:50',1),(362,363,363,NULL,5000.00,0.00,NULL,'due','YEAR-363-1',NULL,'2025-09-11 19:57:19','2025-09-11 19:57:19',1),(363,364,364,NULL,5000.00,500.00,NULL,'partial','YEAR-364-1',NULL,'2025-09-11 19:57:19','2025-09-13 09:46:07',1),(364,365,365,NULL,5000.00,500.00,NULL,'partial','YEAR-365-1',NULL,'2025-09-11 19:57:19','2025-09-13 12:35:33',1),(365,366,366,NULL,5000.00,2000.00,NULL,'partial','YEAR-366-1',NULL,'2025-09-11 19:57:19','2025-09-18 10:25:25',1),(367,368,368,NULL,5000.00,500.00,NULL,'partial','YEAR-368-1',NULL,'2025-09-11 19:57:19','2025-09-13 13:11:21',1),(368,369,369,NULL,5000.00,1225.00,NULL,'partial','YEAR-369-1',NULL,'2025-09-11 19:57:19','2025-09-13 12:51:03',1),(369,370,370,NULL,5000.00,0.00,NULL,'due','YEAR-370-1',NULL,'2025-09-11 19:57:19','2025-09-11 19:57:19',1),(370,371,371,NULL,5000.00,0.00,NULL,'due','YEAR-371-1',NULL,'2025-09-11 19:57:19','2025-09-11 19:57:19',1),(371,372,372,NULL,5000.00,2500.00,NULL,'partial','YEAR-372-1',NULL,'2025-09-11 19:57:19','2025-09-13 14:52:26',1),(372,373,373,NULL,5000.00,0.00,NULL,'due','YEAR-373-1',NULL,'2025-09-11 19:57:19','2025-09-11 19:57:19',1),(373,374,374,NULL,5000.00,0.00,NULL,'due','YEAR-374-1',NULL,'2025-09-11 19:57:19','2025-09-11 19:57:19',1),(374,375,375,NULL,4500.00,0.00,NULL,'due','YEAR-375-1',NULL,'2025-09-11 19:57:19','2025-09-11 19:57:19',1),(375,376,376,NULL,4500.00,0.00,NULL,'due','YEAR-376-1',NULL,'2025-09-11 19:57:19','2025-09-11 19:57:19',1),(376,377,377,NULL,4500.00,2500.00,NULL,'partial','YEAR-377-1',NULL,'2025-09-11 19:57:19','2025-09-15 10:03:08',1),(377,378,378,NULL,4500.00,0.00,NULL,'due','YEAR-378-1',NULL,'2025-09-11 19:57:19','2025-09-11 19:57:19',1),(378,379,379,NULL,4500.00,2250.00,NULL,'partial','YEAR-379-1',NULL,'2025-09-11 19:57:19','2025-09-13 15:54:37',1),(379,380,380,NULL,4500.00,0.00,NULL,'due','YEAR-380-1',NULL,'2025-09-11 19:57:19','2025-09-11 19:57:19',1),(380,381,381,NULL,4500.00,1500.00,NULL,'partial','YEAR-381-1',NULL,'2025-09-11 19:57:19','2025-09-15 05:07:23',1),(381,382,382,NULL,4500.00,2000.00,NULL,'partial','YEAR-382-1',NULL,'2025-09-11 19:57:19','2025-09-13 07:57:13',1),(382,383,383,NULL,4500.00,500.00,NULL,'partial','YEAR-383-1',NULL,'2025-09-11 19:57:19','2025-09-13 09:03:27',1),(383,384,384,NULL,4500.00,455.00,NULL,'partial','YEAR-384-1',NULL,'2025-09-11 19:57:19','2025-09-13 08:13:36',1),(384,385,385,NULL,4500.00,500.00,NULL,'partial','YEAR-385-1',NULL,'2025-09-11 19:57:19','2025-09-13 17:11:58',1),(385,386,386,NULL,5000.00,5000.00,NULL,'paid','YEAR-386-1',NULL,'2025-09-11 19:57:19','2025-09-28 15:30:44',1),(386,387,387,NULL,5000.00,0.00,NULL,'due','YEAR-387-1',NULL,'2025-09-11 19:57:19','2025-09-11 19:57:19',1),(387,388,388,NULL,5000.00,0.00,NULL,'due','YEAR-388-1',NULL,'2025-09-11 19:57:19','2025-09-11 19:57:19',1),(388,389,389,NULL,5000.00,0.00,NULL,'due','YEAR-389-1',NULL,'2025-09-11 19:57:19','2025-09-11 19:57:19',1),(389,390,390,NULL,5000.00,0.00,NULL,'due','YEAR-390-1',NULL,'2025-09-11 19:57:19','2025-09-11 19:57:19',1),(390,391,391,NULL,5000.00,2495.00,NULL,'partial','YEAR-391-1',NULL,'2025-09-11 19:57:19','2025-09-13 15:53:12',1),(391,392,392,NULL,5000.00,2500.00,NULL,'partial','YEAR-392-1',NULL,'2025-09-11 19:57:19','2025-09-13 10:05:58',1),(392,393,393,NULL,5000.00,500.00,NULL,'partial','YEAR-393-1',NULL,'2025-09-11 19:57:19','2025-09-13 12:22:38',1),(393,394,394,NULL,5000.00,0.00,NULL,'due','YEAR-394-1',NULL,'2025-09-11 19:57:19','2025-09-11 19:57:19',1),(394,395,395,NULL,5000.00,500.00,NULL,'partial','YEAR-395-1',NULL,'2025-09-11 19:57:19','2025-09-13 07:34:29',1),(395,396,396,NULL,5000.00,4667.00,NULL,'partial','YEAR-396-1',NULL,'2025-09-11 19:57:19','2025-09-27 16:32:31',1),(396,397,397,NULL,5000.00,2500.00,NULL,'partial','YEAR-397-1',NULL,'2025-09-11 19:57:19','2025-09-13 16:21:44',1),(397,398,398,NULL,5000.00,1000.00,NULL,'partial','YEAR-398-1',NULL,'2025-09-11 19:57:19','2025-09-14 05:42:08',1),(398,399,399,NULL,5000.00,2500.00,NULL,'partial','YEAR-399-1',NULL,'2025-09-11 19:57:19','2025-09-15 10:00:51',1),(399,400,400,NULL,5000.00,500.00,NULL,'partial','YEAR-400-1',NULL,'2025-09-11 19:57:19','2025-09-13 08:09:33',1),(400,401,401,NULL,5000.00,0.00,NULL,'due','YEAR-401-1',NULL,'2025-09-11 19:57:19','2025-09-11 19:57:19',1),(401,402,402,NULL,5000.00,0.00,NULL,'due','YEAR-402-1',NULL,'2025-09-11 19:57:19','2025-09-11 19:57:19',1),(402,403,403,NULL,5000.00,0.00,NULL,'due','YEAR-403-1',NULL,'2025-09-11 19:57:19','2025-09-11 19:57:19',1),(404,405,405,NULL,5000.00,0.00,NULL,'due','YEAR-405-1',NULL,'2025-09-11 19:57:19','2025-09-11 19:57:19',1),(405,406,406,NULL,1800.00,0.00,NULL,'due','YEAR-406-1',NULL,'2025-09-11 19:57:19','2025-09-11 19:57:19',1),(406,407,407,NULL,3500.00,1750.00,NULL,'partial','YEAR-407-1',NULL,'2025-09-11 19:57:19','2025-09-13 16:43:27',1),(407,408,408,NULL,4500.00,0.00,NULL,'due','YEAR-408-1',NULL,'2025-09-11 19:57:19','2025-09-11 19:57:19',1),(408,409,409,NULL,4500.00,2250.00,NULL,'partial','YEAR-409-1',NULL,'2025-09-11 19:57:19','2025-09-13 16:42:27',1),(409,410,410,NULL,5000.00,2425.00,NULL,'partial','YEAR-410-1',NULL,'2025-09-11 19:57:19','2025-09-14 08:53:47',1),(410,411,411,NULL,4500.00,500.00,NULL,'partial','YEAR-411-1',NULL,'2025-09-11 19:57:19','2025-09-18 10:00:35',1),(411,412,412,NULL,4500.00,2135.00,NULL,'partial','YEAR-412-1',NULL,'2025-09-11 19:57:19','2025-09-13 16:38:26',1),(412,413,413,NULL,4500.00,2250.00,NULL,'partial','YEAR-413-1',NULL,'2025-09-11 19:57:19','2025-09-13 16:37:14',1),(413,414,414,NULL,4500.00,2260.00,NULL,'partial','YEAR-414-1',NULL,'2025-09-11 19:57:19','2025-09-13 15:58:34',1),(414,415,415,NULL,3500.00,2000.00,NULL,'partial','YEAR-415-1',NULL,'2025-09-11 19:57:19','2025-09-17 10:28:58',1),(415,416,416,NULL,3500.00,1235.00,NULL,'partial','YEAR-416-1',NULL,'2025-09-11 19:57:19','2025-09-13 17:32:30',1),(416,417,417,NULL,4500.00,2500.00,NULL,'partial','YEAR-417-1',NULL,'2025-09-11 19:57:19','2025-09-17 10:31:37',1),(417,418,418,NULL,3500.00,1860.00,NULL,'partial','YEAR-418-1',NULL,'2025-09-11 19:57:19','2025-09-13 15:32:02',1),(418,34,34,1,850.00,850.00,'2025-09-12','paid',NULL,NULL,'2025-09-12 06:10:26','2025-09-13 13:08:31',2),(419,35,35,1,850.00,550.00,'2025-09-12','partial',NULL,NULL,'2025-09-12 06:11:39','2025-09-29 11:28:38',2),(420,419,419,NULL,3500.00,2500.00,NULL,'partial','YEAR-419-1',NULL,'2025-09-12 15:51:39','2025-09-13 16:25:53',1),(421,420,420,NULL,4500.00,4500.00,NULL,'paid','YEAR-420-1',NULL,'2025-09-12 15:56:47','2025-09-13 15:49:29',1),(422,421,421,NULL,3500.00,1750.00,NULL,'partial','YEAR-421-1',NULL,'2025-09-12 16:02:03','2025-09-13 15:07:51',1),(423,422,422,NULL,3500.00,1750.00,NULL,'partial','YEAR-422-1',NULL,'2025-09-12 16:04:14','2025-09-13 15:45:21',1),(424,423,423,NULL,4500.00,4500.00,NULL,'paid','YEAR-423-1',NULL,'2025-09-12 16:06:31','2025-09-18 07:27:49',1),(425,424,424,NULL,3500.00,1750.00,NULL,'partial','YEAR-424-1',NULL,'2025-09-12 16:14:26','2025-09-13 12:54:37',1),(426,425,425,NULL,4500.00,1750.00,NULL,'partial','YEAR-425-1',NULL,'2025-09-12 16:16:36','2025-09-13 17:49:48',1),(427,426,426,NULL,4500.00,1475.00,NULL,'partial','YEAR-426-1',NULL,'2025-09-12 16:18:54','2025-09-13 17:21:07',1),(428,427,427,NULL,4500.00,500.00,NULL,'partial','YEAR-427-1',NULL,'2025-09-12 16:23:01','2025-09-13 08:55:25',1),(429,428,428,NULL,3500.00,1760.00,NULL,'partial','YEAR-428-1',NULL,'2025-09-12 16:25:22','2025-09-13 15:39:05',1),(430,429,429,NULL,4500.00,500.00,NULL,'partial','YEAR-429-1',NULL,'2025-09-12 16:27:50','2025-09-13 08:57:11',1),(431,430,430,NULL,3500.00,3500.00,NULL,'paid','YEAR-430-1',NULL,'2025-09-12 16:31:22','2025-09-13 15:47:57',1),(432,431,431,NULL,4500.00,2275.00,NULL,'partial','YEAR-431-1',NULL,'2025-09-12 16:42:39','2025-09-13 17:44:32',1),(433,432,432,NULL,4500.00,2250.00,NULL,'partial','YEAR-432-1',NULL,'2025-09-12 16:45:37','2025-09-13 15:25:22',1),(434,433,433,NULL,3500.00,1750.00,NULL,'partial','YEAR-433-1',NULL,'2025-09-12 16:49:30','2025-09-13 17:45:17',1),(435,434,434,NULL,4500.00,0.00,NULL,'due','YEAR-434-1',NULL,'2025-09-12 17:32:43','2025-09-12 17:32:43',1),(436,435,435,NULL,5000.00,1750.00,NULL,'partial','YEAR-435-1',NULL,'2025-09-12 17:35:51','2025-09-13 17:48:53',1),(437,436,436,NULL,5000.00,1725.00,NULL,'partial','YEAR-436-1',NULL,'2025-09-12 17:45:14','2025-09-13 13:02:35',1),(438,437,437,NULL,4500.00,2500.00,NULL,'partial','YEAR-437-1',NULL,'2025-09-12 17:48:02','2025-09-13 10:17:23',1),(439,438,438,NULL,4500.00,4500.00,NULL,'paid','YEAR-438-1',NULL,'2025-09-12 17:50:28','2025-09-13 15:42:09',1),(440,439,439,NULL,5000.00,5000.00,NULL,'paid','YEAR-439-1',NULL,'2025-09-12 17:52:20','2025-09-14 04:38:41',1),(441,440,440,NULL,4500.00,0.00,NULL,'due','YEAR-440-1',NULL,'2025-09-12 17:55:47','2025-09-12 17:55:47',1),(442,441,441,NULL,5000.00,2000.00,NULL,'partial','YEAR-441-1',NULL,'2025-09-12 17:58:54','2025-09-13 15:30:45',1),(443,442,442,NULL,4500.00,2000.00,NULL,'partial','YEAR-442-1',NULL,'2025-09-12 18:01:16','2025-09-13 15:31:23',1),(444,288,288,1,400.00,0.00,'2025-09-13','due',NULL,NULL,'2025-09-13 05:10:32','2025-09-13 05:10:32',3),(445,118,118,1,1007.00,0.00,'2025-09-13','due',NULL,NULL,'2025-09-13 05:11:20','2025-09-13 05:11:20',3),(446,11,11,1,2100.00,0.00,'2025-09-13','due',NULL,NULL,'2025-09-13 05:12:59','2025-09-13 05:12:59',3),(447,141,141,1,1780.00,0.00,'2025-09-13','due',NULL,NULL,'2025-09-13 05:14:22','2025-09-13 05:14:22',3),(448,111,111,1,1300.00,0.00,'2025-09-13','due',NULL,NULL,'2025-09-13 05:15:08','2025-09-13 05:15:08',3),(449,126,126,1,200.00,0.00,'2025-09-13','due',NULL,NULL,'2025-09-13 05:15:55','2025-09-13 05:15:55',3),(450,121,121,1,800.00,0.00,'2025-09-13','due',NULL,NULL,'2025-09-13 05:17:48','2025-09-13 05:17:48',3),(451,105,105,1,1699.00,0.00,'2025-09-13','due',NULL,NULL,'2025-09-13 05:20:14','2025-09-13 05:20:14',3),(452,222,222,1,2200.00,0.00,'2025-09-13','due',NULL,NULL,'2025-09-13 05:21:14','2025-09-13 05:21:14',3),(453,115,115,1,2700.00,0.00,'2025-09-13','due',NULL,NULL,'2025-09-13 05:27:22','2025-09-13 05:27:22',3),(454,54,54,1,800.00,0.00,'2025-09-13','due',NULL,NULL,'2025-09-13 05:28:17','2025-09-13 05:28:17',3),(455,50,50,1,800.00,0.00,'2025-09-13','due',NULL,NULL,'2025-09-13 05:28:45','2025-09-13 05:28:45',3),(456,18,18,1,1300.00,0.00,'2025-09-13','due',NULL,NULL,'2025-09-13 05:29:39','2025-09-13 05:29:39',3),(457,20,20,1,1300.00,0.00,'2025-09-13','due',NULL,NULL,'2025-09-13 05:30:11','2025-09-13 05:30:11',3),(458,63,63,1,800.00,0.00,'2025-09-13','due',NULL,NULL,'2025-09-13 05:30:50','2025-09-13 05:30:50',3),(459,48,48,1,800.00,0.00,'2025-09-13','due',NULL,NULL,'2025-09-13 05:31:33','2025-09-13 05:31:33',3),(460,53,53,1,800.00,0.00,'2025-09-13','due',NULL,NULL,'2025-09-13 05:32:14','2025-09-13 05:32:14',3),(461,166,166,1,1300.00,0.00,'2025-09-13','due',NULL,NULL,'2025-09-13 05:33:48','2025-09-13 05:33:48',3),(462,194,194,1,2500.00,0.00,'2025-09-13','due',NULL,NULL,'2025-09-13 05:34:28','2025-09-13 05:34:28',3),(463,206,206,1,1000.00,0.00,'2025-09-13','due',NULL,NULL,'2025-09-13 05:35:08','2025-09-13 05:35:08',3),(464,182,182,1,2000.00,0.00,'2025-09-13','due',NULL,NULL,'2025-09-13 05:35:41','2025-09-13 05:35:41',3),(465,167,167,1,500.00,0.00,'2025-09-13','due',NULL,NULL,'2025-09-13 05:36:12','2025-09-13 05:36:12',3),(466,158,158,1,1100.00,0.00,'2025-09-13','due',NULL,NULL,'2025-09-13 05:36:49','2025-09-13 05:36:49',3),(467,152,152,1,1000.00,0.00,'2025-09-13','due',NULL,NULL,'2025-09-13 05:37:19','2025-09-13 05:37:19',3),(468,170,170,1,1500.00,0.00,'2025-09-13','due',NULL,NULL,'2025-09-13 05:38:53','2025-09-13 05:38:53',3),(469,172,172,1,1500.00,0.00,'2025-09-13','due',NULL,NULL,'2025-09-13 05:39:57','2025-09-13 05:39:57',3),(470,146,146,1,1000.00,0.00,'2025-09-13','due',NULL,NULL,'2025-09-13 05:40:34','2025-09-13 05:40:34',3),(471,159,159,1,900.00,0.00,'2025-09-13','due',NULL,NULL,'2025-09-13 05:41:14','2025-09-13 05:41:14',3),(472,331,331,1,500.00,0.00,'2025-09-13','due',NULL,NULL,'2025-09-13 05:43:10','2025-09-13 05:43:10',3),(473,321,321,1,1750.00,0.00,'2025-09-13','due',NULL,NULL,'2025-09-13 05:43:44','2025-09-13 05:43:44',3),(474,396,396,1,3085.00,0.00,'2025-09-13','due',NULL,NULL,'2025-09-13 05:52:50','2025-09-13 05:52:50',3),(475,386,386,1,1750.00,0.00,'2025-09-13','due',NULL,NULL,'2025-09-13 05:54:05','2025-09-13 05:54:05',3),(476,370,370,1,500.00,0.00,'2025-09-13','due',NULL,NULL,'2025-09-13 05:54:40','2025-09-13 05:54:40',3),(477,348,348,1,1000.00,0.00,'2025-09-13','due',NULL,NULL,'2025-09-13 06:41:53','2025-09-13 06:41:53',3),(478,357,357,1,2695.00,0.00,'2025-09-13','refunded',NULL,NULL,'2025-09-13 06:42:30','2025-09-24 19:50:48',3),(479,273,273,1,725.00,725.00,'2025-09-13','paid',NULL,NULL,'2025-09-13 07:00:31','2025-09-13 07:01:00',2),(480,272,272,1,725.00,725.00,'2025-09-13','paid',NULL,NULL,'2025-09-13 07:01:38','2025-09-13 07:01:50',2),(481,358,358,1,775.00,775.00,'2025-09-13','paid',NULL,NULL,'2025-09-13 07:25:18','2025-09-13 07:25:37',2),(482,359,359,1,775.00,775.00,'2025-09-13','paid',NULL,NULL,'2025-09-13 07:27:30','2025-09-13 07:27:48',2),(483,287,287,1,725.00,725.00,'2025-09-13','paid',NULL,NULL,'2025-09-13 07:30:39','2025-09-13 07:30:57',2),(484,395,395,1,775.00,775.00,'2025-09-13','paid',NULL,NULL,'2025-09-13 07:33:06','2025-09-13 07:33:16',2),(485,437,437,1,765.00,765.00,'2025-09-13','paid',NULL,NULL,'2025-09-13 07:36:07','2025-09-13 07:36:15',2),(486,300,300,1,765.00,765.00,'2025-09-13','paid',NULL,NULL,'2025-09-13 07:42:14','2025-09-13 07:42:23',2),(487,377,377,1,765.00,765.00,'2025-09-13','paid',NULL,NULL,'2025-09-13 07:46:50','2025-09-13 07:47:04',2),(488,399,399,1,775.00,775.00,'2025-09-13','paid',NULL,NULL,'2025-09-13 07:47:42','2025-09-13 07:47:50',2),(489,298,298,1,765.00,765.00,'2025-09-13','paid',NULL,NULL,'2025-09-13 07:52:29','2025-09-13 07:52:37',2),(490,382,382,1,765.00,765.00,'2025-09-13','paid',NULL,NULL,'2025-09-13 07:54:19','2025-09-13 07:54:32',2),(491,338,338,1,750.00,750.00,'2025-09-13','paid',NULL,NULL,'2025-09-13 07:55:41','2025-09-13 07:55:49',2),(492,329,329,1,750.00,750.00,'2025-09-13','paid',NULL,NULL,'2025-09-13 07:56:19','2025-09-13 07:56:26',2),(493,269,269,1,725.00,725.00,'2025-09-13','paid',NULL,NULL,'2025-09-13 08:07:41','2025-09-13 08:07:49',2),(494,400,400,1,770.00,770.00,'2025-09-13','paid',NULL,NULL,'2025-09-13 08:10:05','2025-09-13 08:10:15',2),(495,293,293,1,725.00,725.00,'2025-09-13','paid',NULL,NULL,'2025-09-13 08:12:06','2025-09-13 08:12:15',2),(496,384,384,1,765.00,765.00,'2025-09-13','paid',NULL,NULL,'2025-09-13 08:13:57','2025-09-13 08:14:11',2),(497,374,374,1,775.00,775.00,'2025-09-13','paid',NULL,NULL,'2025-09-13 08:16:07','2025-09-13 08:16:16',2),(498,402,402,1,775.00,775.00,'2025-09-13','paid',NULL,NULL,'2025-09-13 08:16:51','2025-09-13 08:22:59',2),(499,296,296,1,765.00,765.00,'2025-09-13','paid',NULL,NULL,'2025-09-13 08:43:17','2025-09-13 08:43:22',2),(500,319,319,1,750.00,750.00,'2025-09-13','paid',NULL,NULL,'2025-09-13 08:45:28','2025-09-13 08:45:46',2),(501,441,441,1,765.00,765.00,'2025-09-13','paid',NULL,NULL,'2025-09-13 08:46:59','2025-09-13 08:47:05',2),(502,442,442,1,775.00,775.00,'2025-09-13','paid',NULL,NULL,'2025-09-13 08:47:43','2025-09-13 08:48:10',2),(503,427,427,1,725.00,725.00,'2025-09-13','paid',NULL,NULL,'2025-09-13 08:55:44','2025-09-13 08:55:58',2),(504,429,429,1,725.00,725.00,'2025-09-13','paid',NULL,NULL,'2025-09-13 08:58:00','2025-09-13 08:58:12',2),(505,278,278,1,725.00,725.00,'2025-09-13','paid',NULL,NULL,'2025-09-13 09:13:37','2025-09-13 09:13:46',2),(506,417,417,1,750.00,750.00,'2025-09-13','paid',NULL,NULL,'2025-09-13 09:16:25','2025-09-13 09:16:33',2),(507,372,372,1,775.00,775.00,'2025-09-13','paid',NULL,NULL,'2025-09-13 09:23:29','2025-09-13 09:23:39',2),(508,289,289,1,765.00,765.00,'2025-09-13','paid',NULL,NULL,'2025-09-13 09:25:20','2025-09-13 09:25:25',2),(509,339,339,1,750.00,750.00,'2025-09-13','paid',NULL,NULL,'2025-09-13 09:26:07','2025-09-13 09:26:22',2),(510,443,443,NULL,4500.00,500.00,NULL,'partial','YEAR-443-1',NULL,'2025-09-13 09:33:02','2025-09-13 09:42:47',1),(511,444,444,NULL,4500.00,500.00,NULL,'partial','YEAR-444-1',NULL,'2025-09-13 09:34:13','2025-09-13 09:49:08',1),(512,394,394,1,75.00,75.00,'2025-09-13','paid',NULL,NULL,'2025-09-13 09:41:09','2025-09-13 09:41:31',2),(513,443,443,1,750.00,750.00,'2025-09-13','paid',NULL,NULL,'2025-09-13 09:44:12','2025-09-13 09:44:24',2),(514,364,364,1,775.00,775.00,'2025-09-13','paid',NULL,NULL,'2025-09-13 09:46:44','2025-09-13 09:46:57',2),(515,444,444,1,725.00,725.00,'2025-09-13','paid',NULL,NULL,'2025-09-13 09:49:26','2025-09-13 09:49:43',2),(516,242,242,1,725.00,725.00,'2025-09-13','paid',NULL,NULL,'2025-09-13 09:50:56','2025-09-13 09:51:02',2),(517,346,346,1,750.00,750.00,'2025-09-13','paid',NULL,NULL,'2025-09-13 09:53:20','2025-09-13 09:53:31',2),(518,445,445,NULL,4500.00,500.00,NULL,'partial','YEAR-445-1',NULL,'2025-09-13 10:03:24','2025-09-13 10:04:14',1),(519,392,392,1,775.00,775.00,'2025-09-13','paid',NULL,NULL,'2025-09-13 10:06:26','2025-09-13 10:06:43',2),(520,436,436,1,775.00,775.00,'2025-09-13','paid',NULL,NULL,'2025-09-13 10:19:34','2025-09-13 10:19:40',2),(521,305,305,1,765.00,765.00,'2025-09-13','paid',NULL,NULL,'2025-09-13 10:20:12','2025-09-13 10:20:29',2),(522,355,355,1,775.00,775.00,'2025-09-13','paid',NULL,NULL,'2025-09-13 10:21:22','2025-09-13 10:21:36',2),(523,393,393,1,775.00,775.00,'2025-09-13','paid',NULL,NULL,'2025-09-13 12:22:59','2025-09-13 12:23:15',2),(524,353,353,1,775.00,775.00,'2025-09-13','paid',NULL,NULL,'2025-09-13 12:24:12','2025-09-13 12:24:27',2),(525,322,322,1,750.00,750.00,'2025-09-13','paid',NULL,NULL,'2025-09-13 12:25:48','2025-09-13 12:26:00',2),(526,376,376,1,765.00,765.00,'2025-09-13','paid',NULL,NULL,'2025-09-13 12:31:04','2025-09-13 12:31:23',2),(527,388,388,1,775.00,775.00,'2025-09-13','paid',NULL,NULL,'2025-09-13 12:31:59','2025-09-13 12:32:10',2),(528,325,325,1,750.00,750.00,'2025-09-13','paid',NULL,NULL,'2025-09-13 12:33:33','2025-09-13 12:33:53',2),(529,365,365,1,775.00,775.00,'2025-09-13','paid',NULL,NULL,'2025-09-13 12:36:47','2025-09-13 12:37:21',2),(530,340,340,1,750.00,750.00,'2025-09-13','paid',NULL,NULL,'2025-09-13 12:38:00','2025-09-13 12:38:14',2),(531,266,266,1,725.00,725.00,'2025-09-13','paid',NULL,NULL,'2025-09-13 12:40:00','2025-09-13 12:40:15',2),(532,420,420,1,725.00,725.00,'2025-09-13','paid',NULL,NULL,'2025-09-13 12:42:00','2025-09-13 12:42:19',2),(533,369,369,1,775.00,775.00,'2025-09-13','paid',NULL,NULL,'2025-09-13 12:51:16','2025-09-13 12:51:31',2),(534,351,351,1,760.00,760.00,'2025-09-13','paid',NULL,NULL,'2025-09-13 12:53:31','2025-09-13 12:53:42',2),(535,380,380,1,765.00,765.00,'2025-09-13','paid',NULL,NULL,'2025-09-13 12:55:39','2025-09-13 12:56:01',2),(536,394,394,1,775.00,775.00,'2025-09-13','paid',NULL,NULL,'2025-09-13 12:56:26','2025-09-13 12:57:12',2),(537,271,271,1,725.00,725.00,'2025-09-13','paid',NULL,NULL,'2025-09-13 13:00:19','2025-09-13 13:00:36',2),(538,291,291,1,765.00,765.00,'2025-09-13','paid',NULL,NULL,'2025-09-13 13:01:29','2025-09-13 13:01:44',2),(539,368,368,1,775.00,775.00,'2025-09-13','paid',NULL,NULL,'2025-09-13 13:11:35','2025-09-13 13:11:43',2),(540,390,390,1,775.00,775.00,'2025-09-13','paid',NULL,NULL,'2025-09-13 14:57:38','2025-09-13 14:58:14',2),(541,363,363,1,775.00,775.00,'2025-09-13','paid',NULL,NULL,'2025-09-13 15:21:17','2025-09-13 15:21:32',2),(542,334,334,1,750.00,750.00,'2025-09-13','paid',NULL,NULL,'2025-09-13 15:22:03','2025-09-13 15:22:17',2),(543,432,432,1,725.00,725.00,'2025-09-13','paid',NULL,NULL,'2025-09-13 15:25:39','2025-09-13 15:26:00',2),(544,371,371,1,750.00,750.00,'2025-09-13','paid',NULL,NULL,'2025-09-13 15:33:21','2025-09-13 15:33:57',2),(545,356,356,1,751.00,751.00,'2025-09-13','paid',NULL,NULL,'2025-09-13 15:34:46','2025-09-13 15:35:10',2),(546,438,438,1,750.00,750.00,'2025-09-13','paid',NULL,NULL,'2025-09-13 15:42:37','2025-09-13 15:42:50',2),(547,439,439,1,775.00,775.00,'2025-09-13','paid',NULL,NULL,'2025-09-13 15:43:30','2025-09-13 15:43:45',2),(548,414,414,1,725.00,725.00,'2025-09-13','paid',NULL,NULL,'2025-09-13 15:46:33','2025-09-13 15:46:43',2),(549,445,445,1,500.00,500.00,'2025-09-13','paid',NULL,NULL,'2025-09-13 15:48:40','2025-09-13 15:48:49',2),(550,391,391,1,775.00,775.00,'2025-09-13','paid',NULL,NULL,'2025-09-13 15:53:31','2025-09-13 15:53:50',2),(551,379,379,1,765.00,765.00,'2025-09-13','paid',NULL,NULL,'2025-09-13 15:54:59','2025-09-13 15:55:13',2),(552,324,324,1,750.00,750.00,'2025-09-13','paid',NULL,NULL,'2025-09-13 15:59:48','2025-09-14 09:27:08',2),(553,323,323,1,750.00,750.00,'2025-09-13','paid',NULL,NULL,'2025-09-13 16:01:28','2025-09-13 16:01:38',2),(554,282,282,1,725.00,725.00,'2025-09-13','paid',NULL,NULL,'2025-09-13 16:02:46','2025-09-13 16:02:54',2),(555,413,413,1,765.00,765.00,'2025-09-13','paid',NULL,NULL,'2025-09-13 16:36:36','2025-09-13 16:36:47',2),(556,412,412,1,750.00,750.00,'2025-09-13','paid',NULL,NULL,'2025-09-13 16:37:49','2025-09-13 16:37:56',2),(557,409,409,1,765.00,765.00,'2025-09-13','paid',NULL,NULL,'2025-09-13 16:41:47','2025-09-13 16:42:05',2),(558,294,294,1,765.00,765.00,'2025-09-13','paid',NULL,NULL,'2025-09-13 17:02:32','2025-09-13 17:02:47',2),(559,385,385,1,765.00,765.00,'2025-09-13','paid',NULL,NULL,'2025-09-13 17:12:21','2025-09-13 17:12:34',2),(560,281,281,1,725.00,725.00,'2025-09-13','paid',NULL,NULL,'2025-09-13 17:13:30','2025-09-13 17:13:42',2),(561,303,303,1,765.00,765.00,'2025-09-13','paid',NULL,NULL,'2025-09-13 17:14:53','2025-09-13 17:15:09',2),(562,317,317,1,765.00,765.00,'2025-09-13','paid',NULL,NULL,'2025-09-13 17:17:39','2025-09-13 17:17:55',2),(563,426,426,1,725.00,725.00,'2025-09-13','paid',NULL,NULL,'2025-09-13 17:20:38','2025-09-13 17:20:47',2),(564,257,257,1,725.00,725.00,'2025-09-13','paid',NULL,NULL,'2025-09-13 17:21:52','2025-09-13 17:21:59',2),(565,337,337,1,750.00,750.00,'2025-09-13','paid',NULL,NULL,'2025-09-13 17:22:31','2025-09-13 17:22:42',2),(566,328,328,1,750.00,750.00,'2025-09-13','paid',NULL,NULL,'2025-09-13 17:27:25','2025-09-13 17:27:45',2),(567,375,375,1,765.00,765.00,'2025-09-13','paid',NULL,NULL,'2025-09-13 17:31:43','2025-09-13 17:31:53',2),(568,264,264,1,725.00,725.00,'2025-09-13','paid',NULL,NULL,'2025-09-13 17:33:28','2025-09-13 17:33:38',2),(569,320,320,1,750.00,750.00,'2025-09-13','paid',NULL,NULL,'2025-09-13 17:34:30','2025-09-13 17:34:40',2),(570,408,408,1,650.00,650.00,'2025-09-13','paid',NULL,NULL,'2025-09-13 17:36:11','2025-09-13 17:36:20',2),(571,397,397,1,775.00,775.00,'2025-09-13','paid',NULL,NULL,'2025-09-13 17:39:25','2025-09-13 17:39:35',2),(572,431,431,1,725.00,725.00,'2025-09-13','paid',NULL,NULL,'2025-09-13 17:43:47','2025-09-13 17:44:05',2),(573,435,435,1,775.00,775.00,'2025-09-13','paid',NULL,NULL,'2025-09-13 17:48:14','2025-09-13 17:48:33',2),(574,425,425,1,725.00,725.00,'2025-09-13','paid',NULL,NULL,'2025-09-13 17:49:20','2025-09-13 17:49:29',2),(575,354,354,1,775.00,775.00,'2025-09-13','paid',NULL,NULL,'2025-09-13 17:51:29','2025-09-13 17:51:36',2),(576,352,352,1,850.00,850.00,'2025-09-14','paid',NULL,NULL,'2025-09-14 04:27:48','2025-09-14 04:28:10',2),(577,438,438,1,400.00,400.00,'2025-09-14','paid',NULL,NULL,'2025-09-14 04:34:52','2025-09-14 04:35:13',5),(578,439,439,1,1.00,0.00,'2025-09-14','due',NULL,NULL,'2025-09-14 04:36:23','2025-09-14 04:36:23',5),(579,439,439,1,400.00,400.00,'2025-09-14','paid',NULL,NULL,'2025-09-14 04:37:11','2025-09-14 04:37:25',5),(580,327,327,1,750.00,750.00,'2025-09-14','paid',NULL,NULL,'2025-09-14 04:47:18','2025-09-14 04:47:30',2),(581,445,445,1,220.00,220.00,'2025-09-14','paid',NULL,NULL,'2025-09-14 04:58:37','2025-09-14 04:58:54',2),(582,311,311,1,760.00,760.00,'2025-09-14','paid',NULL,NULL,'2025-09-14 05:00:28','2025-09-14 05:00:45',2),(583,395,395,1,75.00,75.00,'2025-09-14','paid',NULL,NULL,'2025-09-14 05:02:40','2025-09-14 05:03:03',2),(584,35,35,1,750.00,0.00,'2025-09-14','due',NULL,NULL,'2025-09-14 05:45:26','2025-09-14 05:45:26',2),(585,362,362,1,775.00,775.00,'2025-09-14','paid',NULL,NULL,'2025-09-14 06:01:40','2025-09-14 06:02:48',2),(586,326,326,1,750.00,750.00,'2025-09-14','paid',NULL,NULL,'2025-09-14 06:09:27','2025-09-14 06:10:09',2),(587,446,446,NULL,3500.00,500.00,NULL,'partial','YEAR-446-1',NULL,'2025-09-14 07:17:07','2025-09-14 07:28:39',1),(588,359,359,1,75.00,75.00,'2025-09-14','paid',NULL,NULL,'2025-09-14 07:38:26','2025-09-14 07:38:35',2),(589,358,358,1,75.00,75.00,'2025-09-14','paid',NULL,NULL,'2025-09-14 07:39:04','2025-09-14 07:39:19',2),(590,447,447,NULL,1200.00,800.00,NULL,'partial','YEAR-447-1',NULL,'2025-09-14 07:44:40','2025-09-14 07:45:37',1),(591,448,448,NULL,1800.00,1000.00,NULL,'partial','YEAR-448-1',NULL,'2025-09-14 08:25:32','2025-09-14 08:26:31',1),(592,449,449,NULL,3500.00,1750.00,NULL,'partial','YEAR-449-1',NULL,'2025-09-14 08:28:50','2025-09-14 08:30:18',1),(593,450,450,NULL,3500.00,3000.00,NULL,'partial','YEAR-450-1',NULL,'2025-09-14 08:40:37','2025-09-14 08:41:19',1),(594,410,410,1,775.00,775.00,'2025-09-14','paid',NULL,NULL,'2025-09-14 08:53:07','2025-09-14 08:53:20',2),(595,451,451,NULL,4500.00,2250.00,NULL,'partial','YEAR-451-1',NULL,'2025-09-14 08:58:28','2025-09-14 09:02:31',1),(596,451,451,1,725.00,725.00,'2025-09-14','paid',NULL,NULL,'2025-09-14 08:59:19','2025-09-14 09:02:46',2),(597,452,452,NULL,4500.00,2250.00,NULL,'partial','YEAR-452-1',NULL,'2025-09-14 09:05:20','2025-09-18 08:43:22',1),(598,453,453,NULL,3500.00,1750.00,NULL,'partial','YEAR-453-1',NULL,'2025-09-14 09:07:16','2025-09-18 08:44:18',1),(599,452,452,1,765.00,765.00,'2025-09-14','paid',NULL,NULL,'2025-09-14 09:16:01','2025-09-14 09:16:10',2),(600,454,454,NULL,1800.00,1000.00,NULL,'partial','YEAR-454-1',NULL,'2025-09-14 09:23:44','2025-09-14 09:24:29',1),(601,369,369,1,75.00,75.00,'2025-09-14','paid',NULL,NULL,'2025-09-14 09:49:03','2025-09-14 09:49:30',2),(602,455,455,NULL,1800.00,1000.00,NULL,'partial','YEAR-455-1',NULL,'2025-09-14 09:51:25','2025-09-14 10:01:56',1),(603,456,456,NULL,1800.00,1000.00,NULL,'partial','YEAR-456-1',NULL,'2025-09-14 09:53:07','2025-09-14 10:00:14',1),(604,457,457,NULL,3500.00,1750.00,NULL,'partial','YEAR-457-1',NULL,'2025-09-14 10:04:43','2025-09-14 10:19:54',1),(605,324,324,1,80.00,80.00,'2025-09-14','paid',NULL,NULL,'2025-09-14 10:11:17','2025-09-14 10:11:37',4),(606,323,323,1,80.00,80.00,'2025-09-14','paid',NULL,NULL,'2025-09-14 10:12:46','2025-09-14 10:13:07',4),(607,282,282,1,80.00,80.00,'2025-09-14','paid',NULL,NULL,'2025-09-14 10:16:20','2025-09-14 10:16:48',4),(608,284,284,1,725.00,725.00,'2025-09-14','paid',NULL,NULL,'2025-09-14 10:21:40','2025-09-14 10:22:02',2),(609,310,310,1,765.00,765.00,'2025-09-14','paid',NULL,NULL,'2025-09-14 10:23:00','2025-09-14 10:25:20',2),(610,399,399,1,75.00,75.00,'2025-09-15','paid',NULL,NULL,'2025-09-15 04:25:26','2025-09-15 04:25:40',2),(611,372,372,1,75.00,75.00,'2025-09-15','paid',NULL,NULL,'2025-09-15 04:42:26','2025-09-15 04:42:36',2),(612,381,381,1,765.00,765.00,'2025-09-15','paid',NULL,NULL,'2025-09-15 05:01:59','2025-09-15 05:02:15',2),(613,378,378,1,765.00,0.00,'2025-09-15','due',NULL,NULL,'2025-09-15 05:11:31','2025-09-15 05:11:31',2),(614,458,458,NULL,4500.00,0.00,NULL,'due','YEAR-458-1',NULL,'2025-09-15 05:28:04','2025-09-15 05:28:04',1),(615,459,459,NULL,5000.00,0.00,NULL,'due','YEAR-459-1',NULL,'2025-09-15 05:30:48','2025-09-15 05:30:48',1),(616,460,460,NULL,4500.00,0.00,NULL,'due','YEAR-460-1',NULL,'2025-09-15 05:42:18','2025-09-15 05:42:18',1),(617,263,263,1,725.00,0.00,'2025-09-15','due',NULL,NULL,'2025-09-15 06:06:04','2025-09-15 06:06:04',2),(618,459,459,1,775.00,0.00,'2025-09-15','due',NULL,NULL,'2025-09-15 06:11:50','2025-09-15 06:11:50',2),(619,459,459,1,75.00,0.00,'2025-09-15','due',NULL,NULL,'2025-09-15 06:12:43','2025-09-15 06:12:43',2),(622,461,461,NULL,4500.00,0.00,NULL,'due','YEAR-461-1',NULL,'2025-09-15 06:20:51','2025-09-15 06:20:51',1),(623,403,403,1,775.00,775.00,'2025-09-15','paid',NULL,NULL,'2025-09-15 08:38:20','2025-09-15 08:40:23',2),(624,403,403,1,75.00,75.00,'2025-09-15','paid',NULL,NULL,'2025-09-15 08:40:58','2025-09-15 08:41:22',2),(625,274,274,1,725.00,0.00,'2025-09-15','due',NULL,NULL,'2025-09-15 10:04:51','2025-09-15 10:04:51',2),(626,279,279,1,725.00,725.00,'2025-09-15','paid',NULL,NULL,'2025-09-15 10:19:04','2025-09-15 10:21:47',2),(627,462,462,NULL,3500.00,0.00,NULL,'due','YEAR-462-1',NULL,'2025-09-16 05:23:56','2025-09-16 05:23:56',1),(628,463,463,NULL,1800.00,0.00,NULL,'due','YEAR-463-1',NULL,'2025-09-16 05:26:08','2025-09-16 05:26:08',1),(629,464,464,NULL,3500.00,1000.00,NULL,'partial','YEAR-464-1',NULL,'2025-09-16 05:29:25','2025-09-18 10:08:02',1),(630,465,465,NULL,1800.00,0.00,NULL,'due','YEAR-465-1',NULL,'2025-09-16 05:34:28','2025-09-16 05:34:28',1),(631,466,466,NULL,1800.00,0.00,NULL,'due','YEAR-466-1',NULL,'2025-09-16 05:46:35','2025-09-16 05:46:35',1),(632,467,467,NULL,1800.00,0.00,NULL,'due','YEAR-467-1',NULL,'2025-09-16 06:13:45','2025-09-16 06:13:45',1),(633,468,468,NULL,1800.00,0.00,NULL,'due','YEAR-468-1',NULL,'2025-09-16 07:50:10','2025-09-16 07:50:10',1),(634,469,469,NULL,4500.00,0.00,NULL,'due','YEAR-469-1',NULL,'2025-09-17 05:25:43','2025-09-17 05:25:43',1),(635,391,391,1,75.00,75.00,'2025-09-17','paid',NULL,NULL,'2025-09-17 05:45:45','2025-09-17 05:45:59',2),(636,393,393,1,75.00,0.00,'2025-09-17','due',NULL,NULL,'2025-09-17 06:01:44','2025-09-17 06:01:44',2),(637,461,461,1,725.00,0.00,'2025-09-17','due',NULL,NULL,'2025-09-17 06:25:27','2025-09-17 06:25:27',2),(638,255,255,1,725.00,0.00,'2025-09-17','due',NULL,NULL,'2025-09-17 06:27:13','2025-09-17 06:27:13',2),(639,458,458,1,725.00,0.00,'2025-09-17','due',NULL,NULL,'2025-09-17 06:27:49','2025-09-17 06:27:49',2),(640,308,308,1,765.00,0.00,'2025-09-17','due',NULL,NULL,'2025-09-17 06:29:00','2025-09-17 06:29:00',2),(641,460,460,1,765.00,0.00,'2025-09-17','due',NULL,NULL,'2025-09-17 06:29:34','2025-09-17 06:29:34',2),(642,343,343,1,750.00,0.00,'2025-09-17','due',NULL,NULL,'2025-09-17 06:31:36','2025-09-17 06:31:36',2),(643,342,342,1,750.00,0.00,'2025-09-17','due',NULL,NULL,'2025-09-17 06:32:23','2025-09-17 06:32:23',2),(644,405,405,1,850.00,0.00,'2025-09-17','due',NULL,NULL,'2025-09-17 06:33:15','2025-09-17 06:33:15',2),(645,330,330,1,750.00,750.00,'2025-09-17','paid',NULL,NULL,'2025-09-17 06:45:24','2025-09-17 06:45:45',2),(646,330,330,1,75.00,0.00,'2025-09-17','due',NULL,NULL,'2025-09-17 06:46:35','2025-09-17 06:46:35',2),(647,357,357,1,775.00,775.00,'2025-09-17','paid',NULL,NULL,'2025-09-17 06:48:36','2025-09-24 19:53:48',2),(648,357,357,1,75.00,75.00,'2025-09-17','paid',NULL,NULL,'2025-09-17 06:49:11','2025-09-24 19:54:34',2),(649,307,307,1,765.00,0.00,'2025-09-17','due',NULL,NULL,'2025-09-17 06:58:35','2025-09-17 06:58:35',2),(650,469,469,1,725.00,725.00,'2025-09-17','paid',NULL,NULL,'2025-09-17 07:09:49','2025-09-17 07:11:01',2),(651,387,387,1,850.00,850.00,'2025-09-17','paid',NULL,NULL,'2025-09-17 07:11:30','2025-09-17 07:11:46',2),(652,355,355,1,75.00,75.00,'2025-09-17','paid',NULL,NULL,'2025-09-17 07:18:37','2025-09-18 10:02:11',2),(653,397,397,1,75.00,75.00,'2025-09-17','paid',NULL,NULL,'2025-09-17 10:26:44','2025-09-17 10:26:57',2),(654,390,390,1,75.00,75.00,'2025-09-17','paid',NULL,NULL,'2025-09-17 10:28:56','2025-09-17 10:29:07',2),(655,400,400,1,75.00,75.00,'2025-09-18','paid',NULL,NULL,'2025-09-18 04:46:06','2025-09-18 04:46:23',2),(656,423,423,1,725.00,725.00,'2025-09-18','paid',NULL,NULL,'2025-09-18 07:28:19','2025-09-18 07:28:40',2),(657,443,443,1,700.00,0.00,'2025-09-18','due',NULL,NULL,'2025-09-18 08:12:51','2025-09-18 08:12:51',5),(658,444,444,1,700.00,0.00,'2025-09-18','due',NULL,NULL,'2025-09-18 08:14:52','2025-09-18 08:14:52',5),(659,344,344,1,350.00,0.00,'2025-09-18','due',NULL,NULL,'2025-09-18 08:22:02','2025-09-18 08:22:02',5),(660,259,259,1,350.00,0.00,'2025-09-18','due',NULL,NULL,'2025-09-18 08:23:46','2025-09-18 08:23:46',5),(661,262,262,1,350.00,0.00,'2025-09-18','due',NULL,NULL,'2025-09-18 08:29:26','2025-09-18 08:29:26',5),(662,385,385,1,350.00,0.00,'2025-09-18','due',NULL,NULL,'2025-09-18 08:36:15','2025-09-18 08:36:15',5),(663,353,353,1,75.00,0.00,'2025-09-18','due',NULL,NULL,'2025-09-18 08:48:55','2025-09-18 08:48:55',2),(664,459,459,1,350.00,0.00,'2025-09-18','due',NULL,NULL,'2025-09-18 08:49:48','2025-09-18 08:49:48',5),(665,411,411,1,765.00,765.00,'2025-09-18','paid',NULL,NULL,'2025-09-18 09:27:47','2025-09-18 10:00:19',2),(666,470,470,NULL,3500.00,1700.00,NULL,'partial','YEAR-470-1',NULL,'2025-09-18 09:48:00','2025-09-18 09:54:04',1),(667,368,368,1,75.00,75.00,'2025-09-18','paid',NULL,NULL,'2025-09-18 10:09:41','2025-09-18 10:10:03',2),(669,471,471,NULL,1800.00,0.00,NULL,'due','YEAR-471-1',NULL,'2025-11-03 17:09:53','2025-11-03 17:09:53',1),(670,215,472,NULL,1800.00,0.00,NULL,'due','PROM-YEAR-215-2','قسط تلقائي - ترحيل طالب','2025-11-03 17:13:52','2025-11-03 17:13:52',1),(671,240,473,NULL,1800.00,0.00,NULL,'due','PROM-YEAR-240-2','قسط تلقائي - ترحيل طالب','2025-11-03 17:13:52','2025-11-03 17:13:52',1),(672,241,474,NULL,1800.00,0.00,NULL,'due','PROM-YEAR-241-2','قسط تلقائي - ترحيل طالب','2025-11-03 17:13:52','2025-11-03 17:13:52',1),(673,243,475,NULL,1800.00,0.00,NULL,'due','PROM-YEAR-243-2','قسط تلقائي - ترحيل طالب','2025-11-03 17:13:52','2025-11-03 17:13:52',1),(674,244,476,NULL,1800.00,0.00,NULL,'due','PROM-YEAR-244-2','قسط تلقائي - ترحيل طالب','2025-11-03 17:13:52','2025-11-03 17:13:52',1),(675,245,477,NULL,1800.00,0.00,NULL,'due','PROM-YEAR-245-2','قسط تلقائي - ترحيل طالب','2025-11-03 17:13:52','2025-11-03 17:13:52',1),(676,246,478,NULL,1800.00,0.00,NULL,'due','PROM-YEAR-246-2','قسط تلقائي - ترحيل طالب','2025-11-03 17:13:52','2025-11-03 17:13:52',1),(677,249,479,NULL,1800.00,0.00,NULL,'due','PROM-YEAR-249-2','قسط تلقائي - ترحيل طالب','2025-11-03 17:13:52','2025-11-03 17:13:52',1),(678,253,480,NULL,1800.00,0.00,NULL,'due','PROM-YEAR-253-2','قسط تلقائي - ترحيل طالب','2025-11-03 17:13:52','2025-11-03 17:13:52',1),(679,258,481,NULL,1800.00,0.00,NULL,'due','PROM-YEAR-258-2','قسط تلقائي - ترحيل طالب','2025-11-03 17:13:52','2025-11-03 17:13:52',1),(680,262,482,NULL,1800.00,0.00,NULL,'due','PROM-YEAR-262-2','قسط تلقائي - ترحيل طالب','2025-11-03 17:13:52','2025-11-03 17:13:52',1),(681,277,483,NULL,1800.00,0.00,NULL,'due','PROM-YEAR-277-2','قسط تلقائي - ترحيل طالب','2025-11-03 17:13:52','2025-11-03 17:13:52',1),(682,288,484,NULL,1800.00,0.00,NULL,'due','PROM-YEAR-288-2','قسط تلقائي - ترحيل طالب','2025-11-03 17:13:52','2025-11-03 17:13:52',1),(683,290,485,NULL,1800.00,0.00,NULL,'due','PROM-YEAR-290-2','قسط تلقائي - ترحيل طالب','2025-11-03 17:13:52','2025-11-03 17:13:52',1),(684,292,486,NULL,1800.00,0.00,NULL,'due','PROM-YEAR-292-2','قسط تلقائي - ترحيل طالب','2025-11-03 17:13:52','2025-11-03 17:13:52',1),(685,295,487,NULL,1800.00,0.00,NULL,'due','PROM-YEAR-295-2','قسط تلقائي - ترحيل طالب','2025-11-03 17:13:52','2025-11-03 17:13:52',1),(686,297,488,NULL,1800.00,0.00,NULL,'due','PROM-YEAR-297-2','قسط تلقائي - ترحيل طالب','2025-11-03 17:13:52','2025-11-03 17:13:52',1),(687,299,489,NULL,1800.00,0.00,NULL,'due','PROM-YEAR-299-2','قسط تلقائي - ترحيل طالب','2025-11-03 17:13:52','2025-11-03 17:13:52',1),(688,301,490,NULL,1800.00,0.00,NULL,'due','PROM-YEAR-301-2','قسط تلقائي - ترحيل طالب','2025-11-03 17:13:52','2025-11-03 17:13:52',1),(689,302,491,NULL,1800.00,0.00,NULL,'due','PROM-YEAR-302-2','قسط تلقائي - ترحيل طالب','2025-11-03 17:13:52','2025-11-03 17:13:52',1),(690,309,492,NULL,1800.00,0.00,NULL,'due','PROM-YEAR-309-2','قسط تلقائي - ترحيل طالب','2025-11-03 17:13:52','2025-11-03 17:13:52',1),(691,313,493,NULL,1800.00,0.00,NULL,'due','PROM-YEAR-313-2','قسط تلقائي - ترحيل طالب','2025-11-03 17:13:52','2025-11-03 17:13:52',1),(692,315,494,NULL,1800.00,0.00,NULL,'due','PROM-YEAR-315-2','قسط تلقائي - ترحيل طالب','2025-11-03 17:13:52','2025-11-03 17:13:52',1),(693,316,495,NULL,1800.00,0.00,NULL,'due','PROM-YEAR-316-2','قسط تلقائي - ترحيل طالب','2025-11-03 17:13:52','2025-11-03 17:13:52',1),(694,318,496,NULL,1800.00,0.00,NULL,'due','PROM-YEAR-318-2','قسط تلقائي - ترحيل طالب','2025-11-03 17:13:52','2025-11-03 17:13:52',1),(695,455,497,NULL,1800.00,0.00,NULL,'due','PROM-YEAR-455-2','قسط تلقائي - ترحيل طالب','2025-11-03 17:13:52','2025-11-03 17:13:52',1),(696,466,498,NULL,1800.00,0.00,NULL,'due','PROM-YEAR-466-2','قسط تلقائي - ترحيل طالب','2025-11-03 17:13:52','2025-11-03 17:13:52',1),(697,467,499,NULL,1800.00,0.00,NULL,'due','PROM-YEAR-467-2','قسط تلقائي - ترحيل طالب','2025-11-03 17:13:52','2025-11-03 17:13:52',1);
/*!40000 ALTER TABLE `student_installments` ENABLE KEYS */;
UNLOCK TABLES;

--
-- Table structure for table `student_payments`
--

DROP TABLE IF EXISTS `student_payments`;
/*!40101 SET @saved_cs_client     = @@character_set_client */;
/*!50503 SET character_set_client = utf8mb4 */;
CREATE TABLE `student_payments` (
  `id` bigint(20) unsigned NOT NULL AUTO_INCREMENT,
  `student_id` bigint(20) unsigned NOT NULL,
  `student_installment_id` bigint(20) unsigned NOT NULL,
  `treasury_id` bigint(20) unsigned NOT NULL,
  `transaction_id` bigint(20) unsigned DEFAULT NULL,
  `amount` decimal(15,2) NOT NULL,
  `payment_method` varchar(50) NOT NULL DEFAULT 'cash',
  `type` enum('payment','refund') NOT NULL DEFAULT 'payment',
  `bank_name` varchar(255) DEFAULT NULL,
  `account_number` varchar(255) DEFAULT NULL,
  `created_by` bigint(20) unsigned NOT NULL,
  `created_at` timestamp NULL DEFAULT NULL,
  `updated_at` timestamp NULL DEFAULT NULL,
  PRIMARY KEY (`id`),
  KEY `student_payments_student_id_foreign` (`student_id`),
  KEY `student_payments_student_installment_id_foreign` (`student_installment_id`),
  KEY `student_payments_treasury_id_foreign` (`treasury_id`),
  KEY `student_payments_created_by_foreign` (`created_by`),
  KEY `student_payments_transaction_id_foreign` (`transaction_id`),
  CONSTRAINT `student_payments_created_by_foreign` FOREIGN KEY (`created_by`) REFERENCES `users` (`id`),
  CONSTRAINT `student_payments_student_id_foreign` FOREIGN KEY (`student_id`) REFERENCES `students` (`id`) ON DELETE CASCADE,
  CONSTRAINT `student_payments_student_installment_id_foreign` FOREIGN KEY (`student_installment_id`) REFERENCES `student_installments` (`id`) ON DELETE CASCADE,
  CONSTRAINT `student_payments_transaction_id_foreign` FOREIGN KEY (`transaction_id`) REFERENCES `transactions` (`id`) ON DELETE SET NULL,
  CONSTRAINT `student_payments_treasury_id_foreign` FOREIGN KEY (`treasury_id`) REFERENCES `treasuries` (`id`)
) ENGINE=InnoDB AUTO_INCREMENT=386 DEFAULT CHARSET=utf8mb4 COLLATE=utf8mb4_unicode_ci;
/*!40101 SET character_set_client = @saved_cs_client */;

--
-- Dumping data for table `student_payments`
--

LOCK TABLES `student_payments` WRITE;
/*!40000 ALTER TABLE `student_payments` DISABLE KEYS */;
INSERT INTO `student_payments` VALUES (3,34,34,1,1,100.00,'cash','payment',NULL,NULL,1,'2025-09-12 20:41:58','2025-09-12 20:41:58'),(4,86,86,1,2,1800.00,'cash','payment',NULL,NULL,1,'2025-09-13 06:08:53','2025-09-13 06:08:53'),(5,273,273,2,3,4500.00,'bank','payment','التجارة و التنمية','000',5,'2025-09-13 06:57:00','2025-09-13 06:57:00'),(6,272,272,2,4,4500.00,'bank','payment','التجارة و التنمية','000',5,'2025-09-13 06:57:35','2025-09-13 06:57:35'),(7,273,479,2,5,725.00,'bank','payment','الوحدة','000',5,'2025-09-13 07:01:00','2025-09-13 07:01:00'),(8,272,480,2,6,725.00,'bank','payment','الوحدة','000',5,'2025-09-13 07:01:50','2025-09-13 07:01:50'),(9,358,357,2,7,5000.00,'bank','payment','التجارة و التنمية','000',5,'2025-09-13 07:24:42','2025-09-13 07:24:42'),(10,358,481,2,8,775.00,'bank','payment','الوحدة','000',5,'2025-09-13 07:25:37','2025-09-13 07:25:37'),(11,359,358,2,9,5000.00,'bank','payment','التجارة و التنمية','000',5,'2025-09-13 07:26:57','2025-09-13 07:26:57'),(12,359,482,2,10,775.00,'bank','payment','الوحدة','000',5,'2025-09-13 07:27:48','2025-09-13 07:27:48'),(13,287,483,2,11,725.00,'cash','payment',NULL,NULL,5,'2025-09-13 07:30:57','2025-09-13 07:30:57'),(14,395,484,2,12,775.00,'cash','payment',NULL,NULL,5,'2025-09-13 07:33:16','2025-09-13 07:33:16'),(15,287,287,2,13,500.00,'cash','payment',NULL,NULL,5,'2025-09-13 07:33:47','2025-09-13 07:33:47'),(16,395,394,2,14,500.00,'cash','payment',NULL,NULL,5,'2025-09-13 07:34:29','2025-09-13 07:34:29'),(17,437,438,2,15,500.00,'cash','payment',NULL,NULL,5,'2025-09-13 07:35:50','2025-09-13 07:35:50'),(18,437,485,2,16,765.00,'cash','payment',NULL,NULL,5,'2025-09-13 07:36:15','2025-09-13 07:36:15'),(19,300,300,2,17,2225.00,'cash','payment',NULL,NULL,5,'2025-09-13 07:41:24','2025-09-13 07:41:24'),(20,300,486,2,18,765.00,'cash','payment',NULL,NULL,5,'2025-09-13 07:42:23','2025-09-13 07:42:23'),(21,341,340,2,19,500.00,'cash','payment',NULL,NULL,5,'2025-09-13 07:42:58','2025-09-13 07:42:58'),(22,377,487,2,20,765.00,'cash','payment',NULL,NULL,5,'2025-09-13 07:47:04','2025-09-13 07:47:04'),(23,399,488,2,21,775.00,'cash','payment',NULL,NULL,5,'2025-09-13 07:47:50','2025-09-13 07:47:50'),(24,377,376,2,22,500.00,'cash','payment',NULL,NULL,5,'2025-09-13 07:48:28','2025-09-13 07:48:28'),(25,399,398,2,23,500.00,'cash','payment',NULL,NULL,5,'2025-09-13 07:48:54','2025-09-13 07:48:54'),(26,298,298,2,24,2225.00,'cash','payment',NULL,NULL,5,'2025-09-13 07:52:07','2025-09-13 07:52:07'),(27,298,489,2,25,765.00,'cash','payment',NULL,NULL,5,'2025-09-13 07:52:37','2025-09-13 07:52:37'),(28,382,490,2,26,765.00,'cash','payment',NULL,NULL,5,'2025-09-13 07:54:32','2025-09-13 07:54:32'),(29,338,491,2,27,750.00,'cash','payment',NULL,NULL,5,'2025-09-13 07:55:49','2025-09-13 07:55:49'),(30,329,492,2,28,750.00,'cash','payment',NULL,NULL,5,'2025-09-13 07:56:26','2025-09-13 07:56:26'),(31,382,381,2,29,2000.00,'cash','payment',NULL,NULL,5,'2025-09-13 07:57:13','2025-09-13 07:57:13'),(32,338,337,2,30,2000.00,'cash','payment',NULL,NULL,5,'2025-09-13 08:04:40','2025-09-13 08:04:40'),(33,329,329,2,31,2000.00,'cash','payment',NULL,NULL,5,'2025-09-13 08:05:54','2025-09-13 08:05:54'),(34,269,269,2,32,500.00,'cash','payment',NULL,NULL,5,'2025-09-13 08:07:23','2025-09-13 08:07:23'),(35,269,493,2,33,725.00,'cash','payment',NULL,NULL,5,'2025-09-13 08:07:49','2025-09-13 08:07:49'),(36,400,399,2,34,500.00,'cash','payment',NULL,NULL,5,'2025-09-13 08:09:33','2025-09-13 08:09:33'),(37,400,494,2,35,770.00,'cash','payment',NULL,NULL,5,'2025-09-13 08:10:15','2025-09-13 08:10:15'),(38,293,293,2,36,500.00,'cash','payment',NULL,NULL,5,'2025-09-13 08:11:49','2025-09-13 08:11:49'),(39,293,495,2,37,725.00,'cash','payment',NULL,NULL,5,'2025-09-13 08:12:15','2025-09-13 08:12:15'),(40,384,383,2,38,455.00,'bank','payment','مصرف التجارى','000',5,'2025-09-13 08:13:36','2025-09-13 08:13:36'),(41,384,496,2,39,765.00,'bank','payment','مصرف التجارى','000',5,'2025-09-13 08:14:11','2025-09-13 08:14:11'),(42,374,497,2,40,775.00,'cash','payment',NULL,NULL,5,'2025-09-13 08:16:16','2025-09-13 08:16:16'),(43,402,498,2,41,775.00,'cash','payment',NULL,NULL,5,'2025-09-13 08:17:00','2025-09-13 08:17:00'),(44,402,498,2,42,773.00,'cash','refund',NULL,NULL,5,'2025-09-13 08:17:59','2025-09-13 08:17:59'),(45,402,498,2,43,773.00,'cash','payment',NULL,NULL,5,'2025-09-13 08:22:59','2025-09-13 08:22:59'),(46,296,296,2,44,500.00,'cash','payment',NULL,NULL,5,'2025-09-13 08:42:49','2025-09-13 08:42:49'),(47,296,499,2,45,765.00,'cash','payment',NULL,NULL,5,'2025-09-13 08:43:22','2025-09-13 08:43:22'),(48,419,420,2,46,500.00,'bank','payment','مصرف الوحدة','000',5,'2025-09-13 08:44:30','2025-09-13 08:44:30'),(49,319,319,2,47,500.00,'bank','payment','مصرف الوحدة','000',5,'2025-09-13 08:45:03','2025-09-13 08:45:03'),(50,319,500,2,48,750.00,'bank','payment','مصرف الوحدة','000',5,'2025-09-13 08:45:46','2025-09-13 08:45:46'),(51,441,501,2,49,765.00,'cash','payment',NULL,NULL,5,'2025-09-13 08:47:05','2025-09-13 08:47:05'),(52,442,502,2,50,775.00,'cash','payment',NULL,NULL,5,'2025-09-13 08:48:10','2025-09-13 08:48:10'),(53,418,417,2,51,860.00,'bank','payment','مصرف التجارى',NULL,5,'2025-09-13 08:52:56','2025-09-13 08:52:56'),(54,441,442,2,52,500.00,'bank','payment','مصرف التجارى','000',5,'2025-09-13 08:53:37','2025-09-13 08:53:37'),(55,442,443,2,53,500.00,'bank','payment','مصرف التجارى','000',5,'2025-09-13 08:54:12','2025-09-13 08:54:12'),(56,427,428,2,54,500.00,'bank','payment','مصرف التجارى','000',5,'2025-09-13 08:55:25','2025-09-13 08:55:25'),(57,427,503,2,55,725.00,'bank','payment','مصرف التجارى','000',5,'2025-09-13 08:55:58','2025-09-13 08:55:58'),(58,429,430,2,56,500.00,'bank','payment','مصرف التجارى','000',5,'2025-09-13 08:57:11','2025-09-13 08:57:11'),(59,429,504,2,57,725.00,'bank','payment','مصرف التجارى','000',5,'2025-09-13 08:58:12','2025-09-13 08:58:12'),(60,383,382,2,58,500.00,'cash','payment',NULL,NULL,5,'2025-09-13 09:03:27','2025-09-13 09:03:27'),(61,278,505,3,59,725.00,'cash','payment',NULL,NULL,3,'2025-09-13 09:13:46','2025-09-13 09:13:46'),(62,253,253,3,60,500.00,'cash','payment',NULL,NULL,3,'2025-09-13 09:14:42','2025-09-13 09:14:42'),(63,415,414,3,61,500.00,'cash','payment',NULL,NULL,3,'2025-09-13 09:15:24','2025-09-13 09:15:24'),(64,417,416,3,62,500.00,'cash','payment',NULL,NULL,3,'2025-09-13 09:15:59','2025-09-13 09:15:59'),(65,417,506,3,63,750.00,'cash','payment',NULL,NULL,3,'2025-09-13 09:16:33','2025-09-13 09:16:33'),(66,372,507,3,64,775.00,'cash','payment',NULL,NULL,3,'2025-09-13 09:23:39','2025-09-13 09:23:39'),(67,289,508,3,65,765.00,'cash','payment',NULL,NULL,3,'2025-09-13 09:25:25','2025-09-13 09:25:25'),(68,339,509,3,66,750.00,'bank','payment','مصرف الوحدة','000',3,'2025-09-13 09:26:22','2025-09-13 09:26:22'),(69,394,512,1,67,75.00,'bank','payment','التجاري','0000',1,'2025-09-13 09:41:31','2025-09-13 09:41:31'),(70,443,510,3,68,500.00,'bank','payment','مصرف الوحدة','000',3,'2025-09-13 09:42:47','2025-09-13 09:42:47'),(71,443,513,3,69,750.00,'bank','payment','مصرف الوحدة','000',3,'2025-09-13 09:44:24','2025-09-13 09:44:24'),(72,364,363,3,70,500.00,'bank','payment','مصرف الوحدة','000',3,'2025-09-13 09:46:07','2025-09-13 09:46:07'),(73,364,514,3,71,775.00,'bank','payment','مصرف الوحدة','000',3,'2025-09-13 09:46:57','2025-09-13 09:46:57'),(74,444,511,3,72,500.00,'bank','payment','مصرف الوحدة','000',3,'2025-09-13 09:49:08','2025-09-13 09:49:08'),(75,444,515,3,73,725.00,'bank','payment','مصرف الوحدة','000',3,'2025-09-13 09:49:43','2025-09-13 09:49:43'),(76,242,516,3,74,725.00,'cash','payment',NULL,NULL,3,'2025-09-13 09:51:02','2025-09-13 09:51:02'),(77,242,242,3,75,500.00,'cash','payment',NULL,NULL,3,'2025-09-13 09:51:38','2025-09-13 09:51:38'),(78,346,345,3,76,500.00,'cash','payment',NULL,NULL,3,'2025-09-13 09:52:55','2025-09-13 09:52:55'),(79,346,517,3,77,750.00,'cash','payment',NULL,NULL,3,'2025-09-13 09:53:31','2025-09-13 09:53:31'),(80,277,277,3,78,300.00,'cash','payment',NULL,NULL,3,'2025-09-13 09:54:11','2025-09-13 09:54:11'),(81,349,348,3,79,500.00,'cash','payment',NULL,NULL,3,'2025-09-13 09:56:24','2025-09-13 09:56:24'),(82,271,271,1,80,500.00,'bank','payment','التجاري','0000',1,'2025-09-13 09:57:53','2025-09-13 09:57:53'),(83,291,291,1,81,500.00,'bank','payment','التجاري','0000',1,'2025-09-13 09:58:25','2025-09-13 09:58:25'),(84,276,276,1,82,2000.00,'bank','payment','الجمهورية','0000',1,'2025-09-13 09:59:21','2025-09-13 09:59:21'),(85,445,518,3,83,500.00,'cash','payment',NULL,NULL,3,'2025-09-13 10:04:14','2025-09-13 10:04:14'),(86,392,391,3,84,2500.00,'bank','payment','مصرف التجارى','000',3,'2025-09-13 10:05:58','2025-09-13 10:05:58'),(87,392,519,3,85,775.00,'bank','payment','مصرف التجارى','000',3,'2025-09-13 10:06:43','2025-09-13 10:06:43'),(88,437,438,3,86,2000.00,'cash','payment',NULL,NULL,3,'2025-09-13 10:17:23','2025-09-13 10:17:23'),(89,436,437,3,87,725.00,'cash','payment',NULL,NULL,3,'2025-09-13 10:19:19','2025-09-13 10:19:19'),(90,436,520,3,88,775.00,'cash','payment',NULL,NULL,3,'2025-09-13 10:19:40','2025-09-13 10:19:40'),(91,305,521,3,89,765.00,'bank','payment','مصرف التجارى','000',3,'2025-09-13 10:20:29','2025-09-13 10:20:29'),(92,355,522,3,90,775.00,'bank','payment','مصرف التجارى','000',3,'2025-09-13 10:21:36','2025-09-13 10:21:36'),(93,2,2,3,91,200.00,'cash','payment',NULL,NULL,3,'2025-09-13 12:18:02','2025-09-13 12:18:02'),(94,231,231,3,92,1000.00,'cash','payment',NULL,NULL,3,'2025-09-13 12:18:51','2025-09-13 12:18:51'),(95,84,84,3,93,200.00,'cash','payment',NULL,NULL,3,'2025-09-13 12:19:46','2025-09-13 12:19:46'),(96,89,89,3,94,200.00,'cash','payment',NULL,NULL,3,'2025-09-13 12:20:20','2025-09-13 12:20:20'),(97,302,302,3,95,200.00,'cash','payment',NULL,NULL,3,'2025-09-13 12:21:13','2025-09-13 12:21:13'),(98,393,392,3,96,500.00,'bank','payment','مصرف التجاري','0000',3,'2025-09-13 12:22:38','2025-09-13 12:22:38'),(99,393,523,3,97,775.00,'bank','payment','مصرف التجاري','0000',3,'2025-09-13 12:23:15','2025-09-13 12:23:15'),(100,353,352,3,98,500.00,'bank','payment','مصرف التجاري','0000',3,'2025-09-13 12:23:58','2025-09-13 12:23:58'),(101,353,524,3,99,775.00,'bank','payment','مصرف التجاري','0000',3,'2025-09-13 12:24:27','2025-09-13 12:24:27'),(102,322,322,3,100,500.00,'cash','payment',NULL,NULL,3,'2025-09-13 12:25:27','2025-09-13 12:25:27'),(103,322,525,3,101,750.00,'cash','payment',NULL,NULL,3,'2025-09-13 12:26:00','2025-09-13 12:26:00'),(104,285,285,3,102,1000.00,'bank','payment','مصرف التجاري','0000',3,'2025-09-13 12:27:35','2025-09-13 12:27:35'),(105,286,286,3,103,1000.00,'bank','payment','مصرف التجاري','0000',3,'2025-09-13 12:28:12','2025-09-13 12:28:12'),(106,376,526,3,104,765.00,'cash','payment',NULL,NULL,3,'2025-09-13 12:31:23','2025-09-13 12:31:23'),(107,388,527,3,105,775.00,'cash','payment',NULL,NULL,3,'2025-09-13 12:32:10','2025-09-13 12:32:10'),(108,325,325,3,106,500.00,'bank','payment','مصرف الوحدة','0000',3,'2025-09-13 12:33:10','2025-09-13 12:33:10'),(109,325,528,3,107,750.00,'bank','payment','مصرف الوحدة','0000',3,'2025-09-13 12:33:53','2025-09-13 12:33:53'),(110,340,339,3,108,500.00,'bank','payment','مصرف الوحدة','0000',3,'2025-09-13 12:34:56','2025-09-13 12:34:56'),(111,365,364,3,109,500.00,'bank','payment','مصرف الوحدة','0000',3,'2025-09-13 12:35:33','2025-09-13 12:35:33'),(112,365,529,3,110,775.00,'bank','payment','مصرف الوحدة','0000',3,'2025-09-13 12:37:21','2025-09-13 12:37:21'),(113,340,530,3,111,750.00,'bank','payment','مصرف الوحدة','0000',3,'2025-09-13 12:38:14','2025-09-13 12:38:14'),(114,266,266,3,112,2250.00,'bank','payment','مصرف التجاري','0000',3,'2025-09-13 12:39:39','2025-09-13 12:39:39'),(115,266,531,3,113,725.00,'bank','payment','مصرف التجاري','0000',3,'2025-09-13 12:40:15','2025-09-13 12:40:15'),(116,420,421,3,114,500.00,'bank','payment','مصرف الوحدة','0000',3,'2025-09-13 12:41:34','2025-09-13 12:41:34'),(117,420,532,3,115,725.00,'bank','payment','مصرف الوحدة','0000',3,'2025-09-13 12:42:19','2025-09-13 12:42:19'),(118,204,204,3,116,200.00,'bank','payment','مصرف التجاري','0000',3,'2025-09-13 12:43:39','2025-09-13 12:43:39'),(119,41,41,3,117,200.00,'bank','payment','مصرف التجاري','0000',3,'2025-09-13 12:45:52','2025-09-13 12:45:52'),(120,178,178,3,118,200.00,'bank','payment','مصرف التجاري','0000',3,'2025-09-13 12:48:28','2025-09-13 12:48:28'),(121,369,368,3,119,1225.00,'bank','payment','مصرف التجاري','0000',3,'2025-09-13 12:51:03','2025-09-13 12:51:03'),(122,369,533,3,120,775.00,'bank','payment','مصرف التجاري','0000',3,'2025-09-13 12:51:31','2025-09-13 12:51:31'),(123,33,33,3,121,1000.00,'bank','payment','مصرف التجاري','0000',3,'2025-09-13 12:52:11','2025-09-13 12:52:11'),(124,351,534,3,122,760.00,'cash','payment',NULL,NULL,3,'2025-09-13 12:53:42','2025-09-13 12:53:42'),(125,424,425,3,123,1750.00,'cash','payment',NULL,NULL,3,'2025-09-13 12:54:37','2025-09-13 12:54:37'),(126,380,535,3,124,765.00,'bank','payment','مصرف التجاري','0000',3,'2025-09-13 12:56:01','2025-09-13 12:56:01'),(127,394,536,3,125,775.00,'bank','payment','مصرف التجاري','0000',3,'2025-09-13 12:57:12','2025-09-13 12:57:12'),(128,87,87,3,126,200.00,'cash','payment',NULL,NULL,3,'2025-09-13 12:59:19','2025-09-13 12:59:19'),(129,271,537,3,127,725.00,'bank','payment','مصرف التجاري','0000',3,'2025-09-13 13:00:36','2025-09-13 13:00:36'),(130,291,538,3,128,765.00,'bank','payment','مصرف التجاري','0000',3,'2025-09-13 13:01:44','2025-09-13 13:01:44'),(131,436,437,3,129,1000.00,'cash','payment',NULL,NULL,3,'2025-09-13 13:02:35','2025-09-13 13:02:35'),(132,155,155,3,130,200.00,'cash','payment',NULL,NULL,3,'2025-09-13 13:03:45','2025-09-13 13:03:45'),(133,58,58,3,131,200.00,'cash','payment',NULL,NULL,3,'2025-09-13 13:04:33','2025-09-13 13:04:33'),(134,114,114,3,132,200.00,'cash','payment',NULL,NULL,3,'2025-09-13 13:05:07','2025-09-13 13:05:07'),(135,29,29,3,133,200.00,'cash','payment',NULL,NULL,3,'2025-09-13 13:05:39','2025-09-13 13:05:39'),(137,238,238,3,135,1000.00,'bank','payment','مصرف التجاري','0000',3,'2025-09-13 13:07:26','2025-09-13 13:07:26'),(138,239,239,3,136,1000.00,'bank','payment','مصرف التجاري','0000',3,'2025-09-13 13:08:31','2025-09-13 13:08:31'),(139,34,418,1,137,850.00,'bank','payment','التجاري','000',1,'2025-09-13 13:08:31','2025-09-13 13:08:31'),(140,241,241,3,138,1000.00,'bank','payment','مصرف التجاري','0000',3,'2025-09-13 13:09:05','2025-09-13 13:09:05'),(141,34,34,1,139,4900.00,'bank','payment','التجاري','000',1,'2025-09-13 13:09:38','2025-09-13 13:09:38'),(142,368,367,3,140,500.00,'cash','payment',NULL,NULL,3,'2025-09-13 13:11:21','2025-09-13 13:11:21'),(143,368,539,3,141,775.00,'cash','payment',NULL,NULL,3,'2025-09-13 13:11:43','2025-09-13 13:11:43'),(144,289,289,3,142,2250.00,'cash','payment',NULL,NULL,3,'2025-09-13 14:51:56','2025-09-13 14:51:56'),(145,372,371,3,143,2500.00,'cash','payment',NULL,NULL,3,'2025-09-13 14:52:26','2025-09-13 14:52:26'),(146,127,127,3,144,200.00,'cash','payment',NULL,NULL,3,'2025-09-13 14:53:24','2025-09-13 14:53:24'),(147,390,540,3,145,775.00,'cash','payment',NULL,NULL,3,'2025-09-13 14:58:14','2025-09-13 14:58:14'),(148,10,10,3,146,200.00,'cash','payment',NULL,NULL,3,'2025-09-13 14:59:22','2025-09-13 14:59:22'),(149,267,267,3,147,200.00,'cash','payment',NULL,NULL,3,'2025-09-13 15:01:33','2025-09-13 15:01:33'),(150,223,223,3,148,100.00,'bank','payment','مصرف التجاري','0000',3,'2025-09-13 15:02:42','2025-09-13 15:02:42'),(151,246,246,3,149,100.00,'bank','payment','مصرف التجاري','0000',3,'2025-09-13 15:03:37','2025-09-13 15:03:37'),(152,247,247,3,150,100.00,'bank','payment','مصرف التجاري','0000',3,'2025-09-13 15:04:12','2025-09-13 15:04:12'),(153,423,424,3,151,1925.00,'bank','payment','مصرف التجاري','0000',3,'2025-09-13 15:05:51','2025-09-13 15:05:51'),(154,113,113,3,152,200.00,'cash','payment',NULL,NULL,3,'2025-09-13 15:06:36','2025-09-13 15:06:36'),(155,173,173,3,153,200.00,'cash','payment',NULL,NULL,3,'2025-09-13 15:07:03','2025-09-13 15:07:03'),(156,421,422,3,154,1750.00,'cash','payment',NULL,NULL,3,'2025-09-13 15:07:51','2025-09-13 15:07:51'),(157,283,283,3,155,1000.00,'cash','payment',NULL,NULL,3,'2025-09-13 15:09:05','2025-09-13 15:09:05'),(158,224,224,3,156,800.00,'cash','payment',NULL,NULL,3,'2025-09-13 15:09:36','2025-09-13 15:09:36'),(159,8,8,3,157,750.00,'cash','payment',NULL,NULL,3,'2025-09-13 15:10:51','2025-09-13 15:10:51'),(160,103,103,3,158,1000.00,'cash','payment',NULL,NULL,3,'2025-09-13 15:12:10','2025-09-13 15:12:10'),(161,45,45,3,159,800.00,'cash','payment',NULL,NULL,3,'2025-09-13 15:13:17','2025-09-13 15:13:17'),(162,145,145,3,160,800.00,'cash','payment',NULL,NULL,3,'2025-09-13 15:13:45','2025-09-13 15:13:45'),(163,216,216,3,161,800.00,'cash','payment',NULL,NULL,3,'2025-09-13 15:14:16','2025-09-13 15:14:16'),(164,295,295,3,162,200.00,'cash','payment',NULL,NULL,3,'2025-09-13 15:14:56','2025-09-13 15:14:56'),(165,82,82,3,163,1000.00,'cash','payment',NULL,NULL,3,'2025-09-13 15:15:40','2025-09-13 15:15:40'),(166,316,316,3,164,1000.00,'cash','payment',NULL,NULL,3,'2025-09-13 15:16:04','2025-09-13 15:16:04'),(167,363,541,3,165,775.00,'bank','payment','مصرف التجاري','0000',3,'2025-09-13 15:21:32','2025-09-13 15:21:32'),(168,334,542,3,166,750.00,'bank','payment','مصرف التجاري','0000',3,'2025-09-13 15:22:17','2025-09-13 15:22:17'),(169,334,333,3,167,475.00,'bank','payment','مصرف التجاري','0000',3,'2025-09-13 15:22:46','2025-09-13 15:22:46'),(170,106,106,3,168,1800.00,'cash','payment',NULL,NULL,3,'2025-09-13 15:24:11','2025-09-13 15:24:11'),(171,432,433,3,169,2250.00,'bank','payment','مصرف التجاري','0000',3,'2025-09-13 15:25:22','2025-09-13 15:25:22'),(172,432,543,3,170,725.00,'bank','payment','مصرف التجاري','0000',3,'2025-09-13 15:26:00','2025-09-13 15:26:00'),(173,215,215,3,171,1000.00,'bank','payment','مصرف الوحدة','0000',3,'2025-09-13 15:27:19','2025-09-13 15:27:19'),(174,441,442,3,172,1500.00,'cash','payment',NULL,NULL,3,'2025-09-13 15:30:45','2025-09-13 15:30:45'),(175,442,443,3,173,1500.00,'cash','payment',NULL,NULL,3,'2025-09-13 15:31:23','2025-09-13 15:31:23'),(176,418,417,3,174,1000.00,'cash','payment',NULL,NULL,3,'2025-09-13 15:32:02','2025-09-13 15:32:02'),(177,371,544,3,175,750.00,'bank','payment','التجارة و التنمية','0000',3,'2025-09-13 15:33:57','2025-09-13 15:33:57'),(178,356,545,3,176,751.00,'bank','payment','التجارة و التنمية','0000',3,'2025-09-13 15:35:10','2025-09-13 15:35:10'),(179,211,211,3,177,1800.00,'bank','payment','مصرف الجمهورية','0000',3,'2025-09-13 15:36:42','2025-09-13 15:36:42'),(180,210,210,3,178,1200.00,'bank','payment','مصرف الجمهورية','0000',3,'2025-09-13 15:37:34','2025-09-13 15:37:34'),(181,428,429,3,179,1760.00,'cash','payment',NULL,NULL,3,'2025-09-13 15:39:05','2025-09-13 15:39:05'),(182,213,213,3,180,1000.00,'cash','payment',NULL,NULL,3,'2025-09-13 15:40:03','2025-09-13 15:40:03'),(183,438,439,3,181,4500.00,'bank','payment','التجارة و التنمية','0000',3,'2025-09-13 15:42:09','2025-09-13 15:42:09'),(184,438,546,3,182,750.00,'bank','payment','التجارة و التنمية','0000',3,'2025-09-13 15:42:50','2025-09-13 15:42:50'),(185,439,547,3,183,775.00,'bank','payment','التجارة و التنمية','0000',3,'2025-09-13 15:43:45','2025-09-13 15:43:45'),(186,439,440,3,184,3975.00,'bank','payment','التجارة و التنمية','0000',3,'2025-09-13 15:44:09','2025-09-13 15:44:09'),(187,422,423,3,185,1750.00,'bank','payment','مصرف التجاري','0000',3,'2025-09-13 15:45:21','2025-09-13 15:45:22'),(188,414,548,3,186,725.00,'cash','payment',NULL,NULL,3,'2025-09-13 15:46:43','2025-09-13 15:46:43'),(189,430,431,3,187,3500.00,'cash','payment',NULL,NULL,3,'2025-09-13 15:47:57','2025-09-13 15:47:57'),(190,445,549,3,188,500.00,'cash','payment',NULL,NULL,3,'2025-09-13 15:48:49','2025-09-13 15:48:49'),(191,420,421,3,189,4000.00,'bank','payment','التجارة و التنمية','0000',3,'2025-09-13 15:49:29','2025-09-13 15:49:29'),(192,391,390,3,190,2495.00,'bank','payment','مصرف التجاري','0000',3,'2025-09-13 15:53:12','2025-09-13 15:53:12'),(193,391,550,3,191,775.00,'bank','payment','مصرف التجاري','0000',3,'2025-09-13 15:53:50','2025-09-13 15:53:50'),(194,379,378,3,192,2250.00,'bank','payment','مصرف التجاري','0000',3,'2025-09-13 15:54:37','2025-09-13 15:54:37'),(195,379,551,3,193,765.00,'bank','payment','مصرف التجاري','0000',3,'2025-09-13 15:55:13','2025-09-13 15:55:13'),(196,414,413,3,194,2260.00,'cash','payment',NULL,NULL,3,'2025-09-13 15:58:34','2025-09-13 15:58:34'),(197,324,324,3,195,4500.00,'cash','payment',NULL,NULL,3,'2025-09-13 15:59:31','2025-09-13 15:59:31'),(198,323,323,3,196,4500.00,'cash','payment',NULL,NULL,3,'2025-09-13 16:01:13','2025-09-13 16:01:13'),(199,323,553,3,197,750.00,'cash','payment',NULL,NULL,3,'2025-09-13 16:01:38','2025-09-13 16:01:38'),(200,282,554,3,198,725.00,'cash','payment',NULL,NULL,3,'2025-09-13 16:02:54','2025-09-13 16:02:54'),(201,282,282,3,199,1775.00,'cash','payment',NULL,NULL,3,'2025-09-13 16:04:05','2025-09-13 16:04:05'),(202,282,282,3,200,1745.00,'cash','refund',NULL,NULL,3,'2025-09-13 16:04:54','2025-09-13 16:04:54'),(203,282,282,3,201,4470.00,'cash','payment',NULL,NULL,3,'2025-09-13 16:20:13','2025-09-13 16:20:13'),(204,397,396,3,202,2500.00,'cash','payment',NULL,NULL,3,'2025-09-13 16:21:44','2025-09-13 16:21:44'),(205,209,209,3,203,300.00,'cash','payment',NULL,NULL,3,'2025-09-13 16:22:38','2025-09-13 16:22:38'),(206,208,208,3,204,300.00,'cash','payment',NULL,NULL,3,'2025-09-13 16:23:24','2025-09-13 16:23:24'),(207,151,151,3,205,1000.00,'bank','payment','مصرف التجاري','0000',3,'2025-09-13 16:23:57','2025-09-13 16:23:57'),(208,249,249,3,206,1000.00,'cash','payment',NULL,NULL,3,'2025-09-13 16:24:36','2025-09-13 16:24:36'),(209,319,319,3,207,2000.00,'cash','payment',NULL,NULL,3,'2025-09-13 16:25:21','2025-09-13 16:25:21'),(210,419,420,3,208,2000.00,'cash','payment',NULL,NULL,3,'2025-09-13 16:25:53','2025-09-13 16:25:53'),(211,413,555,3,209,765.00,'cash','payment',NULL,NULL,3,'2025-09-13 16:36:47','2025-09-13 16:36:47'),(212,413,412,3,210,2250.00,'cash','payment',NULL,NULL,3,'2025-09-13 16:37:14','2025-09-13 16:37:14'),(213,412,556,3,211,750.00,'cash','payment',NULL,NULL,3,'2025-09-13 16:37:56','2025-09-13 16:37:56'),(214,412,411,3,212,2135.00,'cash','payment',NULL,NULL,3,'2025-09-13 16:38:26','2025-09-13 16:38:26'),(215,409,557,3,213,765.00,'bank','payment','مصرف التجاري','0000',3,'2025-09-13 16:42:05','2025-09-13 16:42:05'),(216,409,408,3,214,2250.00,'bank','payment','مصرف التجاري','0000',3,'2025-09-13 16:42:27','2025-09-13 16:42:27'),(217,407,406,3,215,1750.00,'bank','payment','مصرف التجاري','0000',3,'2025-09-13 16:43:27','2025-09-13 16:43:27'),(218,230,230,3,216,1000.00,'cash','payment',NULL,NULL,3,'2025-09-13 16:46:25','2025-09-13 16:46:25'),(219,240,240,3,217,1000.00,'cash','payment',NULL,NULL,3,'2025-09-13 16:47:07','2025-09-13 16:47:07'),(220,189,189,3,218,200.00,'bank','payment','مصرف التجاري','0000',3,'2025-09-13 16:48:27','2025-09-13 16:48:27'),(221,61,61,3,219,200.00,'bank','payment','مصرف التجاري','0000',3,'2025-09-13 16:49:06','2025-09-13 16:49:06'),(222,220,220,3,220,600.00,'cash','payment',NULL,NULL,3,'2025-09-13 17:00:46','2025-09-13 17:00:46'),(223,98,98,3,221,100.00,'cash','payment',NULL,NULL,3,'2025-09-13 17:01:36','2025-09-13 17:01:36'),(224,294,558,3,222,765.00,'bank','payment','مصرف التجاري','0000',3,'2025-09-13 17:02:47','2025-09-13 17:02:47'),(225,294,294,3,223,500.00,'bank','payment','مصرف التجاري','0000',3,'2025-09-13 17:03:28','2025-09-13 17:03:28'),(226,385,384,3,224,500.00,'bank','payment','مصرف التجاري','0000',3,'2025-09-13 17:11:58','2025-09-13 17:11:58'),(227,385,559,3,225,765.00,'bank','payment','مصرف التجاري','0000',3,'2025-09-13 17:12:34','2025-09-13 17:12:34'),(228,281,281,3,226,500.00,'bank','payment','مصرف التجاري','0000',3,'2025-09-13 17:13:10','2025-09-13 17:13:10'),(229,281,560,3,227,725.00,'bank','payment','مصرف التجاري','0000',3,'2025-09-13 17:13:42','2025-09-13 17:13:42'),(230,303,303,3,228,500.00,'bank','payment','مصرف الوحدة','0000',3,'2025-09-13 17:14:29','2025-09-13 17:14:29'),(231,303,561,3,229,765.00,'bank','payment','مصرف الوحدة','0000',3,'2025-09-13 17:15:09','2025-09-13 17:15:09'),(232,317,562,3,230,765.00,'bank','payment','مصرف التجاري','0000',3,'2025-09-13 17:17:55','2025-09-13 17:17:55'),(233,74,74,3,231,200.00,'cash','payment',NULL,NULL,3,'2025-09-13 17:18:51','2025-09-13 17:18:51'),(234,1,1,3,232,200.00,'cash','payment',NULL,NULL,3,'2025-09-13 17:19:16','2025-09-13 17:19:16'),(235,426,563,3,233,725.00,'cash','payment',NULL,NULL,3,'2025-09-13 17:20:47','2025-09-13 17:20:47'),(236,426,427,3,234,1475.00,'cash','payment',NULL,NULL,3,'2025-09-13 17:21:07','2025-09-13 17:21:07'),(237,257,564,3,235,725.00,'cash','payment',NULL,NULL,3,'2025-09-13 17:21:59','2025-09-13 17:21:59'),(238,337,565,3,236,750.00,'cash','payment',NULL,NULL,3,'2025-09-13 17:22:42','2025-09-13 17:22:42'),(239,225,225,3,237,1200.00,'bank','payment','مصرف التجاري','0000',3,'2025-09-13 17:23:57','2025-09-13 17:23:57'),(240,236,236,3,238,2000.00,'bank','payment','مصرف التجاري','0000',3,'2025-09-13 17:24:51','2025-09-13 17:24:51'),(241,234,234,3,239,1800.00,'bank','payment','مصرف التجاري','0000',3,'2025-09-13 17:25:31','2025-09-13 17:25:31'),(242,235,235,3,240,1800.00,'bank','payment','مصرف التجاري','0000',3,'2025-09-13 17:26:23','2025-09-13 17:26:23'),(243,328,566,3,241,750.00,'bank','payment','مصرف الجمهورية','0000',3,'2025-09-13 17:27:45','2025-09-13 17:27:45'),(244,328,328,3,242,1500.00,'bank','payment','مصرف الجمهورية','0000',3,'2025-09-13 17:28:19','2025-09-13 17:28:19'),(245,237,237,3,243,1000.00,'cash','payment',NULL,NULL,3,'2025-09-13 17:28:53','2025-09-13 17:28:53'),(246,276,276,3,244,500.00,'cash','payment',NULL,NULL,3,'2025-09-13 17:30:13','2025-09-13 17:30:13'),(247,375,567,3,245,765.00,'cash','payment',NULL,NULL,3,'2025-09-13 17:31:53','2025-09-13 17:31:53'),(248,416,415,3,246,1235.00,'cash','payment',NULL,NULL,3,'2025-09-13 17:32:30','2025-09-13 17:32:30'),(249,264,568,3,247,725.00,'cash','payment',NULL,NULL,3,'2025-09-13 17:33:38','2025-09-13 17:33:38'),(250,264,264,3,248,525.00,'cash','payment',NULL,NULL,3,'2025-09-13 17:34:00','2025-09-13 17:34:00'),(251,320,569,3,249,750.00,'cash','payment',NULL,NULL,3,'2025-09-13 17:34:40','2025-09-13 17:34:40'),(252,366,365,3,250,1000.00,'cash','payment',NULL,NULL,3,'2025-09-13 17:35:30','2025-09-13 17:35:30'),(253,408,570,3,251,650.00,'cash','payment',NULL,NULL,3,'2025-09-13 17:36:20','2025-09-13 17:36:20'),(254,243,243,3,252,1000.00,'bank','payment','مصرف التجاري','0000',3,'2025-09-13 17:37:13','2025-09-13 17:37:13'),(255,244,244,3,253,1000.00,'cash','payment',NULL,NULL,3,'2025-09-13 17:37:43','2025-09-13 17:37:43'),(256,397,571,3,254,775.00,'cash','payment',NULL,NULL,3,'2025-09-13 17:39:35','2025-09-13 17:39:35'),(257,344,343,3,255,500.00,'cash','payment',NULL,NULL,3,'2025-09-13 17:40:26','2025-09-13 17:40:26'),(258,130,130,3,256,1000.00,'cash','payment',NULL,NULL,3,'2025-09-13 17:41:57','2025-09-13 17:41:57'),(259,306,306,3,257,800.00,'cash','payment',NULL,NULL,3,'2025-09-13 17:43:01','2025-09-13 17:43:01'),(260,431,572,3,258,725.00,'bank','payment','مصرف الوحدة','0000',3,'2025-09-13 17:44:05','2025-09-13 17:44:05'),(261,431,432,3,259,2275.00,'bank','payment','مصرف الوحدة','0000',3,'2025-09-13 17:44:32','2025-09-13 17:44:32'),(262,433,434,3,260,1750.00,'bank','payment','مصرف التجاري','0000',3,'2025-09-13 17:45:17','2025-09-13 17:45:17'),(263,42,42,3,261,200.00,'cash','payment',NULL,NULL,3,'2025-09-13 17:47:22','2025-09-13 17:47:22'),(264,435,573,3,262,775.00,'cash','payment',NULL,NULL,3,'2025-09-13 17:48:33','2025-09-13 17:48:33'),(265,435,436,3,263,1750.00,'cash','payment',NULL,NULL,3,'2025-09-13 17:48:53','2025-09-13 17:48:53'),(266,425,574,3,264,725.00,'cash','payment',NULL,NULL,3,'2025-09-13 17:49:29','2025-09-13 17:49:29'),(267,425,426,3,265,1750.00,'cash','payment',NULL,NULL,3,'2025-09-13 17:49:48','2025-09-13 17:49:48'),(268,232,232,3,266,1000.00,'bank','payment','مصرف التجاري','0000',3,'2025-09-13 17:50:41','2025-09-13 17:50:41'),(269,354,575,3,267,775.00,'cash','payment',NULL,NULL,3,'2025-09-13 17:51:36','2025-09-13 17:51:36'),(270,354,353,3,268,500.00,'cash','payment',NULL,NULL,3,'2025-09-13 17:51:56','2025-09-13 17:51:56'),(271,352,576,2,273,850.00,'cash','payment',NULL,NULL,5,'2025-09-14 04:28:10','2025-09-14 04:28:10'),(272,242,242,2,274,2250.00,'cash','payment',NULL,NULL,5,'2025-09-14 04:31:30','2025-09-14 04:31:30'),(273,438,577,2,275,400.00,'cash','payment',NULL,NULL,5,'2025-09-14 04:35:13','2025-09-14 04:35:13'),(274,439,579,2,276,400.00,'cash','payment',NULL,NULL,5,'2025-09-14 04:37:25','2025-09-14 04:37:25'),(275,439,440,2,277,1025.00,'cash','payment',NULL,NULL,5,'2025-09-14 04:38:41','2025-09-14 04:38:41'),(276,350,349,2,278,2000.00,'cash','payment',NULL,NULL,5,'2025-09-14 04:40:13','2025-09-14 04:40:13'),(277,327,580,2,279,750.00,'cash','payment',NULL,NULL,5,'2025-09-14 04:47:30','2025-09-14 04:47:30'),(278,242,242,2,280,250.00,'cash','refund',NULL,NULL,5,'2025-09-14 04:51:33','2025-09-14 04:51:33'),(279,445,581,2,281,220.00,'cash','payment',NULL,NULL,5,'2025-09-14 04:58:54','2025-09-14 04:58:54'),(280,311,582,2,282,760.00,'cash','payment',NULL,NULL,5,'2025-09-14 05:00:45','2025-09-14 05:00:45'),(281,395,583,2,283,75.00,'cash','payment',NULL,NULL,5,'2025-09-14 05:03:03','2025-09-14 05:03:03'),(282,398,397,2,284,1000.00,'cash','payment',NULL,NULL,5,'2025-09-14 05:42:08','2025-09-14 05:42:09'),(283,35,35,2,285,10.00,'cash','payment',NULL,NULL,5,'2025-09-14 05:44:26','2025-09-14 05:44:26'),(284,103,103,2,286,10.00,'cash','payment',NULL,NULL,5,'2025-09-14 05:50:54','2025-09-14 05:50:54'),(285,362,585,2,287,775.00,'bank','payment','التجارة والتنمية','0000',5,'2025-09-14 06:02:48','2025-09-14 06:02:48'),(286,362,361,2,288,2500.00,'bank','payment','التجارة والتنمية','0000',5,'2025-09-14 06:03:50','2025-09-14 06:03:50'),(287,326,586,2,289,750.00,'bank','payment','التجارة والتنمية','0000',5,'2025-09-14 06:10:09','2025-09-14 06:10:09'),(288,326,326,2,290,2225.00,'bank','payment','التجارة والتنمية','0000',5,'2025-09-14 06:11:14','2025-09-14 06:11:14'),(289,446,587,3,291,500.00,'bank','payment','مصرف الوحدة','0000',3,'2025-09-14 07:28:39','2025-09-14 07:28:39'),(290,359,588,3,292,75.00,'cash','payment',NULL,NULL,3,'2025-09-14 07:38:35','2025-09-14 07:38:35'),(291,358,589,3,293,75.00,'cash','payment',NULL,NULL,3,'2025-09-14 07:39:19','2025-09-14 07:39:19'),(292,447,590,3,294,800.00,'bank','payment','مصرف التجاري','0000',3,'2025-09-14 07:45:37','2025-09-14 07:45:37'),(293,448,591,3,295,1000.00,'cash','payment',NULL,NULL,3,'2025-09-14 08:26:31','2025-09-14 08:26:31'),(294,449,592,3,296,1750.00,'bank','payment','مصرف التجاري','0000',3,'2025-09-14 08:30:18','2025-09-14 08:30:18'),(295,450,593,3,297,3000.00,'cash','payment',NULL,NULL,3,'2025-09-14 08:41:19','2025-09-14 08:41:19'),(296,256,256,3,298,250.00,'cash','payment',NULL,NULL,3,'2025-09-14 08:46:19','2025-09-14 08:46:19'),(297,268,268,3,299,500.00,'cash','payment',NULL,NULL,3,'2025-09-14 08:47:59','2025-09-14 08:47:59'),(298,218,218,3,300,250.00,'cash','payment',NULL,NULL,3,'2025-09-14 08:48:47','2025-09-14 08:48:47'),(299,410,594,3,301,775.00,'cash','payment',NULL,NULL,3,'2025-09-14 08:53:20','2025-09-14 08:53:20'),(300,410,409,3,302,2425.00,'cash','payment',NULL,NULL,3,'2025-09-14 08:53:47','2025-09-14 08:53:47'),(301,110,110,2,303,1300.00,'cash','payment',NULL,NULL,5,'2025-09-14 09:00:12','2025-09-14 09:00:12'),(302,451,595,3,304,2250.00,'bank','payment','مصرف التجاري','0000',3,'2025-09-14 09:02:31','2025-09-14 09:02:31'),(303,451,596,3,305,725.00,'bank','payment','مصرف التجاري','0000',3,'2025-09-14 09:02:46','2025-09-14 09:02:46'),(304,453,598,3,306,1500.00,'cash','payment',NULL,NULL,3,'2025-09-14 09:15:09','2025-09-14 09:15:09'),(305,452,599,3,307,765.00,'cash','payment',NULL,NULL,3,'2025-09-14 09:16:10','2025-09-14 09:16:10'),(306,452,597,3,308,1735.00,'cash','payment',NULL,NULL,3,'2025-09-14 09:16:44','2025-09-14 09:16:44'),(307,454,600,3,309,1000.00,'cash','payment',NULL,NULL,3,'2025-09-14 09:24:29','2025-09-14 09:24:29'),(308,324,552,2,310,750.00,'cash','payment',NULL,NULL,5,'2025-09-14 09:27:08','2025-09-14 09:27:08'),(309,369,601,2,311,75.00,'cash','payment',NULL,NULL,5,'2025-09-14 09:49:30','2025-09-14 09:49:30'),(310,456,603,2,312,1000.00,'cash','payment',NULL,NULL,5,'2025-09-14 10:00:14','2025-09-14 10:00:14'),(311,455,602,2,313,1000.00,'cash','payment',NULL,NULL,5,'2025-09-14 10:01:56','2025-09-14 10:01:56'),(312,324,605,2,314,80.00,'cash','payment',NULL,NULL,5,'2025-09-14 10:11:37','2025-09-14 10:11:37'),(313,323,606,2,315,80.00,'cash','payment',NULL,NULL,5,'2025-09-14 10:13:07','2025-09-14 10:13:07'),(314,282,607,2,316,80.00,'cash','payment',NULL,NULL,5,'2025-09-14 10:16:48','2025-09-14 10:16:48'),(315,457,604,2,317,1750.00,'bank','payment','التجارة والتنمية','0000',5,'2025-09-14 10:19:54','2025-09-14 10:19:54'),(316,284,284,2,318,2250.00,'bank','payment','التجارة والتنمية','0000',5,'2025-09-14 10:21:06','2025-09-14 10:21:06'),(317,284,608,2,319,725.00,'bank','payment','التجارة والتنمية','0000',5,'2025-09-14 10:22:02','2025-09-14 10:22:02'),(318,310,609,2,320,765.00,'bank','payment','التجارة والتنمية','0000',5,'2025-09-14 10:25:20','2025-09-14 10:25:20'),(319,310,310,2,321,1970.00,'bank','payment','التجارة والتنمية','0000',5,'2025-09-14 10:25:44','2025-09-14 10:25:44'),(320,399,610,2,324,75.00,'cash','payment',NULL,NULL,5,'2025-09-15 04:25:40','2025-09-15 04:25:40'),(321,372,611,2,325,75.00,'cash','payment',NULL,NULL,5,'2025-09-15 04:42:36','2025-09-15 04:42:36'),(322,381,612,2,326,765.00,'cash','payment',NULL,NULL,5,'2025-09-15 05:02:15','2025-09-15 05:02:15'),(323,381,380,2,327,1500.00,'cash','payment',NULL,NULL,5,'2025-09-15 05:07:23','2025-09-15 05:07:23'),(324,201,201,1,328,1000.00,'cash','payment',NULL,NULL,1,'2025-09-15 07:36:20','2025-09-15 07:36:20'),(325,171,171,1,329,1000.00,'cash','payment',NULL,NULL,1,'2025-09-15 07:36:54','2025-09-15 07:36:54'),(326,26,26,1,330,1000.00,'cash','payment',NULL,NULL,1,'2025-09-15 07:38:21','2025-09-15 07:38:21'),(327,22,22,2,331,1000.00,'cash','payment',NULL,NULL,5,'2025-09-15 08:17:33','2025-09-15 08:17:33'),(328,109,109,2,332,1000.00,'cash','payment',NULL,NULL,5,'2025-09-15 08:19:32','2025-09-15 08:19:32'),(329,245,245,2,333,1000.00,'cash','payment',NULL,NULL,5,'2025-09-15 08:24:47','2025-09-15 08:24:47'),(330,227,227,2,334,700.00,'cash','payment',NULL,NULL,5,'2025-09-15 08:27:26','2025-09-15 08:27:26'),(331,403,623,2,335,775.00,'cash','payment',NULL,NULL,5,'2025-09-15 08:40:23','2025-09-15 08:40:23'),(332,403,624,2,336,75.00,'cash','payment',NULL,NULL,5,'2025-09-15 08:41:22','2025-09-15 08:41:22'),(333,399,398,2,337,2000.00,'cash','payment',NULL,NULL,5,'2025-09-15 10:00:51','2025-09-15 10:00:51'),(334,377,376,2,338,2000.00,'cash','payment',NULL,NULL,5,'2025-09-15 10:03:08','2025-09-15 10:03:08'),(335,279,626,1,339,725.00,'cash','payment',NULL,NULL,1,'2025-09-15 10:21:47','2025-09-15 10:21:47'),(337,347,346,2,341,1000.00,'cash','payment',NULL,NULL,5,'2025-09-17 05:41:12','2025-09-17 05:41:12'),(338,391,635,2,342,75.00,'cash','payment',NULL,NULL,5,'2025-09-17 05:45:59','2025-09-17 05:45:59'),(339,330,645,1,343,750.00,'bank','payment','التجاري','0000',1,'2025-09-17 06:45:45','2025-09-17 06:45:45'),(340,469,650,1,344,725.00,'bank','payment','الوحدة','0000',1,'2025-09-17 07:11:01','2025-09-17 07:11:01'),(341,387,651,1,345,850.00,'bank','payment','الوحدة','0000',1,'2025-09-17 07:11:46','2025-09-17 07:11:46'),(342,32,32,2,346,1000.00,'cash','payment',NULL,NULL,5,'2025-09-17 09:22:25','2025-09-17 09:22:25'),(343,304,304,2,347,800.00,'cash','payment',NULL,NULL,5,'2025-09-17 09:23:50','2025-09-17 09:23:50'),(344,279,279,1,348,2225.00,'cash','payment',NULL,NULL,1,'2025-09-17 10:22:07','2025-09-17 10:22:07'),(345,330,330,1,349,2225.00,'cash','payment',NULL,NULL,1,'2025-09-17 10:24:15','2025-09-17 10:24:15'),(346,397,653,1,350,75.00,'cash','payment',NULL,NULL,1,'2025-09-17 10:26:57','2025-09-17 10:26:57'),(347,415,414,2,351,1500.00,'cash','payment',NULL,NULL,5,'2025-09-17 10:28:58','2025-09-17 10:28:58'),(348,390,654,1,352,75.00,'cash','payment',NULL,NULL,1,'2025-09-17 10:29:07','2025-09-17 10:29:07'),(349,417,416,2,353,2000.00,'cash','payment',NULL,NULL,5,'2025-09-17 10:31:37','2025-09-17 10:31:37'),(350,400,655,2,354,75.00,'cash','payment',NULL,NULL,5,'2025-09-18 04:46:23','2025-09-18 04:46:23'),(351,183,183,2,355,1000.00,'cash','payment',NULL,NULL,5,'2025-09-18 05:08:23','2025-09-18 05:08:23'),(352,75,75,2,356,1000.00,'cash','payment',NULL,NULL,5,'2025-09-18 05:09:07','2025-09-18 05:09:07'),(353,217,217,2,357,1200.00,'cash','payment',NULL,NULL,5,'2025-09-18 07:23:16','2025-09-18 07:23:16'),(354,198,198,2,358,1000.00,'cash','payment',NULL,NULL,5,'2025-09-18 07:24:38','2025-09-18 07:24:38'),(355,423,424,2,359,2575.00,'bank','payment','التجاري','0000',5,'2025-09-18 07:27:49','2025-09-18 07:27:49'),(356,423,656,2,360,725.00,'bank','payment','التجاري','0000',5,'2025-09-18 07:28:40','2025-09-18 07:28:40'),(357,452,597,2,361,515.00,'cash','payment',NULL,NULL,5,'2025-09-18 08:43:22','2025-09-18 08:43:22'),(358,453,598,2,362,250.00,'cash','payment',NULL,NULL,5,'2025-09-18 08:44:18','2025-09-18 08:44:18'),(359,30,30,2,363,1000.00,'cash','payment',NULL,NULL,5,'2025-09-18 09:00:13','2025-09-18 09:00:13'),(360,470,666,2,364,1700.00,'cash','payment',NULL,NULL,5,'2025-09-18 09:54:04','2025-09-18 09:54:04'),(361,411,665,2,365,765.00,'cash','payment',NULL,NULL,5,'2025-09-18 10:00:19','2025-09-18 10:00:19'),(362,411,410,2,366,500.00,'cash','payment',NULL,NULL,5,'2025-09-18 10:00:35','2025-09-18 10:00:35'),(363,355,652,2,367,75.00,'cash','payment',NULL,NULL,5,'2025-09-18 10:02:11','2025-09-18 10:02:11'),(364,355,354,2,368,425.00,'cash','payment',NULL,NULL,5,'2025-09-18 10:02:32','2025-09-18 10:02:32'),(365,464,629,2,369,1000.00,'cash','payment',NULL,NULL,5,'2025-09-18 10:08:02','2025-09-18 10:08:02'),(366,368,667,2,370,75.00,'cash','payment',NULL,NULL,5,'2025-09-18 10:10:03','2025-09-18 10:10:03'),(367,366,365,2,371,1000.00,'cash','payment',NULL,NULL,5,'2025-09-18 10:25:25','2025-09-18 10:25:25'),(368,157,157,1,372,2000.00,'bank','payment','التجاري','000',1,'2025-09-19 13:14:11','2025-09-19 13:14:11'),(373,357,356,1,379,5000.00,'cash','payment',NULL,NULL,1,'2025-09-24 19:49:02','2025-09-24 19:49:02'),(374,357,478,1,380,2695.00,'cash','payment',NULL,NULL,1,'2025-09-24 19:49:49','2025-09-24 19:49:49'),(375,357,478,1,381,2695.00,'cash','refund',NULL,NULL,1,'2025-09-24 19:50:48','2025-09-24 19:50:48'),(376,357,647,1,382,775.00,'cash','payment',NULL,NULL,1,'2025-09-24 19:53:48','2025-09-24 19:53:48'),(377,357,648,1,383,75.00,'cash','payment',NULL,NULL,1,'2025-09-24 19:54:34','2025-09-24 19:54:34'),(378,396,395,1,384,5000.00,'cash','payment',NULL,NULL,1,'2025-09-27 16:32:25','2025-09-27 16:32:25'),(379,396,395,1,385,333.00,'cash','refund',NULL,NULL,1,'2025-09-27 16:32:31','2025-09-27 16:32:31'),(381,386,385,1,386,5000.00,'bank','payment','testet','2342342352312',1,'2025-09-28 15:30:44','2025-09-28 15:30:44'),(382,35,35,1,390,10.00,'cash','refund',NULL,NULL,1,'2025-09-29 11:22:29','2025-09-29 11:22:29'),(383,35,419,1,391,850.00,'cash','payment',NULL,NULL,1,'2025-09-29 11:27:23','2025-09-29 11:27:23'),(384,35,419,1,392,300.00,'bank','refund',NULL,NULL,1,'2025-09-29 11:28:38','2025-09-29 11:28:38'),(385,321,321,1,393,4500.00,'cash','payment',NULL,NULL,1,'2025-10-04 20:55:17','2025-10-04 20:55:17');
/*!40000 ALTER TABLE `student_payments` ENABLE KEYS */;
UNLOCK TABLES;

--
-- Table structure for table `student_promotion_logs`
--

DROP TABLE IF EXISTS `student_promotion_logs`;
/*!40101 SET @saved_cs_client     = @@character_set_client */;
/*!50503 SET character_set_client = utf8mb4 */;
CREATE TABLE `student_promotion_logs` (
  `id` bigint(20) unsigned NOT NULL AUTO_INCREMENT,
  `source_academic_year_id` bigint(20) unsigned NOT NULL,
  `target_academic_year_id` bigint(20) unsigned NOT NULL,
  `promoted_count` int(11) NOT NULL DEFAULT 0,
  `total_count` int(11) NOT NULL DEFAULT 0,
  `errors_count` int(11) NOT NULL DEFAULT 0,
  `performed_by` bigint(20) unsigned NOT NULL,
  `performed_at` timestamp NOT NULL DEFAULT current_timestamp() ON UPDATE current_timestamp(),
  `additional_data` longtext CHARACTER SET utf8mb4 COLLATE utf8mb4_bin DEFAULT NULL CHECK (json_valid(`additional_data`)),
  `notes` text DEFAULT NULL,
  `created_at` timestamp NULL DEFAULT NULL,
  `updated_at` timestamp NULL DEFAULT NULL,
  PRIMARY KEY (`id`),
  KEY `student_promotion_logs_target_academic_year_id_foreign` (`target_academic_year_id`),
  KEY `promotion_years_idx` (`source_academic_year_id`,`target_academic_year_id`),
  KEY `student_promotion_logs_performed_by_index` (`performed_by`),
  KEY `student_promotion_logs_performed_at_index` (`performed_at`),
  CONSTRAINT `student_promotion_logs_performed_by_foreign` FOREIGN KEY (`performed_by`) REFERENCES `users` (`id`) ON DELETE CASCADE,
  CONSTRAINT `student_promotion_logs_source_academic_year_id_foreign` FOREIGN KEY (`source_academic_year_id`) REFERENCES `academic_years` (`id`) ON DELETE CASCADE,
  CONSTRAINT `student_promotion_logs_target_academic_year_id_foreign` FOREIGN KEY (`target_academic_year_id`) REFERENCES `academic_years` (`id`) ON DELETE CASCADE
) ENGINE=InnoDB AUTO_INCREMENT=2 DEFAULT CHARSET=utf8mb4 COLLATE=utf8mb4_unicode_ci;
/*!40101 SET character_set_client = @saved_cs_client */;

--
-- Dumping data for table `student_promotion_logs`
--

LOCK TABLES `student_promotion_logs` WRITE;
/*!40000 ALTER TABLE `student_promotion_logs` DISABLE KEYS */;
INSERT INTO `student_promotion_logs` VALUES (1,1,2,28,29,1,1,'2025-11-03 17:13:52',NULL,NULL,'2025-11-03 17:13:52','2025-11-03 17:13:52');
/*!40000 ALTER TABLE `student_promotion_logs` ENABLE KEYS */;
UNLOCK TABLES;

--
-- Table structure for table `students`
--

DROP TABLE IF EXISTS `students`;
/*!40101 SET @saved_cs_client     = @@character_set_client */;
/*!50503 SET character_set_client = utf8mb4 */;
CREATE TABLE `students` (
  `id` bigint(20) unsigned NOT NULL AUTO_INCREMENT,
  `registration_number` varchar(50) DEFAULT NULL,
  `name` varchar(255) NOT NULL,
  `gender` enum('male','female') DEFAULT NULL,
  `national_id` varchar(50) DEFAULT NULL,
  `nationality` varchar(100) DEFAULT NULL,
  `parent_name` varchar(255) DEFAULT NULL,
  `phone` varchar(50) DEFAULT NULL,
  `address` varchar(255) DEFAULT NULL,
  `notes` text DEFAULT NULL,
  `status` enum('active','graduated','transferred','suspended') NOT NULL DEFAULT 'active',
  `created_at` timestamp NULL DEFAULT NULL,
  `updated_at` timestamp NULL DEFAULT NULL,
  `phone2` varchar(255) DEFAULT NULL,
  `mother_name` varchar(255) DEFAULT NULL,
  PRIMARY KEY (`id`)
) ENGINE=InnoDB AUTO_INCREMENT=472 DEFAULT CHARSET=utf8mb4 COLLATE=utf8mb4_unicode_ci;
/*!40101 SET character_set_client = @saved_cs_client */;

--
-- Dumping data for table `students`
--

LOCK TABLES `students` WRITE;
/*!40000 ALTER TABLE `students` DISABLE KEYS */;
INSERT INTO `students` VALUES (1,NULL,'تبارك زاهر عثمان','female',NULL,NULL,'زاهر عثمان حسين','0910166270','البيضاء_ الطريق الدائري',NULL,'active','2025-09-07 09:08:47','2025-09-07 09:08:47','0926367023','امل عماد الدين محمود'),(2,NULL,'صبا عبدالعاطي موسى','female',NULL,NULL,'عبدالعاطي موسى عقيلة','0915305955','البيضاء',NULL,'active','2025-09-07 09:12:10','2025-09-07 09:12:10','0925305955','سلوم  حسن عبدالرحمن'),(3,NULL,'المعتز بالله علاء صالح','male',NULL,NULL,'علاء صالح محمد','0945951944','البيضاء الجديدة',NULL,'active','2025-09-07 09:14:46','2025-09-07 09:14:46','0945951944','نجاة عبدالواحد موسى'),(4,NULL,'ريتال احمد فتحي','female',NULL,NULL,'احمد فتحي سعد','0928973682','الغريقة',NULL,'active','2025-09-07 09:18:04','2025-09-07 09:18:04','0915793682','مسعودة عبدالله عوض'),(5,NULL,'عهد علي سعيد','female',NULL,NULL,'علي سعيد سالم','0923192135','البيضاء',NULL,'active','2025-09-07 09:22:06','2025-09-07 09:22:06','0927646558','هناء سعد عبدالباري'),(6,NULL,'يامن جبريل موسى','male',NULL,NULL,'جبريل موسى عبدالكريم','0926980132','البيضاء',NULL,'active','2025-09-07 09:24:28','2025-09-07 09:24:28','0926980132','عازه هلال نوح'),(7,NULL,'سارة وليد موسى','female',NULL,NULL,'وليد موسى فضيل',NULL,'البيضاء',NULL,'active','2025-09-07 09:29:35','2025-09-07 09:29:35',NULL,'فاطمة صلاح الدين'),(8,NULL,'ساجدة امجد مفتاح','female',NULL,NULL,'امجد مفتاح رجب','0927878641','البيضاء_المدينة الرياضيه',NULL,'active','2025-09-07 09:35:18','2025-09-07 09:35:18','0917162656','ميرفت فتح الله ربيع'),(9,NULL,'مصطفى بوفارس عطية','male',NULL,NULL,'بوفارس عطية بوفارس','0912093451','البيضاء _خلف مدرسة التلال الذهبية',NULL,'active','2025-09-07 09:38:49','2025-09-07 09:38:49','0913849385','تركية محمد حميد'),(10,NULL,'اياد علي عطية','male',NULL,NULL,'علي عطية الطيف','0927720936','الوسيطة',NULL,'active','2025-09-07 09:43:25','2025-09-07 09:43:25','0927720936','مريم موسى محمد'),(11,NULL,'ميلود مفتاح مليود','male',NULL,NULL,'مفتاح مليود حمد','0928448485','البيضاء',NULL,'active','2025-09-07 09:46:20','2025-09-07 09:46:20','0915448485','ابتسام علي محمد'),(12,NULL,'ادريس زياد سليمان','male',NULL,NULL,'زياد سليمان اكريم','0915406207','البيضاء الجديدة',NULL,'active','2025-09-07 09:49:01','2025-09-07 09:49:01','0928406207','زينب ادريس فرج'),(13,NULL,'محمد سلامة عبد الجواد','male',NULL,NULL,'سلامة عبدالجواد صالح','0944618931','سيدى رافع',NULL,'active','2025-09-07 09:49:40','2025-09-07 09:49:40','0945919679','مرزوقة سالم عبد الحليم'),(14,NULL,'هبة اسامة محمد','female',NULL,NULL,'اسامة محمد بوشعالة',NULL,NULL,NULL,'active','2025-09-07 09:50:52','2025-09-07 09:50:52',NULL,'نوال مفتاح احمد'),(15,NULL,'اسامة ونيس مفتاح','male',NULL,NULL,'ونيس مفتاح حمد',NULL,NULL,NULL,'active','2025-09-07 09:52:19','2025-09-07 09:52:19',NULL,'امال محمد عمر'),(16,NULL,'حمزه محمد رجب','male',NULL,NULL,'محمد رجب محمد',NULL,NULL,NULL,'active','2025-09-07 09:53:42','2025-09-07 09:53:42',NULL,'نوران محمد سمير'),(17,NULL,'مريم سعيد محمد','female',NULL,NULL,'سعيد حمد محمد','0913569599','البيضاء',NULL,'active','2025-09-07 09:54:50','2025-09-07 09:54:50','0913569599','حنان سليمان موسى'),(18,NULL,'اياد حافظ محمد','male',NULL,NULL,'حافظ محمد صالح','0925458783','خلف مدرسة التلال الذهبية',NULL,'active','2025-09-07 09:56:40','2025-09-07 09:56:40','0926966168','ايناس فرج عبدالجواد'),(19,NULL,'رابحة مصطفى ابراهيم','female',NULL,NULL,'مصطفى ابراهيم عبدالسلام','0917494142','مخطط بوحبيب',NULL,'active','2025-09-07 09:58:50','2025-09-07 09:58:50','0917494142','هدى خليفة محمد'),(20,NULL,'جاد حافظ محمد','male',NULL,NULL,'حافظ محمد صالح','0925458783','خلف مدرسة التلال الذهبية',NULL,'active','2025-09-07 09:59:04','2025-09-07 09:59:04','0926966168','ايناس فرج عبدالجواد'),(21,NULL,'زيد جمال بوبكر','male',NULL,NULL,'جمال بوبكر محمد','0911218142','البيضاء',NULL,'active','2025-09-07 10:01:03','2025-09-07 10:01:03','0914245047','اسعيدة فتحي صالح'),(22,NULL,'عبدالرازق المعتصم بالله عبدالرازق','male',NULL,NULL,'المعتصم بالله عبدالرازق يونس','0945898260','الدائري قرب الشيل',NULL,'active','2025-09-07 10:01:56','2025-09-07 10:01:56','0944419783','نوره احمد كريم'),(23,NULL,'صفوان احمد فرج','male',NULL,NULL,'احمد فرج طحاوي','0913822586','البيضاء',NULL,'active','2025-09-07 10:02:48','2025-09-07 10:02:48','0913822586','عفاف حسين نصر'),(24,NULL,'اريام الناجى حمد','female',NULL,NULL,'الناجى حمد محمد',NULL,NULL,NULL,'active','2025-09-07 10:04:15','2025-09-07 10:04:15','0926244212','سعاد سعيد حامد'),(25,NULL,'سليمة رامي سعد','female',NULL,NULL,'رامي سعد بوبكر','0922740747',NULL,NULL,'active','2025-09-07 10:04:50','2025-09-07 10:04:50','0922511516','رحاب عبدالعزيز السنوسي'),(26,NULL,'ابرار بوفارس عطيه بوفارس','female',NULL,NULL,'بوفارس عطيه بوفارس','0922093451','خلف مدرسة التلال الذهبية',NULL,'active','2025-09-07 10:06:36','2025-09-07 10:06:36','0912093451','تركيه محمد حميد'),(27,NULL,'ليث محمود سليمان','male',NULL,NULL,'محمود سليمان محمد','0925576930','خلف مدرسة التلال الذهبية',NULL,'active','2025-09-07 10:07:10','2025-09-07 10:07:10','0915576930','فريحة حمد اقبيلي'),(28,NULL,'ابراهيم وليد محمد','male',NULL,NULL,'وليد محمد خالد','092637768','راس التراب',NULL,'active','2025-09-07 10:09:14','2025-09-08 06:43:00',NULL,'ايمان حماد عمر'),(29,NULL,'كنزي رافع عبدالله','female',NULL,NULL,'رافع عبدالله عبدالله','0912099209','البيضاء',NULL,'active','2025-09-07 10:09:25','2025-09-07 10:09:25','0912099209','مريم عبدالله سعد'),(30,NULL,'ود سليمان المبروك','female',NULL,NULL,'سليمان المبروك جاب الله','0925445865',NULL,NULL,'active','2025-09-07 10:11:10','2025-09-07 10:11:10','0913292038','حسن عبدالرحيم حمد'),(31,NULL,'ابراهيم مصطفى ابراهيم','male',NULL,NULL,'مصطفى ابراهيم عبدالسلام','0917494142','البيضاء',NULL,'active','2025-09-07 10:11:13','2025-09-07 10:11:13','0927428001','هدى خليفة محمد'),(32,NULL,'ايله فوزي خليفة','female',NULL,NULL,'فوزي خليفة محمد','0924333635','البيضاء',NULL,'active','2025-09-07 10:12:50','2025-09-07 10:12:50','0924333635','نجاة صالح امحمد'),(33,NULL,'قيس هيثم صفوان','male',NULL,NULL,'هيثم صفوان الحميدي','0915789666','البيضاء الجديدة',NULL,'active','2025-09-07 10:14:22','2025-09-07 10:14:22','0925789645','صباح'),(34,NULL,'عمر سعد محمد عمر','male',NULL,NULL,'سعد بوشعالة','0915319930','ام الصفصاف',NULL,'active','2025-09-07 18:18:43','2025-09-07 18:18:43','0925319930','هبه محمود سليمان'),(35,NULL,'ثريا سعد محمد عمر','female',NULL,NULL,'سعد بوشعالة','0915319930','ام الصفصاف',NULL,'active','2025-09-07 18:23:03','2025-09-07 18:23:03','0925319930','هبه محمود سليمان'),(36,NULL,'تميم محمد سالم','male',NULL,NULL,'محمد سالم الجربه','0926361619','البيضاء _شارع النسيم',NULL,'active','2025-09-08 06:18:10','2025-09-08 06:18:10','0926361619','نسيبة المهدي هلال'),(37,NULL,'ريان احمد مصطفى','female',NULL,NULL,'احمد مصطفى حمد','0925540559','البيضاء',NULL,'active','2025-09-08 06:23:36','2025-09-08 06:23:36','0913577285','سهام مسعود يوسف'),(38,NULL,'هبة طارق السيفاط','female',NULL,NULL,'طارق السيفاط طيب','0914408431','البيضاء _الجنين',NULL,'active','2025-09-08 06:26:55','2025-09-08 06:26:55','0914408431','رجاء سعد عثمان'),(39,NULL,'هبة الله احمد فرج','female',NULL,NULL,'احمد فرج طحاوي','0913822586',NULL,NULL,'active','2025-09-08 06:29:31','2025-09-08 06:29:31','0927985037','عفاف حسين نصر'),(40,NULL,'منير ميلود سليمان','male',NULL,NULL,'ميلود سليمان محمد','0915576930',NULL,NULL,'active','2025-09-08 06:31:33','2025-09-08 06:31:33','0925576930','فريحة حمد اقبيلي'),(41,NULL,'زكريا حمزة فرج','male',NULL,NULL,'حمزة فرج عبدالرحمن','0924138683','البيضاء',NULL,'active','2025-09-08 06:35:35','2025-09-08 06:35:35','0924138683','نادية سالم موسى'),(42,NULL,'ريماس اشرف محمد','female',NULL,NULL,'اشرف محمد اكريميد','0918869708','البيضاء الجديدة خلف مدرسة جمال عبد الناصر',NULL,'active','2025-09-08 06:39:13','2025-09-08 06:39:13','0917059945','مقبولة سالم عبد الحميد'),(43,NULL,'احمد سالم بالعيد','male',NULL,NULL,'سالم بالعيد ابوبكر','0924455699','البيضاء',NULL,'active','2025-09-08 06:45:51','2025-09-08 06:45:51','0914455699','كريمة عبدالمولى محمود'),(44,NULL,'وصال سعيد سعد','female',NULL,NULL,'سعيد سعد مجيد','0913795122','البيضاء_طريق الدائري',NULL,'active','2025-09-08 06:49:01','2025-09-08 06:49:01','0926252484','اميرة موسى حسن'),(45,NULL,'تالية سعد فرج','female',NULL,NULL,'سعد فرج عبدالعالي','0926383291','البيضاء _شارع دار الرعاية',NULL,'active','2025-09-08 06:52:26','2025-09-08 06:52:26','0925191613','انعام صلاح الدين رجب'),(46,NULL,'يزن عمر ابوبكر','male',NULL,NULL,'عمر ابوبكر القزيزي','0915074054','البيضاء_حي الابرار',NULL,'active','2025-09-08 06:55:44','2025-09-08 06:55:44','0927074053','امل مفتاح محمد'),(47,NULL,'سدن الحسن صالح','female',NULL,NULL,'الحسن صالح محمد','0914493647','البيضاء',NULL,'active','2025-09-08 06:58:17','2025-09-08 06:58:17','0925493647','صفاء السنوسي رشيد'),(48,NULL,'مفتاح نصر مصطفى','male',NULL,NULL,'نصر مصطفى عبد ربه','0924155754','الدائرى الشمالي',NULL,'active','2025-09-08 06:59:51','2025-09-08 06:59:51','0923052720','ربيعة موسى يونس'),(49,NULL,'فرج حمد منصور','male',NULL,NULL,'حمد منصور على','0922528421','خلف المدرسة',NULL,'active','2025-09-08 07:02:22','2025-09-08 07:02:22',NULL,'هنيه الصادق محمد'),(50,NULL,'منجي عاطف المبروك','male',NULL,NULL,'عاطف المبروك عيسى','0913769177','البيضاء_شارع النسيم',NULL,'active','2025-09-08 07:02:28','2025-09-08 07:02:28','0923395176','رجاء محمد صالح'),(52,NULL,'عبدالملك سعيد صالح','male',NULL,NULL,'سعيد صالح عبدالحفيظ','0925797336','البيضاء الجديدة',NULL,'active','2025-09-08 07:04:48','2025-09-08 07:04:48',NULL,'فاطمه معيوف محمد'),(53,NULL,'يزن سامى عطيه','male',NULL,NULL,'سامى عطيه حمد','0924339003','البيضاء',NULL,'active','2025-09-08 07:06:28','2025-09-08 07:06:28',NULL,'مبروكه عمر صالح'),(54,NULL,'محمد منير صالح','male',NULL,NULL,'منير صالح محمد',NULL,'البيضاء',NULL,'active','2025-09-08 07:06:41','2025-09-08 07:06:41',NULL,'زاهية امعمر امحمد'),(55,NULL,'هاجر فرج حسن','female',NULL,NULL,'فرج حسن اقبيلي','0926385391','البيضاء_الكعب العالي',NULL,'active','2025-09-08 07:10:33','2025-09-08 07:10:33','0926385391','فاطمة عبدالناصر'),(56,NULL,'عبدالرحمن الفضيل عوض','male',NULL,NULL,'الفضيل عوض مخيون','0927278064','مدرسة الصديقة',NULL,'active','2025-09-08 07:11:56','2025-09-08 07:11:56','0945949258','سامية سليمان نصيب'),(57,NULL,'فاطمة سعيد حمد','female',NULL,NULL,'سعيد حمد حمد','0925526182','البيضاء _خلف مدرسة التلال الذهبية',NULL,'active','2025-09-08 07:15:43','2025-09-08 07:15:43','0925526182','حنان سليمان اكريم'),(58,NULL,'عبدالله رافع عبدالله','male',NULL,NULL,'رافع عبدالله عبدالله','0912099209','البيضاء',NULL,'active','2025-09-08 07:17:53','2025-09-08 07:17:53','0922099209','مريم عبدالله سعد'),(59,NULL,'مالك اسامة عبدالحفيظ','male',NULL,NULL,'اسامة عبدالحفيظ عبدالله','0913265030','البيضاء_حي الخنساء',NULL,'active','2025-09-08 07:18:44','2025-09-08 07:18:44','0923322987','ايناس ادريس يوسف'),(60,NULL,'حذيفه فرج عتيق','male',NULL,NULL,'فرج عتيق بوخزيم','0922102829','بجوار المدرسة',NULL,'active','2025-09-08 07:19:52','2025-09-08 07:19:52','0912102829','ايمان على محمد'),(61,NULL,'اشرف خالد عبدالكريم','male',NULL,NULL,'خالد عبدالكريم حبيب','0924222398','البيضاء _حي الملاك',NULL,'active','2025-09-08 07:21:59','2025-09-08 07:21:59','0924222398','اجميعة ادريس محمد'),(62,NULL,'اسيل سعيد سعد','female',NULL,NULL,'سعيد سعد صالح','0913795122','الطريق الدائرى',NULL,'active','2025-09-08 07:22:06','2025-09-08 07:22:06','0926252484','اميره موسي حسن'),(63,NULL,'عمر ابوبكر الجارح','male',NULL,NULL,'ابوبكر الجارح صالح','0928367026','شارع الخطوط بجوار المحكمه',NULL,'active','2025-09-08 07:24:15','2025-09-08 07:24:15',NULL,'وفاء بدر عبدالله'),(64,NULL,'محمد واصف محمد','male',NULL,NULL,'واصف محمد الحمد','0927763813','شحات',NULL,'active','2025-09-08 07:33:24','2025-09-08 07:33:24','0924369391','نورس محمد ابوراس'),(65,NULL,'سما ادم بن حمد','female',NULL,NULL,'ادم بن حمد فرحات','0945499964','الدائرى الشمالى',NULL,'active','2025-09-08 08:04:25','2025-09-08 08:04:25','0925573624','هدى حمد حسن'),(66,NULL,'زهره ابوسيف عطيه','female',NULL,NULL,'ابوسيف عطيه ابوفارس','0917552146',NULL,NULL,'active','2025-09-08 08:07:28','2025-09-08 08:07:28','0920547984','ايه جمال عبدالسلام'),(67,NULL,'ادهم احمد فايز','male',NULL,NULL,'احمد  فايز الحمد','0919376922','حي التفاح',NULL,'active','2025-09-08 08:43:50','2025-09-08 08:43:50','0911281844','شفيقه ماجد المنيزل'),(68,NULL,'لجين احمد محمد','female',NULL,NULL,'احمد محمد الحمد',NULL,NULL,NULL,'active','2025-09-08 08:47:15','2025-09-08 08:47:15',NULL,'رنا يوسف اليوسف'),(69,NULL,'عمر عادل صالح','male',NULL,NULL,'عادل صالح شعيب','0924165389','البيضاء',NULL,'active','2025-09-08 08:50:24','2025-09-10 08:23:08',NULL,'أنتصار صالح محمد'),(70,NULL,'ياسين ادم بن حمد','male',NULL,NULL,'ادم بن حمد فرحات','0945499964','البيضاء الدائرى',NULL,'active','2025-09-08 08:52:28','2025-09-08 08:52:28','0925573624','هدى حمد حسن'),(71,NULL,'رواد احمد محمد','male',NULL,NULL,'احمد محمد بوشعالة','0915319930','البيضاء _الصفصاف',NULL,'active','2025-09-08 08:53:37','2025-09-08 08:53:37',NULL,'مريم فرج علي'),(72,NULL,'عبد الفتاح عبدالحفيظ توفيق','male',NULL,NULL,'عبدالحفيظ توفيق بورجعة','0942732939','البيضاء_خلف مدرسة التلال',NULL,'active','2025-09-08 08:58:24','2025-09-08 08:58:24','0924975006','مبسوطة محمد عبدالله'),(73,NULL,'عبدالله ايمن عبدالسلام','male',NULL,NULL,'ايمن عبدالسلام احمدي','0925626124','البيضاء_المدينة الرياضية',NULL,'active','2025-09-08 09:00:44','2025-09-08 09:00:44','0915626124','هناء ابوالقاسم محمد'),(74,NULL,'احمد زاهر عثمان','male',NULL,NULL,'زاهر عثمان حسين','092636723','البيضاء طريق الدائرى',NULL,'active','2025-09-08 09:02:25','2025-09-08 09:02:25','0910166270','امل عماد الدين محمود'),(75,NULL,'يزيد مفتاح عبدالعليم','male',NULL,NULL,'مفتاح عبدالعليم محمد','0927692979','البيضاء_حي السلام',NULL,'active','2025-09-08 09:03:12','2025-09-08 09:03:12','0927692979','زكية خليفة ادريس'),(76,NULL,'لين صالح محمد','male',NULL,NULL,'صالح محمد سعيد','0914449991','البيضاء',NULL,'active','2025-09-08 09:04:42','2025-09-08 09:04:42',NULL,'انتصار عبدالعزيز عبدالكريم'),(77,NULL,'بيلسان احمد محمد','female',NULL,NULL,'احمد محمد الحمد',NULL,NULL,NULL,'active','2025-09-08 09:04:57','2025-09-08 09:04:57',NULL,'رنا يوسف اليوسف'),(78,NULL,'محمد ايمن عبد السلام','male',NULL,NULL,'ايمن عبدالسلام احمدي','0925626124','البيضاء _المدينة الرياضية',NULL,'active','2025-09-08 09:06:45','2025-09-08 09:06:45','0915626124','هناء ابوالقاسم محمد'),(79,NULL,'تقى هشام الناجى','female',NULL,NULL,'هشام الناجى عبدالحفيظ','0927292911','خلف سكاى مول',NULL,'active','2025-09-08 09:07:58','2025-09-08 09:07:58','0917292999','حميدة على المهدى'),(80,NULL,'لازورد واصف محمد','female',NULL,NULL,'واصف محمد الحمد','0924369391','شحات',NULL,'active','2025-09-08 09:12:15','2025-09-08 09:12:15','0927763813','نورس محمد على'),(81,NULL,'اسماعيل احمد ابراهيم','male',NULL,NULL,'احمد ابراهيم سعيد','0927654797',NULL,NULL,'active','2025-09-08 09:13:50','2025-09-08 09:13:50',NULL,'انتصار هلال بوبكر'),(82,NULL,'فوزية زيد سليمان','female',NULL,NULL,'زيد سليمان الصديق','0920008555','بجوار قاعة النسيم',NULL,'active','2025-09-08 09:14:28','2025-09-08 09:14:28','0924837701','هند مفتاح يونس'),(83,NULL,'مودة انيس شحات','female',NULL,NULL,'انيس شحات الفوال',NULL,'البيضاء',NULL,'active','2025-09-08 09:15:40','2025-09-08 09:15:40',NULL,'سارة ناجي بشير'),(84,NULL,'عبدالرحمن خالد اغفير','male',NULL,NULL,'خالد اغفير حسن','0925479603','الوسيطة',NULL,'active','2025-09-08 09:17:31','2025-09-08 09:17:31','0915479603','عائشه حسن بالعيد'),(85,NULL,'هلا احمد علي','female',NULL,NULL,'احمد علي ادم','0914792655','البيضاء_الجنين',NULL,'active','2025-09-08 09:18:33','2025-09-08 09:18:33','0922259762','خيرة كيشار ابوبكر'),(86,NULL,'هداية ناصر محمد','female',NULL,NULL,'ناصر محمد بالقاسم','0924164753','البيضاء',NULL,'active','2025-09-08 09:20:10','2025-09-08 09:20:10','0944281219','ابتسام محمد محمد'),(87,NULL,'عبد المعين خلدون خالد','male',NULL,NULL,'خلدون خالد زهير','0922490895','البيضاء_حي بوسلطان',NULL,'active','2025-09-08 09:21:14','2025-09-08 09:21:14','0922490895','امنة هيثم قلفه'),(88,NULL,'عبيده فرج عتيق','male',NULL,NULL,'فرج عتيق ابوخزيم','0922102829','بجوار المدرسة',NULL,'active','2025-09-08 09:23:12','2025-09-08 09:23:12','0912102829','ايمان على محمد'),(89,NULL,'اغفير خالد اغفير','male',NULL,NULL,'خالد اغفير محمد','0915479603','الوسيطة',NULL,'active','2025-09-08 09:23:18','2025-09-08 09:23:18','0925479603','عائشه حسن بالعيد'),(90,NULL,'هبه احمد فتح الله','female',NULL,NULL,'احمد فتح الله سرقيوه','0914468536',NULL,NULL,'active','2025-09-08 09:25:40','2025-09-08 09:25:40','0925803803','اماني علي رافع'),(91,NULL,'عبدالحميد خالد سليمان','male',NULL,NULL,'خالد سليمان امخالط','0911793026','البيضاء الجديدة',NULL,'active','2025-09-08 09:28:08','2025-09-08 09:28:08','0946221005','ساميه عبدالحميد محمد'),(92,NULL,'تسنيم محمد عقوب','female',NULL,NULL,'محمد عقوب على','0925805120','البيضاء',NULL,'active','2025-09-08 09:29:52','2025-09-08 09:29:52',NULL,'راضية عمر يوسف'),(93,NULL,'عثمان الحسن صالح','male',NULL,NULL,'الحسن صالح المرتجع',NULL,NULL,NULL,'active','2025-09-08 09:32:09','2025-09-08 09:32:09',NULL,'صفاء السنوسى رشيد'),(94,NULL,'المعتصم بالله مصطفى ابراهيم','male',NULL,NULL,'مصطفى ابراهيم عبدالسلام','0917494142','البيضاء',NULL,'active','2025-09-08 09:34:42','2025-09-08 09:34:42','0927428001','هدى خليفه محمد'),(95,NULL,'حسين علي حسين','male',NULL,NULL,'علي حسين عبدالهادي','0914965021','البيضاء_امفوز الحصان',NULL,'active','2025-09-08 09:35:42','2025-09-08 09:35:42','0924519382','ريما فتحي احميدة'),(96,NULL,'محمد زياد سليمان','male',NULL,NULL,'زياد سليمان اكريم','0928406207','البيضاء الجديدة',NULL,'active','2025-09-08 09:36:46','2025-09-08 09:36:46','0915406207','زينب ادريس فرج'),(97,NULL,'زكريا فرج سعد','male',NULL,NULL,'فرج سعد لبيض','0913815796','البيضاء_قرب الجامعة الجديدة',NULL,'active','2025-09-08 09:39:34','2025-09-08 09:39:34',NULL,'كريمة مؤمن عقيلة'),(98,NULL,'محمد منصور مصطفى','male',NULL,NULL,'منصور مصطفى عبدالله','0913829244','الوسيطة',NULL,'active','2025-09-08 09:39:34','2025-09-08 09:39:34','0926168940','صبريه سالم مجيد'),(99,NULL,'آلاء فتحي عبدالسلام','female',NULL,NULL,'فتحي عبدالسلام سعد','0914335759','البيضاء _ عمارات تيتا',NULL,'active','2025-09-08 09:41:36','2025-09-08 09:41:36','0925793354','امنة المبروك عقيلة'),(100,NULL,'ريان اكرم رابح','female',NULL,NULL,'اكرم رابح ادم',NULL,'البيضاء',NULL,'active','2025-09-08 09:42:19','2025-09-08 09:42:19',NULL,'نعيمة المصري موسى'),(101,NULL,'ايلاف عبدالمنعم سليمان','female',NULL,NULL,'عبدالمنعم سليمان سعد','0925828292','حى البكوش',NULL,'active','2025-09-08 09:43:22','2025-09-08 09:43:22',NULL,'شروق سليمان طاهر'),(102,NULL,'نوارة بوفارس عطية','female',NULL,NULL,'بوفارس عطية بوفارس','0912093451','البيضاء_خلف مدرسة التلال الذهبية',NULL,'active','2025-09-08 09:44:14','2025-09-08 09:44:14','0912093451','تركية محمد حميد'),(103,NULL,'لين احمد صالح','female',NULL,NULL,'احمد صالح ابوفطوم','0925769969','البيضاء',NULL,'active','2025-09-08 09:45:37','2025-09-14 07:10:32',NULL,'هند محمد عبدالكريم'),(104,NULL,'حماد وليد محمد','male',NULL,NULL,'وليد محمد خالد',NULL,'البيضاء',NULL,'active','2025-09-08 09:46:03','2025-09-08 09:46:03',NULL,'ايمان حماد عمر'),(105,NULL,'ادريس على فرج','male',NULL,NULL,'فرج على الطويل','0923999220','الكاوه',NULL,'active','2025-09-08 09:47:23','2025-09-08 09:47:23','0913999220','رحاب عبدالجواد بوزيد'),(106,NULL,'هبة الله عطيه امهدي','female',NULL,NULL,'عطيه امهدي عطيه','0926270252','البيضاء _البيضاء الجديدة',NULL,'active','2025-09-08 09:49:00','2025-09-08 09:49:00','0914080161','نرجس شعيب يوسف'),(107,NULL,'غنى حامد مختار','female',NULL,NULL,'حامد مختار فرج','0913825891','البيضاء_الطريق الدائري',NULL,'active','2025-09-08 09:51:32','2025-09-08 09:51:32','0923756978','رحاب مصطفى كامل'),(108,NULL,'رتاج اكرم رابح','female',NULL,NULL,'اكرم رابح أدم',NULL,NULL,NULL,'active','2025-09-08 09:52:23','2025-09-08 09:52:23',NULL,'نعيمة المصري موسي'),(109,NULL,'إياس المعتصم بالله عبدالرازق','male',NULL,NULL,'المعتصم بالله عبدالرازق يونس','0945898260','الدائرى قرب الشيل',NULL,'active','2025-09-08 09:54:41','2025-09-08 09:54:41',NULL,'نوره احمد كريم'),(110,NULL,'روفان مصطفي ابراهيم','female',NULL,NULL,'مصطفى ابراهيم طاهر','0926232749','البيضاء',NULL,'active','2025-09-08 10:02:54','2025-09-08 10:02:54',NULL,'ريما سعد عقيلة'),(111,NULL,'ردينه مصطفى مفتاح','female',NULL,NULL,'مصطفى مفتاح حمد',NULL,'البيضاء',NULL,'active','2025-09-09 07:26:13','2025-09-09 07:26:13',NULL,'ايناس رجب عبدالجواد'),(112,NULL,'اميمة سعيد سعد','female',NULL,NULL,'سعيد سعد صالح','0913795122','البيضاء _الطريق الدائري',NULL,'active','2025-09-09 07:41:42','2025-09-09 07:41:42','0926252484','اميرة موسى حسن'),(113,NULL,'جود ايهم نضال','male',NULL,NULL,'ايهم نضال ابوراس','0910164481','البيضاء',NULL,'active','2025-09-09 07:44:31','2025-09-09 07:44:31','0911813986','ثراء هايل ابوراس'),(114,NULL,'قصي رافع عبدالله','male',NULL,NULL,'رافع عبدالله عبدالله','0922099209','البيضاء',NULL,'active','2025-09-09 07:44:51','2025-09-09 07:44:51','0922099209','مريم عبدالله سعد'),(115,NULL,'علي مفتاح ميلود','male',NULL,NULL,'علي مفتاح ميلود','0928448485','شارع المستشفى',NULL,'active','2025-09-09 07:47:03','2025-09-09 07:47:03','0915448485','ابتسام علي محمد'),(116,NULL,'عبدالله فضل عبدالله','male',NULL,NULL,'فضل عبدالله محمد','0911391768','البيضاء',NULL,'active','2025-09-09 07:47:58','2025-09-09 07:47:58','0911391768','ندى صلاح محمد'),(117,NULL,'الاء انور بالحسن','female',NULL,NULL,'انور بالحسن علي','0913325685','البيضاء',NULL,'active','2025-09-09 07:50:28','2025-09-09 07:50:28','0928370906','سالمه صالح ادم'),(118,NULL,'غزالة علي فرج','female',NULL,NULL,'علي فرج الطويل','0913999220','البيضاء_ الكاوة',NULL,'active','2025-09-09 07:51:17','2025-09-09 07:51:17','0923999220','رحاب عبد الجواد بوزيد'),(119,NULL,'ادريس محمد ادريس','male',NULL,NULL,'محمد ادريس عبد ربه','0944479484','مخطط بوحبيب',NULL,'active','2025-09-09 07:52:30','2025-09-09 07:52:30','0910237945','ايناس عبدالرحمن مفتاح'),(120,NULL,'ارين رامى سعد','female',NULL,NULL,'رامى سعد بوبكر','0922740747','خلف سكاى مول',NULL,'active','2025-09-09 07:54:42','2025-09-09 07:54:42','0922511516','رحاب عبدالعزيز السنوسى'),(121,NULL,'ميرة اسماعيل عبدالحفيظ','female',NULL,NULL,'اسماعيل عبد الحفيظ محمد','0925004529','البيضاء _السوق القديم',NULL,'active','2025-09-09 07:55:13','2025-09-09 07:55:13','0923297060','ياسمين احمد عبد السلام'),(122,NULL,'اسلام عبدالجواد حمد','male',NULL,NULL,'عبدالجواد حمد محمد','0926227478','شارع النسيم',NULL,'active','2025-09-09 07:56:27','2025-09-09 07:56:27','0923469832','امانى على عبدالرحمن'),(123,NULL,'ايهم رامي سعد','male',NULL,NULL,'رامي سعد بوبكر','0922740747','البيضاء _خلف سكاي مول',NULL,'active','2025-09-09 07:57:42','2025-09-09 07:57:42','0922511516','رحاب عبدالعزيز السنوسي'),(124,NULL,'أية سلامة عبدالجواد','female',NULL,NULL,'سلامة عبدالجواد ابوبكر','0944618931','سيدى رافع',NULL,'active','2025-09-09 07:58:41','2025-09-09 07:58:41','0945919679','مرزوقة سالم عبد الحليم'),(125,NULL,'عبد الباسط صالح مصطفى','male',NULL,NULL,'صالح مصطفى عبدربه','0913569845','البيضاء _الطريق الدائري',NULL,'active','2025-09-09 08:00:41','2025-09-09 08:00:41','0921342789','صالحة عبد الباسط شعيب'),(126,NULL,'محمد خالد حامد','male',NULL,NULL,'خالد حامد لبيرش','0912323107','البيضاء',NULL,'active','2025-09-09 08:02:44','2025-09-09 08:02:44','0927077008','سليمة رافع علي'),(127,NULL,'جوري ميلود امحمد','female',NULL,NULL,'ميلود امحمد محمد','0945523603','البيضاء',NULL,'active','2025-09-09 08:05:26','2025-09-09 08:05:26','0927852306','اخلاص ابراهيم سالم'),(128,NULL,'دعاء انور بالحسن','female',NULL,NULL,'انور بالحسن علي','0928370906',NULL,NULL,'active','2025-09-09 08:07:28','2025-09-09 08:07:28','0913325685','سالمه صالح ادم'),(129,NULL,'سلام محمد رجب','female',NULL,NULL,'محمد رجب محمد','0919627872','الدائري',NULL,'active','2025-09-09 08:09:07','2025-09-09 08:09:07','0944617617','نوران محمد سمير'),(130,NULL,'غنى منعم جمعه','female',NULL,NULL,'منعم جمعة عبدالرحمن','0924395172','البيضاء',NULL,'active','2025-09-09 08:10:46','2025-09-09 08:10:46','0918751216','سناء احمد عيد'),(131,NULL,'فاطمة فرج محمد','female',NULL,NULL,'فرج محمد حمد','0915906419','مسه',NULL,'active','2025-09-09 08:14:00','2025-09-09 08:14:00','0925906418','اسماء عبدالله مفتاح'),(132,NULL,'بيان سالم محمد','female',NULL,NULL,'سالم محمد محمد',NULL,'البيضاء',NULL,'active','2025-09-09 08:15:20','2025-09-09 08:15:20',NULL,'عبير سليمان محمد'),(133,NULL,'احمد عبدالحميد علي','male',NULL,NULL,'عبدالحميد علي محمد','0911001704','البيضاء / حى الجنين',NULL,'active','2025-09-09 08:16:33','2025-09-09 08:16:33','0924716859','زينب موسي عبدالرازق'),(134,NULL,'لجين ايهاب شحات','female',NULL,NULL,'ايهاب شحات عطية','0928446931','البيضاء / قرب مدرسة عائشة',NULL,'active','2025-09-09 08:18:29','2025-09-09 08:18:29',NULL,'سالمة فرحات العبد'),(135,NULL,'محمد اسامة عبدالحفيظ','male',NULL,NULL,'اسامة عبدالحفيظ عبد الحفيظ','0913265030','البيضاء _حي الخنساء',NULL,'active','2025-09-09 08:18:54','2025-09-09 08:18:54','0923322987','ايناس ادريس يوسف'),(136,NULL,'راما ميلود سليمان','female',NULL,NULL,'ميلود سليمان محمد','0925576930',NULL,NULL,'active','2025-09-09 08:20:46','2025-09-09 08:20:46',NULL,'حواء علي محمد'),(137,NULL,'لين حمد منصور','female',NULL,NULL,'حمد منصور علي','0922528421','البيضاء_ خلف مدرسة التلال الذهبية',NULL,'active','2025-09-09 08:20:46','2025-09-09 08:20:46','0927709742','هنيه الصادق محمد'),(138,NULL,'الحسن علي حسين','male',NULL,NULL,'علي حسن عبد الهادي','0914965021','البيضاء_مفوز الحصان',NULL,'active','2025-09-09 08:22:21','2025-09-09 08:22:21','0924519382','ريما فتحي احميدة'),(139,NULL,'اشرف سالم بالعيد','male',NULL,NULL,'سالم بالعيد امبارك','0914455699','البيضاء',NULL,'active','2025-09-09 08:22:36','2025-09-09 08:22:36','0924455699','كريمة عبدالمولي محمود'),(140,NULL,'اسحاق محمد عقوب','male',NULL,NULL,'محمد عقوب علي','0925805120','البيضاء',NULL,'active','2025-09-09 08:25:08','2025-09-09 08:25:08','0925805120','راضية عمر يوسف'),(141,NULL,'ابي علي محمد','male',NULL,NULL,'علي محمد ابوبكر','0923797275','البيضاء_خلف مدرسة التلال الذهبية',NULL,'active','2025-09-09 08:27:38','2025-09-09 08:27:38','0913797275','احلام عمران رمضان'),(142,NULL,'سالم معتصم فوزي','male',NULL,NULL,'معتصم فوزي علي','0944827889','البيضاء _شارع النسيم',NULL,'active','2025-09-09 08:31:05','2025-09-09 08:31:05','0922915167','ايه خيرالله السعداوي'),(143,NULL,'الزهراء اشرف امراجع','female',NULL,NULL,'اشرف امراجع حمد','0923950078','البيضاء',NULL,'active','2025-09-09 08:33:01','2025-09-09 08:33:01','0922244929','وفاء موسى طيب'),(144,NULL,'فاطمة اشرف امراجع','female',NULL,NULL,'اشرف امراجع جمعة','0922244929','سيدى رافع',NULL,'active','2025-09-09 08:33:35','2025-09-09 08:33:35','0923950076','وفاء موسى طيب'),(145,NULL,'تيم سعد فرج','male',NULL,NULL,'سعد فرج عبد العال','0926383291','البيضاء_شارع دار الرعاية',NULL,'active','2025-09-09 08:34:29','2025-09-09 08:34:29','0925191613','انعام صلاح الدين رجب'),(146,NULL,'محمد فرج صالح','male',NULL,NULL,'فرج صالح سليمان','0926253689','البيضاء الجديدة',NULL,'active','2025-09-09 08:54:42','2025-09-09 08:54:42',NULL,'سميرة شحات مراجع'),(147,NULL,'عائشة احمد فتحي','female',NULL,NULL,'احمد فتحي صالح','0915793682','البيضاء_الغريقة',NULL,'active','2025-09-09 08:55:09','2025-09-09 08:55:09','0928793682','مسعودة عبدالله عوض'),(148,NULL,'محمد نصر عبدالقادر','male',NULL,NULL,'نصر عبدالقادر محمد',NULL,NULL,NULL,'active','2025-09-09 08:56:41','2025-09-09 08:56:41',NULL,'امينة سعد محمد'),(149,NULL,'سيرين وليد محمد','female',NULL,NULL,'وليد محمد خالد',NULL,'البيضاء',NULL,'active','2025-09-09 08:56:46','2025-09-09 08:56:46',NULL,'ايمان حماد عمر'),(150,NULL,'الحارث فرج عتيق','male',NULL,NULL,'فرج عتيق هاشم','0922102829',NULL,NULL,'active','2025-09-09 08:58:42','2025-09-09 08:58:42',NULL,'ايمان علي محمد'),(151,NULL,'بدر فرج بدر','male',NULL,NULL,'فرج بدر محمد','0917194886','شحات',NULL,'active','2025-09-09 08:58:42','2025-09-09 08:58:42','0928408742','نورا عبدالله محمد'),(152,NULL,'سفيان فائز عريف','male',NULL,NULL,'فائز عريف مهشهش','0925470614',NULL,NULL,'active','2025-09-09 09:00:58','2025-09-09 09:00:58',NULL,'اسماء فضل الله بكار'),(153,NULL,'الحسن احمد الحسن','male',NULL,NULL,'احمد الحسن محمد','0910367015','البيضاء_شارع رابعة العدوية',NULL,'active','2025-09-09 09:01:09','2025-09-09 09:01:09','0910367015','منةالله عمر الحسين'),(154,NULL,'الحسن سالم محمد','male',NULL,NULL,'سالم محمد حسين','0915354556','البيضاء_المدينة الرياضية',NULL,'active','2025-09-09 09:03:23','2025-09-09 09:03:23','0925354556','عبير سليمان سليمان'),(155,NULL,'ألطيف رافع عبدالله','male',NULL,NULL,'رافع عبدالله عبدالله','0912099209','البيضاء',NULL,'active','2025-09-09 09:03:29','2025-09-09 09:03:29','0922099209','مريم عبدالله موسى'),(156,NULL,'معاذ علي الكوني','male',NULL,NULL,'علي الكوني علي','0913795020','البيضاء',NULL,'active','2025-09-09 09:07:14','2025-09-09 09:07:14','0913999300','مباركة علي الباهي'),(157,NULL,'جمال عبدالناصر عقيلة','male',NULL,NULL,'عبدالناصر عقيلة اكريم','0927677434','البيضاء',NULL,'active','2025-09-09 09:08:26','2025-09-09 09:08:26','0915117434','مروة مصطفى حمد'),(158,NULL,'رمضان عثمان رمضان','male',NULL,NULL,'عثمان رمضان الزروق','0913976639','حى حوبله',NULL,'active','2025-09-09 09:09:52','2025-09-09 09:09:52','0944618283','سميه رمضان محمد'),(159,NULL,'موسى نصر مصطفى','male',NULL,NULL,'نصر مصطفى عبد ربه','0924155754','الدائرى الشمالي',NULL,'active','2025-09-09 09:11:30','2025-09-09 09:11:30',NULL,'ربيعة موسى يونس'),(160,NULL,'محمد فخر الدين عبد الحميد','male',NULL,NULL,'فخرالدين عبدالحميد مصباح','0914293301','البيضاء _العمارات الصينية',NULL,'active','2025-09-09 09:11:55','2025-09-09 09:11:55',NULL,'نسرين مفتاح مسعود'),(161,NULL,'ثائر موسى محمد','male',NULL,NULL,'موسى محمد مفتاح','0913268281','حي المنار',NULL,'active','2025-09-09 09:13:29','2025-09-09 09:13:29','0926226006','نجاح رجب محمد'),(162,NULL,'عبد المهيمن احمد محمد','male',NULL,NULL,'احمد محمد حسين','0924348473','البيضاء _شارع فرج عبدالعاطي',NULL,'active','2025-09-09 09:15:48','2025-09-09 09:15:48','0924348473','هند عبدالقادر محمد'),(163,NULL,'مؤيد خالد حامد','male',NULL,NULL,'خالد حامد لبيرش','0912323107','البيضاء_شارع مدرسة عمر بن الخطاب',NULL,'active','2025-09-09 09:17:44','2025-09-09 09:17:44','0927077008','سليمة رافع علي'),(164,NULL,'المنتصربالله مصطفي مفتاح','male',NULL,NULL,'مصطفي مفتاح محمد',NULL,NULL,NULL,'active','2025-09-09 09:18:26','2025-09-09 09:18:26',NULL,'ايناس رجب عبدالجواد'),(165,NULL,'نجمة علي حسين','female',NULL,NULL,'علي حسين عبدالهادي','0924519382','امفوز الحصان',NULL,'active','2025-09-09 09:20:27','2025-09-09 09:20:27','0914965021','ريما فتحي احميده'),(166,NULL,'روئ مصطفى مفتاح','female',NULL,NULL,'مصطفى مفتاح حمد','0922665263','وردامة',NULL,'active','2025-09-09 09:21:12','2025-09-09 09:21:12','0922665263','ايناس رجب ارحمه'),(167,NULL,'اصيل ابراهيم صالح','male',NULL,NULL,'ابراهيم صالح مازق',NULL,NULL,NULL,'active','2025-09-09 09:22:20','2025-09-09 09:22:20',NULL,'نوال حسين عبدالحميد'),(168,NULL,'اشرف اكرم رابح','male',NULL,NULL,'اكرم رابح سعيد',NULL,'البيضاء',NULL,'active','2025-09-09 09:22:46','2025-09-09 09:22:46',NULL,'نعيمة المصري موسى'),(169,NULL,'عبدالرازق احمد عبدالنبي','male',NULL,NULL,'احمد عبدالنبي سالم','0927295124','فيلات 300',NULL,'active','2025-09-09 09:24:58','2025-09-09 09:24:58','0913821594','بشري عبدالرازق حمد'),(170,NULL,'عبدالرؤوف عبدالباسط عبدالله','male',NULL,NULL,'عبدالباسط عبدالله عبدالمولى',NULL,'خلف مدرسة التلال الذهبية',NULL,'active','2025-09-09 09:27:46','2025-09-09 09:27:46','0910454128','شريفة المبروك عبدالمولى'),(171,NULL,'معاذ بوفارس عطية','male',NULL,NULL,'بوفارس عطية بوفارس','0912093451','البيضاء _خلف مدرسة التلال الذهبية',NULL,'active','2025-09-09 09:27:47','2025-09-09 09:27:47','0913849385','تركية محمد حميد'),(172,NULL,'عبدالرحمن عبدالباسط عبدالله','male',NULL,NULL,'عبدالباسط عبدالله عبدالمولى','0910454128','خلف المدرسة التلال الذهبية',NULL,'active','2025-09-09 09:29:20','2025-09-09 09:29:20',NULL,'شريفة المبروك عبدالمولى'),(173,NULL,'سرمد ايهم نضال','male',NULL,NULL,'ايهم نضال ابوراس','0911813986','البيضاء',NULL,'active','2025-09-09 09:29:58','2025-09-09 09:29:58','0910164481','ثراء هايل ابوراس'),(174,NULL,'محمد عمر فائز','male',NULL,NULL,'عمر فائز الحمد','0923011484','شحات',NULL,'active','2025-09-09 09:31:49','2025-09-09 09:31:49','0927763813','غصون عمر ابوزريق'),(175,NULL,'صلاح الدين سعد ابوبكر','male',NULL,NULL,'سعد ابوبكر اكريم','0915101194','البيضاء_قرب مسجد عثمان بن عفان',NULL,'active','2025-09-09 09:32:15','2025-09-09 09:32:15','0925101194','منيرة جبريل مسعود'),(176,NULL,'جوري مفتاح جاد الله','female',NULL,NULL,'مفتاح جادالله مفتاح','0918077550','البيضاء الجديدة',NULL,'active','2025-09-09 09:37:07','2025-09-09 09:37:07','0942858621','فتحية حمد مؤمن'),(177,NULL,'احمد عبدالحفيظ توفيق','male',NULL,NULL,'عبدالحفيظ توفيق بورجعة','0924975006','خلف المدرسة',NULL,'active','2025-09-09 09:38:42','2025-09-09 09:38:42','0942732939','مبسوطه محمد عبدالله'),(178,NULL,'احمد حمزة فرج','male',NULL,NULL,'حمزة فرج بوبكر','0927256233','عمر المختار',NULL,'active','2025-09-09 09:38:57','2025-09-09 09:38:57','0924438683','نادية سالم طاهر'),(179,NULL,'موسى عقيله محمد','male',NULL,NULL,'عقيله محمد محمد','0914636016','حى الجنين',NULL,'active','2025-09-09 09:41:21','2025-09-09 09:41:21','0924636016','ابتسام موسى حمد'),(180,NULL,'ميار موسى محمد','female',NULL,NULL,'موسى محمد مفتاح','0913268281','البيضاء_حي المناره',NULL,'active','2025-09-09 09:41:27','2025-09-09 09:41:27','0913268281','نجاح رجب محمد'),(181,NULL,'ثناء ابوسيف عطية','female',NULL,NULL,'ابوسيف عطية ابوفارس',NULL,'البيضاء',NULL,'active','2025-09-09 09:45:02','2025-09-09 09:45:02',NULL,'ايه جمال سالم'),(182,NULL,'مجدالدين فتح الله المهدى','male',NULL,NULL,'فتح الله المهدى حورية','0625424959',NULL,NULL,'active','2025-09-09 09:45:07','2025-09-09 09:45:07',NULL,'صالحة ونيس محمد'),(183,NULL,'يزن مفتاح عبدالعليم','male',NULL,NULL,'مفتاح عبدالعليم محمد','0927692979','البيضاء_حي السلام',NULL,'active','2025-09-09 09:47:29','2025-09-09 09:47:29','0927692979','زكية خليفة محمد'),(185,NULL,'تسنيم محمد سالم','female',NULL,NULL,'محمد سالم الجربة','0926361619','شارع النسيم / البيضاء',NULL,'active','2025-09-09 09:50:20','2025-09-09 09:50:20',NULL,'نسيبة المهدي هلال'),(186,NULL,'محمد عادل صالح','male',NULL,NULL,'عادل صالح شعيب','0913527195','البيضاء_الصفصاف',NULL,'active','2025-09-09 09:50:45','2025-09-09 09:50:45','0924165389','انتصار صالح عبد الهادي'),(187,NULL,'بيسان سالم محمد','female',NULL,NULL,'سالم محمد حسين','0925354556','المدينة الرياضية',NULL,'active','2025-09-09 09:52:23','2025-09-09 09:52:23','0915354556','عبير سليمان محمد'),(188,NULL,'احمد ادم بن حمد','male',NULL,NULL,'ادم بن حمد فرحات','0925573624','البيضاء _الدائري',NULL,'active','2025-09-09 09:52:41','2025-09-09 09:52:41','0945499964','هدى حمد حسن'),(189,NULL,'غزل خالد عبدالكريم','female',NULL,NULL,'خالد عبدالكريم حبيب',NULL,'حى الملاك',NULL,'active','2025-09-09 09:54:51','2025-09-09 09:54:51','0924222398','جمعيه ادريس حبيب'),(190,NULL,'صلاح الدين وليد موسى','male',NULL,NULL,'وليد موسى طيب','0944665391','البيضاء',NULL,'active','2025-09-09 09:55:54','2025-09-09 09:55:54','0926271327','فاطمة صلاح الدين رجب'),(191,NULL,'زيد ونيس مفتاح','male',NULL,NULL,'ونيس مفتاح حمد',NULL,NULL,NULL,'active','2025-09-09 09:57:05','2025-09-09 09:57:05','0915319930','امال محمد بوشعاله'),(192,NULL,'ريما خالد محمود','female',NULL,NULL,'خالد محمود حمد','0918429156','البيضاء _حي المنار',NULL,'active','2025-09-09 09:57:58','2025-09-09 09:57:58','0922180499','نجلاء انور محمد'),(193,NULL,'محمد اكرم رابح','male',NULL,NULL,'اكرم رابح سعيد',NULL,NULL,NULL,'active','2025-09-09 09:58:50','2025-09-09 09:58:50',NULL,'نعيمه المصرى موسى'),(194,NULL,'ثائر وليد السيد','male',NULL,NULL,'وليد السيد الشرقاوي','0925940125','بقرب جامع بوعروشة',NULL,'active','2025-09-09 15:42:22','2025-09-09 15:42:22','0919582640','بسمة عبدالكريم المرضي'),(195,NULL,'لين ميلود سليمان','female',NULL,NULL,'ميلود سليمان محمد','0925576930',NULL,NULL,'active','2025-09-09 15:47:20','2025-09-09 15:47:20',NULL,'فريحة حمد محمد'),(196,NULL,'يحي عمر ابوبكر','male',NULL,NULL,'عمر ابوبكر عبدالله','0927074053',NULL,NULL,'active','2025-09-09 15:54:13','2025-09-09 15:54:13','0915074054','امل مفتاح محمد'),(197,NULL,'محمد وليد محمد','male',NULL,NULL,'وليد محمد صالح','0926377681',NULL,NULL,'active','2025-09-09 15:56:41','2025-09-09 15:56:41','0918014140','ايمان حماد عمر'),(198,NULL,'ميار سامي سالم','female',NULL,NULL,'سامي سالم عياد','0945937388','البيضاء- شعبية (600)',NULL,'active','2025-09-09 15:59:08','2025-09-09 15:59:08','0924505616','مشاعرة حمدي السنوسي'),(199,NULL,'جوري اشرف محمد','female',NULL,NULL,'اشرف محمد عبدالصادق','0928403248','حى المنار',NULL,'active','2025-09-09 16:01:32','2025-09-09 16:01:32','0918523151','مني السنوسي محمد'),(200,NULL,'ود اشرف امراجع','female',NULL,NULL,'اشرف امراجع جمعة','0922244929',NULL,NULL,'active','2025-09-09 16:04:38','2025-09-09 16:04:38',NULL,'وفاء موسى طيب'),(201,NULL,'رغد بوفارس عطية','female',NULL,NULL,'بوفارس عطية بوفارس','0912093451','خلف مدرسة التلال الذهبية',NULL,'active','2025-09-09 16:07:05','2025-09-09 16:07:05','0922093451','تركية محمد حميد'),(202,NULL,'الزبير احمد فرج','male',NULL,NULL,'احمد فرج علي','0913822586','البيضاء',NULL,'active','2025-09-09 16:10:10','2025-09-09 16:10:10','0927985037','عفاف حسين نصر'),(203,NULL,'صالح رافع صالح','male',NULL,NULL,'رافع صالح قويطين','0926240348','المدينة الرياضة',NULL,'active','2025-09-09 16:12:46','2025-09-09 16:12:46','0914747117','هالة بوبكر عثمان'),(204,NULL,'الاء حمزة فرج','female',NULL,NULL,'حمزة فرج ابوبكر','0924138683','عمر المختار',NULL,'active','2025-09-09 16:14:59','2025-09-09 16:14:59','0927256233','نادية سالم موسى'),(205,NULL,'سارة فائز عريف','female',NULL,NULL,'فائز عريف مهشهش','0925470614','خلف شيل بوحليمه',NULL,'active','2025-09-09 16:16:55','2025-09-09 16:16:55',NULL,'أسماء فضل الله بكار'),(206,NULL,'فضل الله عاطف المبروك','male',NULL,NULL,'عاطف المبروك سعيد','0913769177','شارع النسيم',NULL,'active','2025-09-09 16:19:40','2025-09-09 16:19:40','0923345176','رجاء محمد صالح'),(207,NULL,'عبدالله محجوب عبدالله','male',NULL,NULL,'محجوب عبدالله حمد','0925525354','البيضاء - حى بوغندوره',NULL,'active','2025-09-09 16:22:02','2025-09-09 16:22:02',NULL,'وفاء المبروك سعيد'),(208,NULL,'مروي مروان سعيد','female',NULL,NULL,'مروان سعيد رفا','0927813699','البيضاء الجديدة',NULL,'active','2025-09-09 18:55:37','2025-09-09 18:55:37','0910141588','فادية على النبى'),(209,NULL,'نرمين مروان سعيد','female',NULL,NULL,'مروان سعيد رفا','0927813699','البيضاء الجديدة',NULL,'active','2025-09-09 18:57:43','2025-09-09 18:57:43','0910141585','فادية على النبى'),(210,NULL,'توفيق اشرف الشريف','male',NULL,NULL,'اشرف الشريف افكيرين','0915777840','البيضاء',NULL,'active','2025-09-09 19:00:17','2025-09-09 19:00:17','0925777840','نورا عبدالرازق بوبكر'),(211,NULL,'عبدالرحمن اشرف الشريف','male',NULL,NULL,'اشرف الشريف افكيرين','0925777840','البيضاء',NULL,'active','2025-09-09 19:02:32','2025-09-09 19:02:32','0915777840','نورا عبدالرازق بوبكر'),(212,NULL,'محمد يوسف سليمان','male',NULL,NULL,'يوسف سليمان سليمان','0916524834','البيضاء - الجامعة الجديدة',NULL,'active','2025-09-09 19:04:41','2025-09-09 19:04:41','0916879036','سالمه اهويدي محمد'),(213,NULL,'محمد عبدالباسط علي','male',NULL,NULL,'عبدالباسط علي بوحليمه','0925447021','المدينة الرياضية',NULL,'active','2025-09-09 19:06:30','2025-09-09 19:06:30','0915447021','انتصار ونيس الفقي'),(214,NULL,'سديل المدهم عمر','female',NULL,NULL,'المدهم عمر عبدالرحمن',NULL,NULL,NULL,'active','2025-09-09 19:08:55','2025-09-09 19:08:55',NULL,'اميره ادريس يوسف'),(215,NULL,'نورالهدى طلال احمد','female',NULL,NULL,'طلال احمد محمد','0915593752','حى الكاوة / خلف الخزانة',NULL,'active','2025-09-09 19:11:35','2025-09-09 19:11:35','0925593751','فاطمه فتحى حسن'),(216,NULL,'تميم سعد فرج','male',NULL,NULL,'سعد فرج سعد','0926383291','عيادة رقم (3)',NULL,'active','2025-09-09 19:13:49','2025-09-09 19:13:49','0925191613','انعام صلاح الدين رجب'),(217,NULL,'زيد علي الناجي','male',NULL,NULL,'علي الناجي علي','0925918985','البيضاء - حى الأندلس',NULL,'active','2025-09-09 19:16:32','2025-09-09 19:16:32','0913963501','حواء محمد مراجع'),(218,NULL,'روان عيسي ابوفراج','female',NULL,NULL,'عيسي ابوفراج مؤمن','0925765065','البيضاء',NULL,'active','2025-09-09 19:19:01','2025-09-09 19:19:01','0917927004','مريم بوبكر بحواس'),(219,NULL,'الزبير ابراهيم بوبكر','male',NULL,NULL,'ابراهيم بوبكر بحواس','0925989951','مسجد الإمام بن نافع',NULL,'active','2025-09-09 19:21:51','2025-09-09 19:21:51','0913950036','شيماء خليفة عبدالرحمن'),(220,NULL,'سعد عبدالفتاح سعد','male',NULL,NULL,'عبدالفتاح سعد عمران','0927314041','البيضاء الجديدة',NULL,'active','2025-09-09 19:24:42','2025-09-09 19:24:42','0913298038','نجاه المبروك جاب اللخ'),(221,NULL,'ايلاف عاصم عوض','female',NULL,NULL,'عاصم عوض ابراهيم','0921524071','الأبرق',NULL,'active','2025-09-09 19:27:12','2025-09-09 19:27:12','0918014559','مبروكه عبدالرازق عبدالله'),(222,NULL,'براء وليد السيد','female',NULL,NULL,'وليد السيد الشرقاوي','0925940125','بقرب جامع بعروشة',NULL,'active','2025-09-10 06:05:54','2025-09-10 06:05:54',NULL,'بسمة عبدالكريم المرضي'),(223,NULL,'مريم رمضان مفتاح','female',NULL,NULL,'رمضان مفتاح فيتورى','0924987528','البيضاء',NULL,'active','2025-09-10 06:10:39','2025-09-10 06:10:39','0919920717','يسرى احمد محمد'),(224,NULL,'حور اهويدى عبدالنبى','female',NULL,NULL,'اهويدى عبدالنبى اهويدى','0927282895','البيضاء _ عيادة رقم (3)',NULL,'active','2025-09-10 06:13:10','2025-09-10 06:13:10','0923582862','تهانى مريز امبارك'),(225,NULL,'كيان عبدالله ادريس','female',NULL,NULL,'عبدالله ادريس هيبه','0913498366','البيضاء',NULL,'active','2025-09-10 06:14:44','2025-09-10 06:14:44',NULL,'ثريا رافع السنوسى'),(226,NULL,'سليمان زياد سليمان','male',NULL,NULL,'زياد سليمان موسي','0928406207','البيضلء _ حي فاطمة الزهراء',NULL,'active','2025-09-10 06:17:18','2025-09-10 06:17:18','0915406207','زينب ادريس فرج'),(227,NULL,'رفان عبدالرازق محمد','female',NULL,NULL,'عبدالرازق محمد فرج','0927858810','البيضاء _ البسطاء',NULL,'active','2025-09-10 06:20:36','2025-09-10 06:20:36','0926552713','امينه فائز غيث'),(228,NULL,'فهد على سعيد','male',NULL,NULL,'على سعيد سالم','0927646558','البيضاء',NULL,'active','2025-09-10 06:22:21','2025-09-10 06:22:21',NULL,'هناء سعد عبدالبارى'),(230,NULL,'معاذ يوسف على','male',NULL,NULL,'يوسف على سالم','0926252270','البيضاء الجديدة',NULL,'active','2025-09-10 06:26:41','2025-09-10 06:26:41',NULL,'ام الهناء صالح سعيد'),(231,NULL,'غفران خالد اغفير','female',NULL,NULL,'خالد اغفير محمد','0915479603','البيضاء',NULL,'active','2025-09-10 06:29:22','2025-09-10 06:29:22','0925479603','عائشة حسن بالعيد'),(232,NULL,'تسنيم رمزى فوزى','female',NULL,NULL,'رمزى فوزى عبدالله','0925339605','خلف مدرسة التلال الذهبية مباشرة',NULL,'active','2025-09-10 06:32:49','2025-09-10 06:32:49','0911459606','نجاة محمد ادريس'),(233,NULL,'أيلين عاصم عوض','female',NULL,NULL,'عاصم عوض محمد','0921524071','الأبرق',NULL,'active','2025-09-10 06:35:58','2025-09-10 06:35:58','0918014559','مبروكه عبدالرازق عبدالله'),(234,NULL,'تسنيم عبدالله ادريس','female',NULL,NULL,'عبدالله ادريس هيبه',NULL,'البيضاء',NULL,'active','2025-09-10 06:42:31','2025-09-10 06:42:31','0913498366','ثريا رافع السنوسى'),(235,NULL,'سدن عبدالله ادريس','female',NULL,NULL,'عبدالله ادريس سليمان','0913498366','البيضاء',NULL,'active','2025-09-10 06:45:22','2025-09-10 06:45:22',NULL,'ثريا رافع السنوسى'),(236,NULL,'ليان عبدالله ادريس','female',NULL,NULL,'عبدالله ادريس هيبه','0913498366','البيضاء',NULL,'active','2025-09-10 06:51:05','2025-09-10 06:51:05',NULL,'ثريا رافع السنوسى'),(237,NULL,'همام حمزه آدم','male',NULL,NULL,'حمزه آدم عمر','0925533307','جوار المدرسة',NULL,'active','2025-09-10 06:54:03','2025-09-10 06:54:03','0915533307','حنان سعيد على'),(238,NULL,'جمعة نورالدين جمعه','male',NULL,NULL,'نورالدين جمعه بدر','0920382487','البيضاء _ عمارة مركز طيبة للتصوير',NULL,'active','2025-09-10 06:57:42','2025-09-10 06:57:42','0915382487','مها عبدالغني غانم'),(239,NULL,'عبدالغنى نورالدين جمعه','male',NULL,NULL,'نورالدين جمعه بدر','0920382487','البيضاء _ عمارة مركز طيبة للتصوير',NULL,'active','2025-09-10 06:59:55','2025-09-10 06:59:55','0915382487','مها عبدالغني غانم'),(240,NULL,'ايوب يوسف على','male',NULL,NULL,'يوسف على عثمان','0926252270','البيضاء الجديدة',NULL,'active','2025-09-10 07:05:02','2025-09-10 07:05:02',NULL,'ام الهناء صالح سعيد'),(241,NULL,'الاء نورالدين جمعه','female',NULL,NULL,'نورالدين جمعه بدر','0920382487','البيضاء _ بجوار مركز طيبة للتصوير',NULL,'active','2025-09-10 07:08:06','2025-09-10 07:08:06','0915382487','مها عبدالغني غانم'),(242,NULL,'معاذ عبد الباسط','male',NULL,NULL,'عبد الباسط بوجلدين','0913202707','البيضاء_شارع الجامعة الاسمرية',NULL,'active','2025-09-10 07:09:45','2025-09-10 07:09:45','0923202707','عائشه عبد السلام الشويهدي'),(243,NULL,'إبريك فضيل المبروك','male',NULL,NULL,'فضيل المبروك عطيه','0927296064','مسجد تبارك',NULL,'active','2025-09-10 07:11:54','2025-09-10 07:11:54','0918273367','منال جمعة صالح'),(244,NULL,'ميسون مصطفى حسان','female',NULL,NULL,'مصطفى حسان محيميد','0927431149','حي الدكاترة _ الدائرى',NULL,'active','2025-09-10 07:16:14','2025-09-10 07:16:14','0910910332','لندا مصطفى محمد'),(245,NULL,'نيان عبدالرازق محمد','female',NULL,NULL,'عبدالرازق محمد فرج','0927858810','البيضاء _ حى البسطاء',NULL,'active','2025-09-10 07:18:53','2025-09-10 07:18:53','0926552713','اميته فائز غيث'),(246,NULL,'مفتاح رمضان مفتاح','male',NULL,NULL,'رمضان مفتاح فيتورى','0924987528','البيضاء',NULL,'active','2025-09-10 07:20:53','2025-09-10 07:20:53','0919920717','يسرى احمد محمد'),(247,NULL,'ناصف رمضان مفتاح','male',NULL,NULL,'رمضان مفتاح فيتورى','0924987528','البيضاء',NULL,'active','2025-09-10 07:25:59','2025-09-10 07:25:59','0919920717','علا ادغيم السنوسي'),(248,NULL,'منار عبدالجواد حمد','female',NULL,NULL,'عبدالجواد حمد محمد','0926227478','شارع النسيم',NULL,'active','2025-09-10 08:06:45','2025-09-10 08:06:45','0923469832','امانى على عبدالرحمن'),(249,NULL,'عمر احمد خليفه','male',NULL,NULL,'احمد خليفه ابريدان','0912393577','البيضاء',NULL,'active','2025-09-10 08:08:41','2025-09-10 08:08:41','0911219000','مروة نوح عمر'),(250,NULL,'يزن صالح احمد','male',NULL,NULL,'صالح احمد صالح','0913969890','البيضاء _ حى السلام',NULL,'active','2025-09-10 08:10:42','2025-09-10 08:10:42','0924389143','ايمان فضل الله بكار'),(251,NULL,'عبد الحي محمد علي','male',NULL,NULL,'محمد علي كريبة','0912199554','البيضاء الجديدة',NULL,'active','2025-09-10 08:12:42','2025-09-10 08:12:42','0912199554','فاطمة سالم الغافود'),(252,NULL,'زياد صالح احمد','male',NULL,NULL,'صالح احمد صالح','0913969890','البيضاء - حى السلام',NULL,'active','2025-09-10 08:14:34','2025-09-10 08:14:34','0924389143','ايمان فضل الله بكار'),(253,NULL,'عز العرب محمود بشير','male',NULL,NULL,'محمود بشير الهادي','0915535191','البيضاء',NULL,'active','2025-09-10 08:16:11','2025-09-10 09:42:09','0915535191','ايه شكشم'),(254,NULL,'اياد عبدالله عياد','male',NULL,NULL,'عبدالله عياد عبدالله','0926212472','حى الشعله',NULL,'active','2025-09-10 08:16:50','2025-09-10 08:16:50','0946712838','حنان فوزي علي'),(255,NULL,'لارين واصف الحمد','female',NULL,NULL,'واصف محمد الحمد','0910083351','شحات',NULL,'active','2025-09-10 08:18:49','2025-09-10 08:18:49','0911169463','نورس محمد على'),(256,NULL,'مارية عيسي ابوفراج','female',NULL,NULL,'عيسي ابوفراج مصطفي','0927565065','البيضاء',NULL,'active','2025-09-10 08:18:55','2025-09-10 08:18:55','09179270004','مريم بوبكر بحواس'),(257,NULL,'الزهراء المبروك ابوبكر','female',NULL,NULL,'المبروك ابوبكر  محمد','0913962644','البيضاء',NULL,'active','2025-09-10 08:21:41','2025-09-10 08:21:41','0923342968','فاطمة علي احمد'),(258,NULL,'سنديانا سعد منصور','female',NULL,NULL,'سعد منصور ابراهيم','0928041256','عمارات الصينية',NULL,'active','2025-09-10 08:21:44','2025-09-10 08:21:44','0910440208','مروه جمعه سعيد'),(259,NULL,'روان عبدالسلام فرج','female',NULL,NULL,'عبدالاسلام فرج عبدالله','0927421026','وردامة',NULL,'active','2025-09-10 08:24:03','2025-09-10 08:24:03',NULL,'سميرة سليمان محمد'),(260,NULL,'سليم كريم صافي','male',NULL,NULL,'كريم صافي','0915066149','البيضاء',NULL,'active','2025-09-10 08:25:48','2025-09-10 08:25:48','0927962826','وفاء محمود خليل'),(261,NULL,'بيسان عبدالسلام فرج','female',NULL,NULL,'عبدالسلام فرج عبدالله','0927421026','وردامة',NULL,'active','2025-09-10 08:26:06','2025-09-10 08:26:06',NULL,'سميرة سليمان محمد'),(262,NULL,'غفران عبدالسلام فرج','female',NULL,NULL,'عبدالسلام فرج عبدالله','0927421026','وردامة',NULL,'active','2025-09-10 08:29:07','2025-09-10 08:29:07',NULL,'سميرة سليمان محمد'),(263,NULL,'اكرم  اسماعيل الحمد','male',NULL,NULL,'اسماعيل محمد الحمد','0924369391','البيضاء الجديدة',NULL,'active','2025-09-10 08:30:02','2025-09-10 08:30:02','0924369391','نهلة غالب الزعبي'),(264,NULL,'وفاء احمد بدر','female',NULL,NULL,'احمد بدر عبدالله','0928249759','البيضاء',NULL,'active','2025-09-10 08:33:00','2025-09-10 08:33:00','0913273007','عائشه الكاسح'),(265,NULL,'تالا فضل الله عبدالله','female',NULL,NULL,'فضل الله عبدالله محمد','0924803945','البيضاء',NULL,'active','2025-09-10 08:35:03','2025-09-10 08:35:03','0919601130','ندى صلاح محمد'),(266,NULL,'ايلا حسين احمد','female',NULL,NULL,'حسين احمد صالح','0925894688','البيضاء_خلف مصرف ليبيا',NULL,'active','2025-09-10 08:37:08','2025-09-10 08:37:08','0924688418','هاجر عبد السلام الفويرس'),(267,NULL,'احمد علي عطيه الله','male',NULL,NULL,'علي عطيه الله مفتاح','0927720936','لوسيطه',NULL,'active','2025-09-10 08:37:23','2025-09-10 08:37:23',NULL,'مريم موسى محمد'),(268,NULL,'رناد عيسى بوفراج','female',NULL,NULL,'عيسى بوفراج مؤمن','0925765065','البيضاء',NULL,'active','2025-09-10 08:39:52','2025-09-10 08:39:52','09179270004','مريم بوبكر بحواس'),(269,NULL,'سجود ناجح خليفة','female',NULL,NULL,'ناجح خليفة بوبكر','0943914866','الوسيطة',NULL,'active','2025-09-10 08:40:31','2025-09-11 10:11:31',NULL,'الهام محمد'),(270,NULL,'الين عبدالله عياد','female',NULL,NULL,'عبدالله عياد عبدالله','0926212472','الشعلة',NULL,'active','2025-09-10 08:42:21','2025-09-10 08:42:21','0946712838','حنان فوزي علي'),(271,NULL,'محمد امساعد محمد','male',NULL,NULL,'امساعد محمد محمد','0913768185','البيضاء _حي البكوش',NULL,'active','2025-09-10 08:42:55','2025-09-10 08:42:55','0913768185','رشا احمد يحي'),(272,NULL,'النور محمد جبريل','female',NULL,NULL,'محمد جبريل محمد','0910028888','البيضاء',NULL,'active','2025-09-10 09:10:50','2025-09-10 09:12:41',NULL,'مبروكة عثمان جبريل'),(273,NULL,'الحور محمد جبريل محمد','female',NULL,NULL,'محمد جبريل محمد','0910028888','البيضاء',NULL,'active','2025-09-10 09:12:17','2025-09-10 09:12:17','0910008888','مبروكة عثمان جبريل'),(274,NULL,'ايلين عبد الناصر المهدي','female',NULL,NULL,'عبدالناصر المهدي بن ساسي','0924115115','البيضاء_الطلحي',NULL,'active','2025-09-10 09:14:49','2025-09-10 09:14:49','0924115115','سالمة سليم علي'),(275,NULL,'فاطمة احمد الحسن','female',NULL,NULL,'احمد الحسن محمد','0910367015','البيضاء_شارع رابعة العدوية',NULL,'active','2025-09-10 09:16:23','2025-09-10 09:16:23','0910367015','منةالله عمر الحسين'),(276,NULL,'كنزي سراج','female',NULL,NULL,'سراج مسعود الزنتاني','0913689285','البيضاء',NULL,'active','2025-09-10 09:18:20','2025-09-10 09:18:20','0913689285',NULL),(277,NULL,'رقاء اكرم رابح سعيد','female',NULL,NULL,'اكرم رابح سعيد','0918411000','البيضاء _حي المنار',NULL,'active','2025-09-10 09:21:11','2025-09-10 09:21:11','0946597978','نعيمة المصري موسى'),(278,NULL,'عبد الرحمن خالد محمد','male',NULL,NULL,'خالد محمد برو','0944102642','البيضاء الجديدة',NULL,'active','2025-09-10 09:24:41','2025-09-10 09:24:41','0944022025','نوها محمد محمد'),(279,NULL,'سما اكرم بدر','female',NULL,NULL,'اكرم بدر حامد',NULL,'البيضاء',NULL,'active','2025-09-10 09:26:06','2025-09-10 09:26:06',NULL,'جميلة احمد'),(280,NULL,'الحارث محمد عزام','male',NULL,NULL,'محمد عزام','0927584737','البيضاء',NULL,'active','2025-09-10 09:27:40','2025-09-10 09:27:40','0925178351','جمانة جمال'),(281,NULL,'زين فيصل فرج','male',NULL,NULL,'فيصل فرج علي','0925587818','البيضاء_ مخطط بو حبيب',NULL,'active','2025-09-10 09:30:30','2025-09-10 09:30:30','0925587818','سميرة عبد الكريم'),(282,NULL,'محمد مصطفى','male',NULL,NULL,'محمد مصطفى حمد','0923256061','البيضاء_حي الجنين',NULL,'active','2025-09-10 09:34:01','2025-09-10 09:34:01','0923256061','هناء رمضان محمد'),(283,NULL,'أمير اهويدى عبدالنبى','male',NULL,NULL,'اهويدى عبدالنبى اهويدى','0927282895','البيضاء - عيادة رقم (3)',NULL,'active','2025-09-10 09:34:40','2025-09-10 09:34:40','0923582862','تهانى مريز امبارك'),(284,NULL,'مفتاح احمد جبر','male',NULL,NULL,'احمد جبر الشريف','0910202554','البيضاء_الطريق الدائري',NULL,'active','2025-09-10 09:36:31','2025-09-10 10:20:14',NULL,'لجين فرج المبروك'),(285,NULL,'ابراهيم سليم ابراهيم','male',NULL,NULL,'سليم ابراهيم ابراهيم','0925806552','البيضاء',NULL,'active','2025-09-10 09:36:35','2025-09-10 09:36:35',NULL,'اسماء مفتاح عبدالقادر'),(286,NULL,'طه سليم ابراهيم','male',NULL,NULL,'سليم ابراهيم ابراهيم','0928506552','البيضاء',NULL,'active','2025-09-10 09:37:47','2025-09-10 09:37:47',NULL,'اسماء مفتاح عبدالقادر'),(287,NULL,'بريتان حمود حسين','female',NULL,NULL,'حمود حسين يوسف','0927056056','البيضاء الجديدة',NULL,'active','2025-09-10 09:39:35','2025-09-10 09:39:35','0916171890','بريفون محمد'),(288,NULL,'جنى عاطف المبروك','female',NULL,NULL,'عاطف المبروك سعيد','0923345176',NULL,NULL,'active','2025-09-10 09:46:04','2025-09-10 09:46:04',NULL,'رجاء محمد صالح'),(289,NULL,'مؤيد محمد طاهر','male',NULL,NULL,'محمد طاهر ابراهيم','0914247685','البيضاء',NULL,'active','2025-09-10 09:48:08','2025-09-10 09:48:08','0914247685','عائشه سعد موسى'),(290,NULL,'حور سعيد سعد','female',NULL,NULL,'سعيد سعد صالح','0913795122','طريق الدائرى',NULL,'active','2025-09-10 09:48:15','2025-09-10 09:48:15','0926252484','اميره موسي حسن'),(291,NULL,'نايا امساعد محمد','female',NULL,NULL,'امساعد محمد محمد','0913768185','البيضاء',NULL,'active','2025-09-10 09:50:05','2025-09-10 09:50:05','0913768185','رشا احمد يحي'),(292,NULL,'يمان احمد محمد','male',NULL,NULL,'احمد محمد الحمد','0923007859','البيضاء - سيدى رافع',NULL,'active','2025-09-10 09:51:05','2025-09-10 09:51:05','0911169463','رنا يوسف اليوسف'),(293,NULL,'ريفان ابراهيم السنوسى','female',NULL,NULL,'ابراهيم السنوسى احمد','0924458849','سوق دورين',NULL,'active','2025-09-10 09:53:24','2025-09-10 09:53:24','0915065766','وسن يونس فضيل'),(294,NULL,'بتول علي عبدالغني','female',NULL,NULL,'علي عبد الغني السيد','0942558375','البيضاء',NULL,'active','2025-09-10 09:54:16','2025-09-10 09:54:16','0942558375','تيسير فتحي ابراهيم'),(295,NULL,'عائشه محمد رجب','female',NULL,NULL,'محمد رجب محمد','0944617617','البيضاء - حى الملاك - شارع سكاى مول',NULL,'active','2025-09-10 09:55:28','2025-09-10 09:55:28','0922691509','نوران محمد سمير'),(296,NULL,'جوليا عبدالباسط عبدالله','female',NULL,NULL,'عبدالباسط عبدالله محمد','0926431654','البيضاء',NULL,'active','2025-09-10 09:56:47','2025-09-10 09:56:47','0926431654','ايمان مفتاح حسين'),(297,NULL,'فاطمة عبدالجواد حمد','female',NULL,NULL,'عبدالجواد حمد محمد','0923469832','شارع النسيم',NULL,'active','2025-09-10 10:00:48','2025-09-10 10:00:48','0926227478','امانى على عبدالرحمن'),(298,NULL,'رحمة احمد هارون','female',NULL,NULL,'احمد  هارون محمد','0913769173','البيضاء_الفيلات ال300',NULL,'active','2025-09-10 10:02:39','2025-09-10 10:02:39','0913769173','زينب هارون محمد'),(299,NULL,'ساجد معتصم فوزي','male',NULL,NULL,'معتصم فوزي محمود','0922915167','شارع النسيم',NULL,'active','2025-09-10 10:03:59','2025-09-10 10:03:59','0944827889','اية خيرالله السعداوى'),(300,NULL,'خولة عطية امهدي','female',NULL,NULL,'عطية امهدي عطية','0914080161','البيضاء',NULL,'active','2025-09-10 10:05:55','2025-09-10 10:05:55','0914080161','نرجس اشعيب'),(301,NULL,'خلود محمد ثائر','female',NULL,NULL,'محمد ثائر محمد','0927060339','سيدى رافع - جنب صالة الصولجان',NULL,'active','2025-09-10 10:06:28','2025-09-10 10:06:28','0910193194','ايه سبيع الخضر'),(302,NULL,'عبدالسلام فتحي عبدالسلام','male',NULL,NULL,'فتحي عبدالسلام سعد','0914335759',NULL,NULL,'active','2025-09-10 10:08:04','2025-09-10 10:08:04',NULL,'امنة المبروك عقيلة'),(303,NULL,'يعرب طارق مسعود','male',NULL,NULL,'طارق مسعود','0925177644','البيضاء',NULL,'active','2025-09-10 10:09:04','2025-09-10 10:09:04',NULL,'نجاح عبدالله'),(304,NULL,'سما فوزي خليفه','female',NULL,NULL,'فوزي خليفه ابراهيم','0924333635','البيضاء الجديدة',NULL,'active','2025-09-10 10:11:08','2025-09-10 10:11:08','0913999786','نجاه صالح امحمد'),(305,NULL,'جويرية حسين صالح','female',NULL,NULL,'حسين صالح احمد','0925565808','البيضاء',NULL,'active','2025-09-10 10:11:42','2025-09-10 10:11:42','0928985189','عبير خالد حمد'),(306,NULL,'احمد منعم جمعه','male',NULL,NULL,'منعم جمعه محمد','0918751216','البيضاء',NULL,'active','2025-09-10 10:12:45','2025-09-10 10:12:45','0924395172','سناء احمد عيد'),(307,NULL,'صدام جبريل سالم','male',NULL,NULL,'جبريل سالم ذاوود','0920093958','البيضاء',NULL,'active','2025-09-10 10:14:29','2025-09-10 10:14:29',NULL,'زكية الحسين ابراهيم'),(308,NULL,'عمر واصف محمد','male',NULL,NULL,'واصف محمد الحمد','0945094683','البيضاء',NULL,'active','2025-09-10 10:16:12','2025-09-10 10:16:12','0927763813','نورس محمد على'),(309,NULL,'يونس حمد منصور','male',NULL,NULL,'حمد منصور على','0922528421','خلف المدرسة',NULL,'active','2025-09-10 10:18:40','2025-09-10 10:18:40','0927709742','هنيه الصادق محمد'),(310,NULL,'جبر احمد جبر','male',NULL,NULL,'احمد جبر الشريف','0910202554','البيضاء _الطريق الدائري',NULL,'active','2025-09-10 10:19:25','2025-09-17 19:17:52',NULL,'لجين فرج المبروك'),(311,NULL,'فرح كريم صافي','female',NULL,NULL,'فرح الكريم الصافي محمد','0915066149','البيضاء الجديدة',NULL,'active','2025-09-10 10:23:04','2025-09-10 10:23:04','0927585969','وفاء محمود خليل'),(313,NULL,'عبدالرؤوف محمد ادريس','male',NULL,NULL,'محمد ادريس عبد ربه','0910237945','مخطط بوحبيب',NULL,'active','2025-09-10 10:23:59','2025-09-10 10:23:59','0944479484','ايناس عبدالرحمن مفتاح'),(314,NULL,'فضل الله ادريس فضل الله','male',NULL,NULL,'ادريس فضل الله','0925368040','البيضاء',NULL,'active','2025-09-10 10:26:11','2025-09-10 10:26:11','0924189596','سماح عوض محمد'),(315,NULL,'رزان جبريل موسى','female',NULL,NULL,'جبريل موسى محمد','0926980132','البيضاء',NULL,'active','2025-09-10 10:26:21','2025-09-10 10:26:21',NULL,'عازه هلال نوح'),(316,NULL,'علياء زيد سليمان','female',NULL,NULL,'زيد سليمان احمد','0920008555','بجوار قاعة النسيم',NULL,'active','2025-09-10 10:29:20','2025-09-10 10:29:20','0924837701','هند مفتاح يونس'),(317,NULL,'ابي فرج ابراهيم','male',NULL,NULL,'فرج ابراهيم محمد','0922040693','البيضاء',NULL,'active','2025-09-10 10:30:06','2025-09-10 10:30:06','0922040693','سجى فوزي عبدالله'),(318,NULL,'تالا ايمن عبدالسلام','female',NULL,NULL,'ايمن عبدالسلام عبدالله','0915626124',NULL,NULL,'active','2025-09-10 10:31:36','2025-09-10 10:31:36','0925626124','هناء ابوقاسم محمد'),(319,NULL,'تيم ايهاب شحات','male',NULL,NULL,'ايهاب شحات الفوال','0928446931','البيضاء - قرب مدرسة عائشه',NULL,'active','2025-09-10 15:32:46','2025-09-10 15:32:46',NULL,'سالمة فرحات العبد'),(320,NULL,'حسن احمد بدر','male',NULL,NULL,'احمد بدر حامد','0913273007','البيضاء - بجوار جامع الأندلس',NULL,'active','2025-09-10 15:36:30','2025-09-10 15:36:30','0925461590','عائشه حسن محمد'),(321,NULL,'يوسف محمد محمود','male',NULL,NULL,'محمد محمود عبدالله',NULL,'البيضاء',NULL,'active','2025-09-10 15:40:26','2025-09-10 15:40:26',NULL,'بسمة هلال عبدالوهاب'),(322,NULL,'ميار عادل ادريس','female',NULL,NULL,'عادل ادريس محمد','0913721090','البيضاء',NULL,'active','2025-09-10 15:42:37','2025-09-10 15:42:37','0927721090','رويدا امحمد حامد'),(323,NULL,'جود مصطفى محمد','female',NULL,NULL,'مصطفى محمد ميلاد','0923256061','حى الجنين',NULL,'active','2025-09-10 15:45:11','2025-09-10 15:45:11',NULL,'هناء رمضان محمد'),(324,NULL,'جورى مصطفى محمد','female',NULL,NULL,'مصطفى محمد ميلاد','0923256061','حى الجنين',NULL,'active','2025-09-10 16:37:16','2025-09-10 16:37:16',NULL,'هناء رمضان محمد'),(325,NULL,'صفي الدين احمد خليفه','male',NULL,NULL,'احمد خليفه حمد','0912393577','البيضاء - شارع الكتيبة',NULL,'active','2025-09-10 16:41:00','2025-09-10 16:41:00','0920546840','مروة نوح عمر'),(326,NULL,'صالح وسام صالح','male',NULL,NULL,'وسام صالح محمد','0921901996','البيضاء',NULL,'active','2025-09-10 16:47:25','2025-09-10 16:47:25','0926277510','انعام ابراهيم عمر'),(327,NULL,'الليث محمد فتح الله صالح','male',NULL,NULL,'محمد فتح الله صالح','0914466388','السكن الطب الجامعي',NULL,'active','2025-09-10 16:51:35','2025-09-10 16:51:35','0911652779','هنادى الساعدى'),(328,NULL,'بيلار محمد عزام','female',NULL,NULL,'محمد عزام نصيب','0925178351','البيضاء',NULL,'active','2025-09-10 16:56:28','2025-09-10 16:56:28','0927584737','جمانة جاب الله'),(329,NULL,'قيس إيهاب تيسير','male',NULL,NULL,'إيهاب تيسير السحار','0923096225','شحات',NULL,'active','2025-09-10 16:59:27','2025-09-10 16:59:27',NULL,'سمر يوسف عبد حجازي'),(330,NULL,'ايمان اكرم بدر','female',NULL,NULL,'اكرم بدر حامد',NULL,NULL,NULL,'active','2025-09-10 17:02:09','2025-09-10 17:02:09',NULL,'جميلة السنوسي احمد'),(331,NULL,'مريم فريد عبدالحميد','female',NULL,NULL,'فريد عبدالحميد عبدربه','0912727063','خلف سكاى مول',NULL,'active','2025-09-10 17:05:31','2025-09-10 17:05:31','0924017849','ايناس محمد'),(333,NULL,'الشامخ فائز ارحومه','male',NULL,NULL,'فائز المبروك ارحومه','0927421810','البيضاء',NULL,'active','2025-09-10 17:13:29','2025-09-10 17:13:29','0927421810','عبير عبدالشفيع المبروك'),(334,NULL,'زكيه عبدالله بدر','female',NULL,NULL,'عبدالله بدر',NULL,NULL,NULL,'active','2025-09-10 17:16:08','2025-09-10 17:16:08',NULL,'منال محمد'),(335,NULL,'رغد يونس عبدالرازق','female',NULL,NULL,'يونس عبدالرازق الحسن','0913323238','البيضاء',NULL,'active','2025-09-10 17:19:48','2025-09-10 17:19:48','0945481893','فاتن سليمان الشامى'),(336,NULL,'تالين عمار عبدالمنعم','female',NULL,NULL,'عمار عبدالمنعم بكو','0922028756','البيضاء',NULL,'active','2025-09-10 17:22:09','2025-09-10 17:22:09',NULL,'ايمان محمد صالح'),(337,NULL,'الزبير المبروك ابوبكر','male',NULL,NULL,'المبروك ابوبكر سعد','0913962644','البيضاء',NULL,'active','2025-09-10 17:25:07','2025-09-10 17:25:07',NULL,'فاطمه علي احمد'),(338,NULL,'راويه محمد تيسير السحار','female',NULL,NULL,'محمد تيسير السحار','0915044846','شحات',NULL,'active','2025-09-10 17:27:26','2025-09-10 17:27:26',NULL,'ايمان كمال محمد'),(339,NULL,'مروان عبدالسلام فرج','male',NULL,NULL,'عبدالسلام فرج المبرى','0927421026','وردامة',NULL,'active','2025-09-10 17:30:10','2025-09-10 17:30:10','0917421026','سميرة سليمان محمد'),(340,NULL,'تاليدا علي عبدالسميع','female',NULL,NULL,'علي عبدالسميع الجرارى','0911110744','البيضاء',NULL,'active','2025-09-10 17:32:58','2025-09-10 17:32:58',NULL,'تيتل أمطير'),(341,NULL,'صبيه خالد أحمد','female',NULL,NULL,'خالد احمد محمد','0914751329','البيضاء _ شارع المستشفى',NULL,'active','2025-09-10 17:36:07','2025-09-10 17:36:07','0024919670204','ندى محمد الحسن'),(342,NULL,'انس اسامه محمد','male',NULL,NULL,'اسامه محمد بوشعاله',NULL,NULL,NULL,'active','2025-09-10 17:38:55','2025-09-10 17:38:55',NULL,'نوال مفتاح عمر'),(343,NULL,'تالا امجد فتح الله سرقيوه','female',NULL,NULL,'امجد فتح اللخ سرقيوه','0918372241','شارع النسيم',NULL,'active','2025-09-10 17:42:08','2025-09-10 17:42:08',NULL,'سمية عبدالوهاب شلوف'),(344,NULL,'هاجر انس مفتاح','female',NULL,NULL,'انس مفتاح فرج','0923742829','سكاى مول',NULL,'active','2025-09-10 17:44:30','2025-09-10 17:44:30',NULL,'فاطمه حسن محمد'),(345,NULL,'أحمد صلاح الدين عبدالقادر','male',NULL,NULL,'صلاح الدين عبدالقادر محمود','0913725571','البيضاء',NULL,'active','2025-09-10 17:47:52','2025-09-10 17:47:52','0912165551','امنة عبداللطيف عبدالرحيم'),(346,NULL,'امل عبدالله موسي','female',NULL,NULL,'عبدالله موسي عبدالرحمن','0922382083','البيضاء',NULL,'active','2025-09-10 17:50:56','2025-09-10 17:50:56','0927290160','نجاح صالوح عبدالسلام'),(347,NULL,'مكه محمد الحسيني','female',NULL,NULL,'محمد الحسيني علي','0911591020','البيضاء',NULL,'active','2025-09-10 17:53:08','2025-09-10 17:53:08',NULL,'دنيا عطية حسن'),(348,NULL,'سدن علي الفيتورى','female',NULL,NULL,'علي الفيتورى عبدالحميد','0913220346','عمارات الضمان',NULL,'active','2025-09-11 06:17:14','2025-09-11 06:17:14','0923220346','هناء الهادى عبدالحميد'),(349,NULL,'ذكرى عبدالهادى جمعه','female',NULL,NULL,'عبدالهادى جمعه عبدالهادى','0926981885','حى ام الصفصاف',NULL,'active','2025-09-11 06:22:06','2025-09-13 09:56:13',NULL,'بسمه مفتاح عبدالله'),(350,NULL,'سجى محمد صالح','female',NULL,NULL,'محمد صالح محمد','0945621516','البيضاء الجديدة',NULL,'active','2025-09-11 06:24:07','2025-09-11 06:24:07','0925770900','ساره محمد موسى'),(351,NULL,'عبدالرحمن عبدالقادر محمد','male',NULL,NULL,'عبدالقادر محمد الاجطل','0925797265',NULL,NULL,'active','2025-09-11 06:29:00','2025-09-11 06:34:44',NULL,'امينة سعد محمد'),(352,NULL,'الوليد حسين محمود','male',NULL,NULL,'حسين محمود خيرالله',NULL,NULL,NULL,'active','2025-09-11 06:33:48','2025-09-11 06:33:48',NULL,'هناء محمد حمد'),(353,NULL,'ابراهيم عزالدين محمد','male',NULL,NULL,'عزالدين محمد عبدالواحد','0917366687',NULL,NULL,'active','2025-09-11 07:13:39','2025-09-11 07:13:39',NULL,'عائشة حسن محمد'),(354,NULL,'عبدالرحمن ايمن سعد','male',NULL,NULL,'ايمن سعد السعيد','0922204165','البيضاء - الخنساء',NULL,'active','2025-09-11 07:17:54','2025-09-11 07:17:54','0924361914','نغم محمد حسيب'),(355,NULL,'عبدالمعز عاشور عبدالرحيم','male',NULL,NULL,'عاشور عبدالرحيم يونس','0910673497','البيضاء',NULL,'active','2025-09-11 07:20:34','2025-09-11 07:20:34',NULL,'خديجه سعد راف الله'),(356,NULL,'هناء عصام علي','female',NULL,NULL,'عصام علي حمد','0919406368','البيضاء',NULL,'active','2025-09-11 07:22:32','2025-09-11 07:22:32','0918891923','سلوى عبدالسلام عبدالرسول'),(357,NULL,'لين خالد عبدالله','female',NULL,NULL,'خالد عبدالله الغول','0914141211','البيضاء',NULL,'active','2025-09-11 07:24:32','2025-09-11 07:24:32','0929305054','زينب احمد محمد'),(358,NULL,'اياد محمد جبريل','male',NULL,NULL,'محمد جبريل ابوبكر','0910028888','البيضاء',NULL,'active','2025-09-11 07:26:22','2025-09-11 07:26:22',NULL,'مبروكه عثمان جبريل'),(359,NULL,'زياد محمد جبريل','male',NULL,NULL,'محمد جبريل ابوبكر','0910028888','البيضاء',NULL,'active','2025-09-11 07:28:13','2025-09-11 07:28:13',NULL,'مبروكه عثمان جبريل'),(361,NULL,'سلام عبدالقادر محمد','male',NULL,NULL,'عبدالقادر محمد الاجطل','0925797265',NULL,NULL,'active','2025-09-11 07:35:58','2025-09-11 07:35:58',NULL,'امينة سعد محمد'),(362,NULL,'اويس وسام صالح','male',NULL,NULL,'وسام صالح الطيب','0921901996','البيضاء',NULL,'active','2025-09-11 07:38:04','2025-09-11 07:38:04','0926277510','انعام ابراهيم عمر'),(363,NULL,'سفانا عبدالله بدر','female',NULL,NULL,'عبدالله بدر حامد','0912222342','البيضاء',NULL,'active','2025-09-11 07:40:31','2025-09-11 07:40:31','0927087983','منال محمد عبدالصالح'),(364,NULL,'لارين طارق عبدالسلام','female',NULL,NULL,'طارق عبدالسلام ادريس','0925212338','البيضاء',NULL,'active','2025-09-11 07:42:23','2025-09-11 07:42:23',NULL,'خوله رشيد يونس'),(365,NULL,'تيماء علي عبدالسميع','female',NULL,NULL,'علي عبدالسميع الجراري','0911110744','البيضاء',NULL,'active','2025-09-11 07:45:27','2025-09-11 07:45:27',NULL,'تيتل بدر صالح'),(366,NULL,'كرمه ايمن احمد','female',NULL,NULL,'ايمن احمد احمد','0926514608','البيضاء - الدائري',NULL,'active','2025-09-11 07:48:41','2025-09-11 07:48:41',NULL,'شيماء احمد ابراهيم'),(368,NULL,'محمد علي محمد','male',NULL,NULL,'علي محمد علي','0926069182','النسيم',NULL,'active','2025-09-11 08:06:17','2025-09-11 08:06:17',NULL,'شيماء محمد محمد'),(369,NULL,'ضحي هيثم صفوان','female',NULL,NULL,'هيثم صفوان الحميدي','0925789645','بالقرب من المعهد الصناعي',NULL,'active','2025-09-11 08:13:02','2025-09-11 08:13:02',NULL,'صبحيه احمد الحميدي'),(370,NULL,'لجين عباس محمد','female',NULL,NULL,'عباس محمد عثمان','0921162242','شحات',NULL,'active','2025-09-11 08:16:09','2025-09-11 08:16:09','0910199663','موده بوبكر محمد'),(371,NULL,'روميساء عصام علي','female',NULL,NULL,'عصام علي حمد','0919406368','البيضاء',NULL,'active','2025-09-11 08:18:34','2025-09-11 08:18:34',NULL,'سلوى عبدالسلام عبدالرسول'),(372,NULL,'اياد محمد طاهر','male',NULL,NULL,'محمد طاهر السياف','0914247685','البيضاء',NULL,'active','2025-09-11 08:24:32','2025-09-11 08:24:32',NULL,'امال عبدالستار عبدالعليم'),(373,NULL,'عالية صلاح الدين عبدالقادر','female',NULL,NULL,'صلاح الدين عبدالقادر خيرالله','0912165551','البيضاء',NULL,'active','2025-09-11 08:27:30','2025-09-11 08:27:30',NULL,'امنة عبداللطيف على'),(374,NULL,'بيان علي بالحسن','female',NULL,NULL,'علي بالحسن عبدالنبي','0928439915','البيضاء - شارع درنه',NULL,'active','2025-09-11 08:30:53','2025-09-11 08:30:53','0913825866','ايناس عبدالقادر عبدالنبى'),(375,NULL,'داني عبد الكريم محمد','male',NULL,NULL,'عبد الكريم محمد بوسكته','0923265509','البيضاء',NULL,'active','2025-09-11 08:34:13','2025-09-11 08:34:13','0927426523','هيفاء فتحي علي'),(376,NULL,'هاشم علي الكوني','male',NULL,NULL,'علي الكوني عبدالله','0913795020','البيضاء _السوق القديم',NULL,'active','2025-09-11 08:37:41','2025-09-11 08:37:41',NULL,'امباركة علي المبروك'),(377,NULL,'ساجد عاصم محمد','male',NULL,NULL,'عاصم محمد اسماعيل','0925801239','البيضاء',NULL,'active','2025-09-11 08:40:07','2025-09-11 08:40:07','0922456456','اميمة محسن عليان'),(378,NULL,'ليان ابراهيم شعبان','female',NULL,NULL,'ابراهيم شعبان شعبان','0944724820','البيضاء_ المدينة الرياضية',NULL,'active','2025-09-11 08:43:53','2025-09-11 08:43:53',NULL,'دينا مصطفى'),(379,NULL,'هيا محمد الرضا','female',NULL,NULL,'محمد الرضا بدر','0922093316','البيضاء _شارع الاندلس',NULL,'active','2025-09-11 08:46:35','2025-09-11 08:46:35','0912093316','هاجر مصطفى محمد'),(380,NULL,'احمد حافظ محمود','male',NULL,NULL,'حافظ محمود عبدالهادي','0944904948','البيضاء _الجنين',NULL,'active','2025-09-11 08:51:23','2025-09-17 19:18:32',NULL,'ندى موسى عقيلة'),(381,NULL,'عبد العزيز ابراهيم عبد العزيز','male',NULL,NULL,'ابراهيم عبدالعزيز كريعات','0913855910','شحات',NULL,'active','2025-09-11 08:54:26','2025-09-11 08:54:26','0928231833','سمية علي سعد'),(382,NULL,'سفيان مصطفى تيسير','male',NULL,NULL,'مصطفى تيسير خليل','0925796977','شحات',NULL,'active','2025-09-11 08:57:43','2025-09-11 09:02:22',NULL,'ايمان عبد سعيد'),(383,NULL,'ياسر عبد الاله محمود','male',NULL,NULL,'عبد الاله محمود محمد','0926265484','البيضاء _البكوش',NULL,'active','2025-09-11 09:01:51','2025-09-11 09:01:51','0925883559','اسية عبد السلام'),(384,NULL,'مالك محمد علي','male',NULL,NULL,'محمد علي بوجلدين','0913798601','البيضاء',NULL,'active','2025-09-11 09:06:05','2025-09-11 09:06:05','0913798601','داليا عاطف محمد'),(385,NULL,'يزيد فيصل فرج','male',NULL,NULL,'فيصل فرج علي','0925587818','البيضاء _مخطط بوحبيب',NULL,'active','2025-09-11 09:19:55','2025-09-11 09:19:55','0925587818','سميرة عبد الكريم محمد'),(386,NULL,'مصطفى خالد عبدالله','male',NULL,NULL,'خالد عبدالله الغول','0914141211','البيضاء',NULL,'active','2025-09-11 09:23:19','2025-09-11 09:23:19','0929305054','زينب احمد محمد'),(387,NULL,'تالين عمر فضل الله','female',NULL,NULL,'عمر فضل الله الصالحين','0925796053','البيضاء _الجنين',NULL,'active','2025-09-11 09:26:34','2025-09-11 09:26:34','0925796053','وفاء رمضان محمد'),(388,NULL,'ملاك علي الكوني','female',NULL,NULL,'علي الكوني عبدالله','0913795020','البيضاء_ام السوق القديم',NULL,'active','2025-09-11 09:28:39','2025-09-11 09:28:39','0913999300','امباركة علي المبروك'),(389,NULL,'عائشة يونس عبد الرازق','female',NULL,NULL,'يونس عبد الرازق الحسن','0945481893','البيضاء',NULL,'active','2025-09-11 09:31:08','2025-09-11 09:31:08','0913323238','فاتن سليمان'),(390,NULL,'ابوبكر جمال ابوبكر','male',NULL,NULL,'جمال بوبكر محمد','0914245047','البيضاء فيلات 300',NULL,'active','2025-09-11 09:32:57','2025-09-11 09:32:57','0911218142','اسعيدة فتحي صالح'),(391,NULL,'بدر محمد الرضا','male',NULL,NULL,'محمد الرضا بدر','0913741077','البيضاء _شارع الاندلس',NULL,'active','2025-09-11 09:34:58','2025-09-11 09:34:58','0912093316','هاجر مصطفى محمد'),(392,NULL,'انس علي محمد','male',NULL,NULL,'علي محمد البكوش','0927325085','البيضاء حي بوسلطان',NULL,'active','2025-09-11 09:38:01','2025-09-11 09:38:01',NULL,'فوزية محمد عبدالسلام'),(393,NULL,'افنان عزالدين محمد','female',NULL,NULL,'عزالدين محمد عبدالواحد',NULL,'البيضاء',NULL,'active','2025-09-11 09:48:30','2025-09-11 09:48:30',NULL,'عائشه حسن عبدالعاطي'),(394,NULL,'حلا حافظ محمود','female',NULL,NULL,'حافظ محمود عبدالهادي','0944904948','البيضاء _الجنين',NULL,'active','2025-09-11 09:50:57','2025-09-11 09:50:57','0944904948','ندى موسى عقيلة'),(395,NULL,'حسين حمود حسين','male',NULL,NULL,'حمود حسين يوسف','0927056056','البيضاء الجديدة',NULL,'active','2025-09-11 09:54:22','2025-09-11 09:54:22','0916171890','بريفون محمد'),(396,NULL,'راكان محمد ابراهيم','female',NULL,NULL,'محمد ابراهيم السيد','0914340656','البيضاء الجديدة',NULL,'active','2025-09-11 09:59:21','2025-09-11 09:59:21','0914340656','ايمان ابراهيم امحمد'),(397,NULL,'ميرال محمد رمضان','female',NULL,NULL,'محمد رمضان جنيد','0945678155','البيضاء _الجامعة الجديدة',NULL,'active','2025-09-11 10:02:17','2025-09-11 10:02:17','0945678155','ثريا محمد عبدالباسط'),(398,NULL,'محمد ياسر عبدالقادر','male',NULL,NULL,'ياسر عبدالقادر دفع الله','0916885348','البيضاء -حي54',NULL,'active','2025-09-11 10:05:14','2025-09-11 10:05:14','0914931550','هينزاد ادم'),(399,NULL,'وسام عاصم محمد','male',NULL,NULL,'عاصم محمد اسماعيل','0925801239','البيضاء',NULL,'active','2025-09-11 10:06:39','2025-09-11 10:06:39','0925801239','اميمة محسن عليان'),(400,NULL,'هاجر ناجح خليفه','female',NULL,NULL,'ناجح خليفة بوبكر','0943914866','البيضاء خلف المستشفى',NULL,'active','2025-09-11 10:09:51','2025-09-11 10:09:51','0943914866','الهام محمد'),(401,NULL,'ريفان ادريس فضل الله','female',NULL,NULL,'ادريس فضل الله محمد','0925368040','البيضاء',NULL,'active','2025-09-11 10:13:39','2025-09-11 10:13:39','0924189596','سماح عوض محمد'),(402,NULL,'البتول علي حسن','female',NULL,NULL,'علي حسن عبد النبي','0913825866','البيضاء_ شارع درنه',NULL,'active','2025-09-11 10:17:10','2025-09-11 10:17:10','0928439915','ايناس عبد القادر عبد النبي'),(403,NULL,'قصي سالم علي','male',NULL,NULL,'سالم علي معيوف','0925891065','البيضاء',NULL,'active','2025-09-11 10:19:16','2025-09-11 10:19:16','0914823383','ناديه مفتاح حمد'),(405,NULL,'ماريا اسماعيل محمد','female',NULL,NULL,'اسماعيل محمد الحمد','0944592669','البيضاء الجديدة',NULL,'active','2025-09-11 10:23:53','2025-09-11 10:23:53','0924369391','نهلة غالب الزعبي'),(406,NULL,'سالم المدهم عمر','male',NULL,NULL,'المدهم عمر المدهم','0944481732','البيضاء_ المنطقة الصناعية',NULL,'active','2025-09-11 10:26:32','2025-09-11 10:26:32','0944481732','اميرة ادريس يوسف'),(407,NULL,'حمزه احمد عبدالحق','male',NULL,NULL,'احمد عبدالحق احمد','0924953280','مستشفى الثورة',NULL,'active','2025-09-11 17:10:06','2025-09-11 17:17:58',NULL,'أسماء نصر كامل'),(408,NULL,'وقار محمد ابراهيم','female',NULL,NULL,'محمد ابراهيم فرج','0919357186','خلف مدرسة التلال الذهبية',NULL,'active','2025-09-11 17:12:48','2025-09-11 17:12:48','0922729095','ايه ابوزيد فرج'),(409,NULL,'فاطيما احمد عبدالحق','female',NULL,NULL,'احمد عبدالحق احمد','0924953280','مستشفى الثورة',NULL,'active','2025-09-11 17:17:07','2025-09-11 17:17:07','0021226452018','أسماء نصر كامل'),(410,NULL,'مصطفى محمد اعظم','male',NULL,NULL,'محمد اعظم','0944152132','البيضاء',NULL,'active','2025-09-11 17:22:41','2025-09-11 17:22:41','0910584441',NULL),(411,NULL,'البينة عاشور عبدالرحيم','female',NULL,NULL,'عاشور عبدالرحيم يونس','0922678729','البيضاء',NULL,'active','2025-09-11 17:25:11','2025-09-11 17:25:11','0910673497','خديجه سعد راف الله'),(412,NULL,'ود عبدالباسط عثمان','female',NULL,NULL,'عبدالباسط عثمان محمد','0925789646','المدينة الرياضية',NULL,'active','2025-09-11 17:28:21','2025-09-11 17:28:21','0927691932','اميره مصطفي محمد'),(413,NULL,'نادين عبدالباسط عثمان','female',NULL,NULL,'عبدالباسط عثمان محمد','0927691932','المدينة الرياضية',NULL,'active','2025-09-11 17:30:39','2025-09-11 17:30:39','0925789646','اميره مصطفي محمد'),(414,NULL,'ريتال محمد بوبكر','female',NULL,NULL,'محمد بوبكر الريش','0922522205','البيضاء',NULL,'active','2025-09-11 17:34:39','2025-09-11 17:34:39','0918025062','نواره عطيه الشريف'),(415,NULL,'ايلا جواد وهب','female',NULL,NULL,'جواد صالح وهب','0916164515','المدينة الرياضية',NULL,'active','2025-09-11 17:36:52','2025-09-18 04:24:37',NULL,'وعد حمد وهب'),(416,NULL,'تيم عبدالكريم محمد','male',NULL,NULL,'عبدالكريم محمد سكته','0923265509','البيضاء',NULL,'active','2025-09-11 17:45:00','2025-09-11 17:45:00',NULL,'هيفاء فتحى عصمت'),(417,NULL,'عمرو جواد وهب','male',NULL,NULL,'جواد صالح وهب','0916164515','المدينة الرياضية',NULL,'active','2025-09-11 17:48:29','2025-09-11 17:48:29',NULL,'وعد حمد وهب'),(418,NULL,'عبدالله على ابوبكر','male',NULL,NULL,'على ابوبكر فرج','0915898331','البيضاء - فاطمه الزهراء',NULL,'active','2025-09-11 17:53:45','2025-09-12 17:59:45',NULL,'ابجيل'),(419,NULL,'فراس ايهاب شحات','male',NULL,NULL,'ايهاب شحات الفوال','0928446931','البيضاء',NULL,'active','2025-09-12 15:51:39','2025-09-12 15:51:39',NULL,'سالمة فرحات العبد'),(420,NULL,'سارة هشام عبدالله','female',NULL,NULL,'هشام عبدالله عطيه','0925626392','البيضاء',NULL,'active','2025-09-12 15:56:47','2025-09-12 15:56:47',NULL,'سعاد نورى بيانكو'),(421,NULL,'قيس عادل فرج','male',NULL,NULL,'عادل فرج خنفر','0924843611','قرب مدرسة الصديقه',NULL,'active','2025-09-12 16:02:03','2025-09-12 16:02:03',NULL,'نجلاء محمد عبدالدائم'),(422,NULL,'أمير ربيع محمود','male',NULL,NULL,'ربيع محمود ادم','0928483823','البيضاء',NULL,'active','2025-09-12 16:04:14','2025-09-12 16:04:14',NULL,'سميه احمد منسى'),(423,NULL,'احمد على الناجى','male',NULL,NULL,'علي الناجي علي','0925918985','البيضاء - حى الاندلس',NULL,'active','2025-09-12 16:06:31','2025-09-12 16:06:31','0913963501','حواء محمد الرمالي'),(424,NULL,'زين على على','male',NULL,NULL,'على على حسين','0926362236','البيضاء _ عمارات البيض',NULL,'active','2025-09-12 16:14:26','2025-09-12 16:14:26','0920981877','فاطمة محمود يوسف'),(425,NULL,'خزامى المهدى عبدالحميد','female',NULL,NULL,'المهدى عبدالحميد بيانكو','0913797837','البيضاء',NULL,'active','2025-09-12 16:16:36','2025-09-12 16:16:36','0927891950','نسرين عبدالله ابوبكر'),(426,NULL,'فرج حاتم انور','male',NULL,NULL,'حاتم انور عمران','0928391976','البيضاء',NULL,'active','2025-09-12 16:18:54','2025-09-12 16:18:54','0927262544','فيروز فرج عبدالله'),(427,NULL,'نور امين عبده','female',NULL,NULL,'امين عبده محمد','0918333584','البيضاء - داخل المستشفى',NULL,'active','2025-09-12 16:23:01','2025-09-12 16:23:01','0924558725','نورهان حسام صلاح'),(428,NULL,'أحمد الحسن مسعود','male',NULL,NULL,'الحسن مسعود سعد','0925477777','البيضاء',NULL,'active','2025-09-12 16:25:22','2025-09-12 16:25:22','0925775772','هدي المهدي حمد'),(429,NULL,'ريان محمد التهامى','male',NULL,NULL,'محمد التهامى الشناوى','0910428973','البيضاء',NULL,'active','2025-09-12 16:27:50','2025-09-12 16:27:50',NULL,'شيماء عادل السيد'),(430,NULL,'المنتصربالله عبدالغنى عبدالله','male',NULL,NULL,'عبدالغنى عبدالله محمود','0927097110','البيضاء',NULL,'active','2025-09-12 16:31:22','2025-09-12 16:31:22','0916053886','امال سعيد حمد'),(431,NULL,'لين وليد ادريس','female',NULL,NULL,'وليد ادريس الحجازى','0925808981','البيضاء - حى اجنين',NULL,'active','2025-09-12 16:42:39','2025-09-12 16:42:39',NULL,'هبه الله سالم عبدالرازق'),(432,NULL,'بان اسامه عبدالرحمن','female',NULL,NULL,'اسامه عبدالرحمن الترهونى','0913798606','البيضاء - قرب هابى تشكن',NULL,'active','2025-09-12 16:45:37','2025-09-12 16:45:37','092382380','فاطمة احمد عمر'),(433,NULL,'وتين مروان محمد','female',NULL,NULL,'مروان محمد الصغير','0922765323','الصفصاف',NULL,'active','2025-09-12 16:49:30','2025-09-12 16:49:30','0941000034','منى المبروك ازنين'),(434,NULL,'جواد الجالى نوح','male',NULL,NULL,'الجالى نوح حمد','0910575490','البيضاء - الشعلة',NULL,'active','2025-09-12 17:32:43','2025-09-12 17:32:43','00447985628616','سميه بوبكر الجالى'),(435,NULL,'أمينة المهدى عبدالحميد','female',NULL,NULL,'المهدى عبدالحميد بيانكو','0913797837','البيضاء',NULL,'active','2025-09-12 17:35:51','2025-09-12 17:35:51','0927891950','نسرين عبدالله حسين'),(436,NULL,'وليد عزت خلف الله','male',NULL,NULL,'عزت خلف الله حسن','0915796908','شارع العروبة',NULL,'active','2025-09-12 17:45:14','2025-09-12 17:45:14','0944553848','امينه سعيد حسين'),(437,NULL,'اميرة عزت خلف الله','female',NULL,NULL,'عزت خلف الله حسن','0915796908','شارع العروبة',NULL,'active','2025-09-12 17:48:02','2025-09-12 17:48:02','0944553848','امينه سعيد حسين'),(438,NULL,'ماريا سالم عبدالعالى','female',NULL,NULL,'سالم عبدالعالى محمد','0923747543','البيضاء الجديدة',NULL,'active','2025-09-12 17:50:28','2025-09-12 17:54:05',NULL,'نعيمه صالح موسي'),(439,NULL,'عبدالعالي سالم عبدالعالى','male',NULL,NULL,'سالم عبدالعالى محمد','0923747543','البيضاء الجديدة',NULL,'active','2025-09-12 17:52:20','2025-09-12 17:52:20','0913769004','نعيمه صالح موسي'),(440,NULL,'رسيل مصطفى على','female',NULL,NULL,'مصطفى على امبارك','0920762693','خلف ادارة مصرف التجاري',NULL,'active','2025-09-12 17:55:47','2025-09-12 17:55:47',NULL,'فاطمة خليفة عبدالله'),(441,NULL,'هاجر على ابوبكر','female',NULL,NULL,'على ابوبكر فرج','0915898331','البيضاء - حى فاطمة الزهراء',NULL,'active','2025-09-12 17:58:54','2025-09-12 17:58:54',NULL,'ابجيل'),(442,NULL,'خالد على ابوبكر','male',NULL,NULL,'على ابوبكر فرج','0915898331','البيضاء - حى فاطمة الزهراء',NULL,'active','2025-09-12 18:01:16','2025-09-12 18:01:16',NULL,'ابجيل'),(443,NULL,'تالين طارق عبدالسلام','female',NULL,NULL,'طارق عبدالسلام ادريس','0925212338','البيضاء',NULL,'active','2025-09-13 09:33:02','2025-09-13 09:33:02',NULL,'خوله رشيد يونس'),(444,NULL,'عبدالسلام طارق عبدالسلام','male',NULL,NULL,'طارق عبدالسلام ادريس','0925212338','البيضاء',NULL,'active','2025-09-13 09:34:13','2025-09-13 09:34:13',NULL,'خوله رشيد يونس'),(445,NULL,'هنا عماد محمود','female',NULL,NULL,'عماد محمود مصطفى','0920425809','البيضاء الجديدة',NULL,'active','2025-09-13 10:03:24','2025-09-13 10:03:24','0915066148',NULL),(446,NULL,'عياش علي عبدالسميع','male',NULL,NULL,'علي عبدالسميع الجراري','0911110744','البيضاء',NULL,'active','2025-09-14 07:17:07','2025-09-14 07:27:33',NULL,'تيتل بدر صالح'),(447,NULL,'فاطمة حمزه فرج','female',NULL,NULL,'حمزه فرج عبدالرحمن','0924138683','عمر المختار',NULL,'active','2025-09-14 07:44:40','2025-09-14 07:44:40','0914248782','نادية سالم موسى'),(448,NULL,'رانيا سعد امراجع','female',NULL,NULL,'سعد امراجع حمد','0917436489','شارع النسيم',NULL,'active','2025-09-14 08:25:32','2025-09-18 09:02:22',NULL,'احلام السيد'),(449,NULL,'دانية موسى محمد','female',NULL,NULL,'موسى محمد فرج','0912081543','شحات',NULL,'active','2025-09-14 08:28:50','2025-09-14 08:28:50','0928474749',NULL),(450,NULL,'رهف ايهاب تيسير','female',NULL,NULL,'ايهاب تيسير','0923096225','شحات',NULL,'active','2025-09-14 08:40:37','2025-09-14 08:40:37',NULL,NULL),(451,NULL,'هلا محمد الرضا','female',NULL,NULL,'محمد الرضا بدر','0912093316','البيضاء',NULL,'active','2025-09-14 08:58:28','2025-09-14 08:58:28','0913741077','هاجر مصطفى عبدالجليل'),(452,NULL,'عبدالله نورالدين','male',NULL,NULL,'نورالدين','0918787721','البيضاء',NULL,'active','2025-09-14 09:05:20','2025-09-14 09:05:20','00351933725771',NULL),(453,NULL,'محمد نورالدين','male',NULL,NULL,'نورالدين','0918787721','البيضاء',NULL,'active','2025-09-14 09:07:16','2025-09-14 09:07:16','00351933725771',NULL),(454,NULL,'سجى عبدالله عوض','female',NULL,NULL,'عبدالله عوض الشوبكى','0923794895','البيضاء',NULL,'active','2025-09-14 09:23:44','2025-09-16 05:30:41',NULL,'وصال جواد صالح'),(455,NULL,'يونس اسامه يونس','male',NULL,NULL,'اسامه يونس الشريف','0927281814','الطريق الدائرى',NULL,'active','2025-09-14 09:51:25','2025-09-14 09:51:25',NULL,'زاهيه خالد محمد'),(456,NULL,'خالد محمد خالد','male',NULL,NULL,'محمد خالد اقبيلى','0927281814','البيضاء',NULL,'active','2025-09-14 09:53:07','2025-09-14 09:53:07',NULL,'مقبوله مجيد ابراهيم'),(457,NULL,'نصرالله احمد جبر','male',NULL,NULL,'احمد جبر جبريل','0922224158','البيضاء - طريق الدائرى',NULL,'active','2025-09-14 10:04:43','2025-09-14 10:04:43','091020554','لجين فرج محمد'),(458,NULL,'وئام حسام سعد','female',NULL,NULL,'حسام سعد انيس','0912093376','البيضاء - قرب جامع معاذ',NULL,'active','2025-09-15 05:28:04','2025-09-15 05:28:04','0918780181','سهام فرج حمد'),(459,NULL,'حلا حسام سعد','female',NULL,NULL,'حسام سعد انيس','0912093376','البيضاء - قرب جامع معاذ',NULL,'active','2025-09-15 05:30:48','2025-09-15 05:30:48','0918780181','سهام فرج حمد'),(460,NULL,'أسيل حسام سعد','female',NULL,NULL,'حسام سعد انيس','0912093376','البيضاء - قرب جامع معاذ',NULL,'active','2025-09-15 05:42:18','2025-09-15 05:42:18','0918780181','سهام فرج حمد'),(461,NULL,'دانا امجد فتح الله','female',NULL,NULL,'امجد فتح الله سرقيوه','0918372241','شارع النسيم',NULL,'active','2025-09-15 06:20:51','2025-09-15 06:20:51',NULL,'سمية عبدالوهاب شلوف'),(462,NULL,'قيس سعد محمد','male',NULL,NULL,'سعد محمد بوشعاله','0915319930','الصفصاف',NULL,'active','2025-09-16 05:23:56','2025-09-16 05:23:56',NULL,'فوزية محمود سليمان'),(463,NULL,'المعتصم بالله انيس محمد','male',NULL,NULL,'انيس محمد محمد','0927197353','البيضاء - فيلات (300 )',NULL,'active','2025-09-16 05:26:08','2025-09-16 05:26:08',NULL,'امينة رزق احنيش'),(464,NULL,'جودي علي محمد','female',NULL,NULL,'علي محمد علي','09260069182','النسيم',NULL,'active','2025-09-16 05:29:25','2025-09-16 05:29:25',NULL,'شيماء محمد محمد'),(465,NULL,'رميساء المعتز احمد','female',NULL,NULL,'المعتز احمد محمد','0911708561','حى البسطاء - جامع السيدة خديجة',NULL,'active','2025-09-16 05:34:28','2025-09-16 05:34:28',NULL,'سارة ابراهيم محمد'),(466,'2423424','أكريم احمد اكريم','male','219700023356','Libyan','احمد اكريم سعيد','0928402910','خلف مدرسة التلال الذهبيه',NULL,'active','2025-09-16 05:46:35','2025-11-04 11:13:45',NULL,'روعه نصيب محمد'),(467,NULL,'مهند انيس محمد','male',NULL,NULL,'انيس محمد ادريس','0927197353','البيضاء - فيلات (300)',NULL,'active','2025-09-16 06:13:45','2025-09-16 06:13:45',NULL,'امينة رزق احنيش'),(468,NULL,'يزن فريد عبدالحميد','male',NULL,NULL,'فريد عبدالحميد عبدربه','0915679089','البيضاء',NULL,'active','2025-09-16 07:50:10','2025-09-16 07:50:10',NULL,'ايناس عبدالرحيم محمد'),(469,NULL,'الصالحين عمر فضل الله','male',NULL,NULL,'عمر فضل الله الصالحين','0925796053','البيضاء_الجنين',NULL,'active','2025-09-17 05:25:43','2025-09-17 05:25:43',NULL,'وفاء رمضان محمد'),(470,NULL,'خالد محمد خالد','male',NULL,NULL,'محمد خالد الشيخي','0943741164','شارع المستشفى',NULL,'active','2025-09-18 09:48:00','2025-09-18 09:48:00','0921052896','ناديه سعد محمود'),(471,NULL,'محمد احمد خالد','male',NULL,NULL,'احمد خالد','0929342310','ليبيا - البيضاء\r\nحي فاطمة الزهراء','tst','active','2025-11-03 17:09:53','2025-11-03 17:09:53','0920342310','حنين محمد');
/*!40000 ALTER TABLE `students` ENABLE KEYS */;
UNLOCK TABLES;

--
-- Table structure for table `subjects`
--

DROP TABLE IF EXISTS `subjects`;
/*!40101 SET @saved_cs_client     = @@character_set_client */;
/*!50503 SET character_set_client = utf8mb4 */;
CREATE TABLE `subjects` (
  `id` bigint(20) unsigned NOT NULL AUTO_INCREMENT,
  `name` varchar(255) NOT NULL,
  `stage_id` bigint(20) unsigned NOT NULL,
  `grade_id` bigint(20) unsigned DEFAULT NULL,
  `created_at` timestamp NULL DEFAULT NULL,
  `updated_at` timestamp NULL DEFAULT NULL,
  PRIMARY KEY (`id`),
  UNIQUE KEY `subjects_name_stage_id_grade_id_unique` (`name`,`stage_id`,`grade_id`),
  KEY `subjects_stage_id_foreign` (`stage_id`),
  KEY `subjects_grade_id_foreign` (`grade_id`),
  CONSTRAINT `subjects_grade_id_foreign` FOREIGN KEY (`grade_id`) REFERENCES `grades` (`id`) ON DELETE SET NULL,
  CONSTRAINT `subjects_stage_id_foreign` FOREIGN KEY (`stage_id`) REFERENCES `stages` (`id`) ON DELETE CASCADE
) ENGINE=InnoDB DEFAULT CHARSET=utf8mb4 COLLATE=utf8mb4_unicode_ci;
/*!40101 SET character_set_client = @saved_cs_client */;

--
-- Dumping data for table `subjects`
--

LOCK TABLES `subjects` WRITE;
/*!40000 ALTER TABLE `subjects` DISABLE KEYS */;
/*!40000 ALTER TABLE `subjects` ENABLE KEYS */;
UNLOCK TABLES;

--
-- Table structure for table `teacher_settlements`
--

DROP TABLE IF EXISTS `teacher_settlements`;
/*!40101 SET @saved_cs_client     = @@character_set_client */;
/*!50503 SET character_set_client = utf8mb4 */;
CREATE TABLE `teacher_settlements` (
  `id` bigint(20) unsigned NOT NULL AUTO_INCREMENT,
  `teacher_id` bigint(20) unsigned NOT NULL,
  `treasury_id` bigint(20) unsigned DEFAULT NULL,
  `total_lessons` int(10) unsigned NOT NULL DEFAULT 0,
  `session_price` decimal(12,2) NOT NULL DEFAULT 0.00,
  `calculated_amount` decimal(14,2) NOT NULL DEFAULT 0.00,
  `settled_amount` decimal(14,2) NOT NULL DEFAULT 0.00,
  `notes` text DEFAULT NULL,
  `created_by` bigint(20) unsigned DEFAULT NULL,
  `created_at` timestamp NULL DEFAULT NULL,
  `updated_at` timestamp NULL DEFAULT NULL,
  PRIMARY KEY (`id`),
  KEY `teacher_settlements_teacher_id_foreign` (`teacher_id`),
  KEY `teacher_settlements_created_by_foreign` (`created_by`),
  KEY `teacher_settlements_treasury_id_foreign` (`treasury_id`),
  CONSTRAINT `teacher_settlements_created_by_foreign` FOREIGN KEY (`created_by`) REFERENCES `users` (`id`) ON DELETE SET NULL,
  CONSTRAINT `teacher_settlements_teacher_id_foreign` FOREIGN KEY (`teacher_id`) REFERENCES `users` (`id`) ON DELETE CASCADE,
  CONSTRAINT `teacher_settlements_treasury_id_foreign` FOREIGN KEY (`treasury_id`) REFERENCES `treasuries` (`id`) ON DELETE SET NULL
) ENGINE=InnoDB AUTO_INCREMENT=2 DEFAULT CHARSET=utf8mb4 COLLATE=utf8mb4_unicode_ci;
/*!40101 SET character_set_client = @saved_cs_client */;

--
-- Dumping data for table `teacher_settlements`
--

LOCK TABLES `teacher_settlements` WRITE;
/*!40000 ALTER TABLE `teacher_settlements` DISABLE KEYS */;
INSERT INTO `teacher_settlements` VALUES (1,42,NULL,4,0.00,0.00,20.00,NULL,1,'2025-09-19 17:12:39','2025-09-19 17:12:39');
/*!40000 ALTER TABLE `teacher_settlements` ENABLE KEYS */;
UNLOCK TABLES;

--
-- Table structure for table `transaction_types`
--

DROP TABLE IF EXISTS `transaction_types`;
/*!40101 SET @saved_cs_client     = @@character_set_client */;
/*!50503 SET character_set_client = utf8mb4 */;
CREATE TABLE `transaction_types` (
  `id` bigint(20) unsigned NOT NULL AUTO_INCREMENT,
  `name` varchar(255) NOT NULL,
  `type` enum('deposit','withdrawal') NOT NULL,
  `for_system` tinyint(1) NOT NULL DEFAULT 0,
  `created_at` timestamp NULL DEFAULT NULL,
  `updated_at` timestamp NULL DEFAULT NULL,
  PRIMARY KEY (`id`)
) ENGINE=InnoDB AUTO_INCREMENT=32 DEFAULT CHARSET=utf8mb4 COLLATE=utf8mb4_unicode_ci;
/*!40101 SET character_set_client = @saved_cs_client */;

--
-- Dumping data for table `transaction_types`
--

LOCK TABLES `transaction_types` WRITE;
/*!40000 ALTER TABLE `transaction_types` DISABLE KEYS */;
INSERT INTO `transaction_types` VALUES (1,'رأس المال','deposit',1,'2025-09-07 08:04:29','2025-09-07 08:04:29'),(2,'إيداع من خزينة أخرى','deposit',1,'2025-09-07 08:04:29','2025-09-07 08:04:29'),(3,'تحويل من خزينة أخرى','deposit',1,'2025-09-07 08:04:29','2025-09-07 08:04:29'),(4,'استرداد مصروف','deposit',1,'2025-09-07 08:04:29','2025-09-07 08:04:29'),(5,'فوائد بنكية','deposit',1,'2025-09-07 08:04:29','2025-09-07 08:04:29'),(6,'أرباح استثمارية','deposit',1,'2025-09-07 08:04:29','2025-09-07 08:04:29'),(7,'تحويل إلى خزينة أخرى','withdrawal',1,'2025-09-07 08:04:29','2025-09-07 08:04:29'),(8,'سحب لخزينة أخرى','withdrawal',1,'2025-09-07 08:04:29','2025-09-07 08:04:29'),(9,'مصروفات إدارية','withdrawal',1,'2025-09-07 08:04:29','2025-09-07 08:04:29'),(10,'رواتب موظفين','withdrawal',1,'2025-09-07 08:04:29','2025-09-07 08:04:29'),(11,'رسوم بنكية','withdrawal',1,'2025-09-07 08:04:29','2025-09-07 08:04:29'),(12,'استثمارات','withdrawal',1,'2025-09-07 08:04:29','2025-09-07 08:04:29'),(13,'مبيعات نقدية','deposit',0,'2025-09-07 08:04:29','2025-09-07 08:04:29'),(14,'تحصيل ديون','deposit',0,'2025-09-07 08:04:29','2025-09-07 08:04:29'),(15,'إيرادات أخرى','deposit',0,'2025-09-07 08:04:29','2025-09-07 08:04:29'),(16,'هبات وتبرعات','deposit',0,'2025-09-07 08:04:29','2025-09-07 08:04:29'),(17,'إيرادات خدمات','deposit',0,'2025-09-07 08:04:29','2025-09-07 08:04:29'),(18,'مشتريات','withdrawal',0,'2025-09-07 08:04:29','2025-09-07 08:04:29'),(19,'مصروفات تشغيلية','withdrawal',0,'2025-09-07 08:04:29','2025-09-07 08:04:29'),(20,'صيانة وإصلاح','withdrawal',0,'2025-09-07 08:04:29','2025-09-07 08:04:29'),(21,'مواد مكتبية','withdrawal',0,'2025-09-07 08:04:29','2025-09-07 08:04:29'),(22,'مصروفات متنوعة','withdrawal',0,'2025-09-07 08:04:29','2025-09-07 08:04:29'),(23,'مصروفات نقل','withdrawal',0,'2025-09-07 08:04:29','2025-09-07 08:04:29'),(24,'مصروفات ضيافة','withdrawal',0,'2025-09-07 08:04:29','2025-09-07 08:04:29'),(25,'رواتب','withdrawal',1,'2025-09-07 08:04:29','2025-09-07 08:04:29'),(26,'تسوية حصص معلم','withdrawal',1,'2025-09-07 08:04:29','2025-09-07 08:04:29'),(27,'اقساط','withdrawal',1,'2025-09-12 13:56:25','2025-09-12 13:56:25'),(28,'استرجاع اقساط','deposit',0,'2025-09-12 13:56:39','2025-09-12 13:56:39'),(29,'رصيد موظف','withdrawal',1,'2025-09-19 17:10:03','2025-09-19 17:10:03'),(30,'سلفة موظف','withdrawal',1,'2025-10-07 11:52:13','2025-10-07 11:52:13'),(31,'إلغاء سلفة موظف','deposit',1,'2025-10-08 07:41:18','2025-10-08 07:41:18');
/*!40000 ALTER TABLE `transaction_types` ENABLE KEYS */;
UNLOCK TABLES;

--
-- Table structure for table `transactions`
--

DROP TABLE IF EXISTS `transactions`;
/*!40101 SET @saved_cs_client     = @@character_set_client */;
/*!50503 SET character_set_client = utf8mb4 */;
CREATE TABLE `transactions` (
  `id` bigint(20) unsigned NOT NULL AUTO_INCREMENT,
  `payee_name` varchar(255) NOT NULL,
  `amount` decimal(15,2) NOT NULL,
  `payment_method` enum('cash','credit_card','bank','check','mobile_payment') DEFAULT NULL COMMENT 'طريقة الدفع المستخدمة في المعاملة',
  `description` text DEFAULT NULL,
  `document_number` varchar(255) DEFAULT NULL,
  `transaction_type` enum('deposit','withdrawal') NOT NULL,
  `transaction_type_id` bigint(20) unsigned NOT NULL,
  `treasury_id` bigint(20) unsigned NOT NULL,
  `user_id` bigint(20) unsigned NOT NULL,
  `employee_id` bigint(20) unsigned DEFAULT NULL,
  `advance_id` bigint(20) unsigned DEFAULT NULL,
  `created_at` timestamp NULL DEFAULT NULL,
  `updated_at` timestamp NULL DEFAULT NULL,
  `treasury_transfer_id` bigint(20) unsigned DEFAULT NULL,
  `student_payment_id` bigint(20) unsigned DEFAULT NULL COMMENT 'الدفعة الدراسية المرتبطة بالمعاملة',
  PRIMARY KEY (`id`),
  KEY `transactions_transaction_type_id_foreign` (`transaction_type_id`),
  KEY `transactions_user_id_foreign` (`user_id`),
  KEY `transactions_treasury_id_transaction_type_index` (`treasury_id`,`transaction_type`),
  KEY `transactions_created_at_index` (`created_at`),
  KEY `transactions_treasury_transfer_id_foreign` (`treasury_transfer_id`),
  KEY `transactions_employee_id_index` (`employee_id`),
  KEY `transactions_advance_id_index` (`advance_id`),
  CONSTRAINT `transactions_advance_id_foreign` FOREIGN KEY (`advance_id`) REFERENCES `employee_advances` (`id`) ON DELETE CASCADE,
  CONSTRAINT `transactions_employee_id_foreign` FOREIGN KEY (`employee_id`) REFERENCES `users` (`id`) ON DELETE CASCADE,
  CONSTRAINT `transactions_transaction_type_id_foreign` FOREIGN KEY (`transaction_type_id`) REFERENCES `transaction_types` (`id`),
  CONSTRAINT `transactions_treasury_id_foreign` FOREIGN KEY (`treasury_id`) REFERENCES `treasuries` (`id`),
  CONSTRAINT `transactions_treasury_transfer_id_foreign` FOREIGN KEY (`treasury_transfer_id`) REFERENCES `treasury_transfers` (`id`) ON DELETE CASCADE,
  CONSTRAINT `transactions_user_id_foreign` FOREIGN KEY (`user_id`) REFERENCES `users` (`id`)
) ENGINE=InnoDB AUTO_INCREMENT=400 DEFAULT CHARSET=utf8mb4 COLLATE=utf8mb4_unicode_ci;
/*!40101 SET character_set_client = @saved_cs_client */;

--
-- Dumping data for table `transactions`
--

LOCK TABLES `transactions` WRITE;
/*!40000 ALTER TABLE `transactions` DISABLE KEYS */;
INSERT INTO `transactions` VALUES (1,'سعد بوشعالة',100.00,NULL,'دفعة قسط للطالب #34 قسط #34','3','deposit',27,1,1,NULL,NULL,'2025-09-12 20:41:58','2025-09-12 20:41:58',NULL,3),(2,'ناصر محمد بالقاسم',1800.00,NULL,'دفعة قسط للطالب #86 قسط #86','4','deposit',27,1,1,NULL,NULL,'2025-09-13 06:08:53','2025-09-13 06:08:53',NULL,4),(3,'محمد جبريل محمد',4500.00,NULL,'دفعة قسط للطالب #273 قسط #273','5','deposit',27,2,5,NULL,NULL,'2025-09-13 06:57:00','2025-09-13 06:57:00',NULL,5),(4,'محمد جبريل محمد',4500.00,NULL,'دفعة قسط للطالب #272 قسط #272','6','deposit',27,2,5,NULL,NULL,'2025-09-13 06:57:35','2025-09-13 06:57:35',NULL,6),(5,'محمد جبريل محمد',725.00,NULL,'دفعة قسط للطالب #273 قسط #479','7','deposit',27,2,5,NULL,NULL,'2025-09-13 07:01:00','2025-09-13 07:01:00',NULL,7),(6,'محمد جبريل محمد',725.00,NULL,'دفعة قسط للطالب #272 قسط #480','8','deposit',27,2,5,NULL,NULL,'2025-09-13 07:01:50','2025-09-13 07:01:50',NULL,8),(7,'محمد جبريل ابوبكر',5000.00,NULL,'دفعة قسط للطالب #358 قسط #357','9','deposit',27,2,5,NULL,NULL,'2025-09-13 07:24:42','2025-09-13 07:24:42',NULL,9),(8,'محمد جبريل ابوبكر',775.00,NULL,'دفعة قسط للطالب #358 قسط #481','10','deposit',27,2,5,NULL,NULL,'2025-09-13 07:25:37','2025-09-13 07:25:37',NULL,10),(9,'محمد جبريل ابوبكر',5000.00,NULL,'دفعة قسط للطالب #359 قسط #358','11','deposit',27,2,5,NULL,NULL,'2025-09-13 07:26:57','2025-09-13 07:26:57',NULL,11),(10,'محمد جبريل ابوبكر',775.00,NULL,'دفعة قسط للطالب #359 قسط #482','12','deposit',27,2,5,NULL,NULL,'2025-09-13 07:27:48','2025-09-13 07:27:48',NULL,12),(11,'حمود حسين يوسف',725.00,NULL,'دفعة قسط للطالب #287 قسط #483','13','deposit',27,2,5,NULL,NULL,'2025-09-13 07:30:57','2025-09-13 07:30:57',NULL,13),(12,'حمود حسين يوسف',775.00,NULL,'دفعة قسط للطالب #395 قسط #484','14','deposit',27,2,5,NULL,NULL,'2025-09-13 07:33:16','2025-09-13 07:33:16',NULL,14),(13,'حمود حسين يوسف',500.00,NULL,'دفعة قسط للطالب #287 قسط #287','15','deposit',27,2,5,NULL,NULL,'2025-09-13 07:33:47','2025-09-13 07:33:47',NULL,15),(14,'حمود حسين يوسف',500.00,NULL,'دفعة قسط للطالب #395 قسط #394','16','deposit',27,2,5,NULL,NULL,'2025-09-13 07:34:29','2025-09-13 07:34:29',NULL,16),(15,'عزت خلف الله حسن',500.00,NULL,'دفعة قسط للطالب #437 قسط #438','17','deposit',27,2,5,NULL,NULL,'2025-09-13 07:35:50','2025-09-13 07:35:50',NULL,17),(16,'عزت خلف الله حسن',765.00,NULL,'دفعة قسط للطالب #437 قسط #485','18','deposit',27,2,5,NULL,NULL,'2025-09-13 07:36:15','2025-09-13 07:36:15',NULL,18),(17,'عطية امهدي عطية',2225.00,NULL,'دفعة قسط للطالب #300 قسط #300','19','deposit',27,2,5,NULL,NULL,'2025-09-13 07:41:24','2025-09-13 07:41:24',NULL,19),(18,'عطية امهدي عطية',765.00,NULL,'دفعة قسط للطالب #300 قسط #486','20','deposit',27,2,5,NULL,NULL,'2025-09-13 07:42:23','2025-09-13 07:42:23',NULL,20),(19,'خالد احمد محمد',500.00,NULL,'دفعة قسط للطالب #341 قسط #340','21','deposit',27,2,5,NULL,NULL,'2025-09-13 07:42:58','2025-09-13 07:42:58',NULL,21),(20,'عاصم محمد اسماعيل',765.00,NULL,'دفعة قسط للطالب #377 قسط #487','22','deposit',27,2,5,NULL,NULL,'2025-09-13 07:47:04','2025-09-13 07:47:04',NULL,22),(21,'عاصم محمد اسماعيل',775.00,NULL,'دفعة قسط للطالب #399 قسط #488','23','deposit',27,2,5,NULL,NULL,'2025-09-13 07:47:50','2025-09-13 07:47:50',NULL,23),(22,'عاصم محمد اسماعيل',500.00,NULL,'دفعة قسط للطالب #377 قسط #376','24','deposit',27,2,5,NULL,NULL,'2025-09-13 07:48:28','2025-09-13 07:48:28',NULL,24),(23,'عاصم محمد اسماعيل',500.00,NULL,'دفعة قسط للطالب #399 قسط #398','25','deposit',27,2,5,NULL,NULL,'2025-09-13 07:48:54','2025-09-13 07:48:54',NULL,25),(24,'احمد  هارون محمد',2225.00,NULL,'دفعة قسط للطالب #298 قسط #298','26','deposit',27,2,5,NULL,NULL,'2025-09-13 07:52:07','2025-09-13 07:52:07',NULL,26),(25,'احمد  هارون محمد',765.00,NULL,'دفعة قسط للطالب #298 قسط #489','27','deposit',27,2,5,NULL,NULL,'2025-09-13 07:52:37','2025-09-13 07:52:37',NULL,27),(26,'مصطفى تيسير خليل',765.00,NULL,'دفعة قسط للطالب #382 قسط #490','28','deposit',27,2,5,NULL,NULL,'2025-09-13 07:54:32','2025-09-13 07:54:32',NULL,28),(27,'محمد تيسير السحار',750.00,NULL,'دفعة قسط للطالب #338 قسط #491','29','deposit',27,2,5,NULL,NULL,'2025-09-13 07:55:49','2025-09-13 07:55:49',NULL,29),(28,'إيهاب تيسير السحار',750.00,NULL,'دفعة قسط للطالب #329 قسط #492','30','deposit',27,2,5,NULL,NULL,'2025-09-13 07:56:26','2025-09-13 07:56:26',NULL,30),(29,'مصطفى تيسير خليل',2000.00,NULL,'دفعة قسط للطالب #382 قسط #381','31','deposit',27,2,5,NULL,NULL,'2025-09-13 07:57:13','2025-09-13 07:57:13',NULL,31),(30,'محمد تيسير السحار',2000.00,NULL,'دفعة قسط للطالب #338 قسط #337','32','deposit',27,2,5,NULL,NULL,'2025-09-13 08:04:40','2025-09-13 08:04:40',NULL,32),(31,'إيهاب تيسير السحار',2000.00,NULL,'دفعة قسط للطالب #329 قسط #329','33','deposit',27,2,5,NULL,NULL,'2025-09-13 08:05:54','2025-09-13 08:05:54',NULL,33),(32,'ناجح خليفة بوبكر',500.00,NULL,'دفعة قسط للطالب #269 قسط #269','34','deposit',27,2,5,NULL,NULL,'2025-09-13 08:07:23','2025-09-13 08:07:23',NULL,34),(33,'ناجح خليفة بوبكر',725.00,NULL,'دفعة قسط للطالب #269 قسط #493','35','deposit',27,2,5,NULL,NULL,'2025-09-13 08:07:49','2025-09-13 08:07:49',NULL,35),(34,'ناجح خليفة بوبكر',500.00,NULL,'دفعة قسط للطالب #400 قسط #399','36','deposit',27,2,5,NULL,NULL,'2025-09-13 08:09:33','2025-09-13 08:09:33',NULL,36),(35,'ناجح خليفة بوبكر',770.00,NULL,'دفعة قسط للطالب #400 قسط #494','37','deposit',27,2,5,NULL,NULL,'2025-09-13 08:10:15','2025-09-13 08:10:15',NULL,37),(36,'ابراهيم السنوسى احمد',500.00,NULL,'دفعة قسط للطالب #293 قسط #293','38','deposit',27,2,5,NULL,NULL,'2025-09-13 08:11:49','2025-09-13 08:11:49',NULL,38),(37,'ابراهيم السنوسى احمد',725.00,NULL,'دفعة قسط للطالب #293 قسط #495','39','deposit',27,2,5,NULL,NULL,'2025-09-13 08:12:15','2025-09-13 08:12:15',NULL,39),(38,'محمد علي بوجلدين',455.00,NULL,'دفعة قسط للطالب #384 قسط #383','40','deposit',27,2,5,NULL,NULL,'2025-09-13 08:13:36','2025-09-13 08:13:36',NULL,40),(39,'محمد علي بوجلدين',765.00,NULL,'دفعة قسط للطالب #384 قسط #496','41','deposit',27,2,5,NULL,NULL,'2025-09-13 08:14:11','2025-09-13 08:14:11',NULL,41),(40,'علي بالحسن عبدالنبي',775.00,NULL,'دفعة قسط للطالب #374 قسط #497','42','deposit',27,2,5,NULL,NULL,'2025-09-13 08:16:16','2025-09-13 08:16:16',NULL,42),(41,'علي حسن عبد النبي',775.00,NULL,'دفعة قسط للطالب #402 قسط #498','43','deposit',27,2,5,NULL,NULL,'2025-09-13 08:17:00','2025-09-13 08:17:00',NULL,43),(42,'علي حسن عبد النبي',773.00,NULL,'استرجاع مبلغ من قسط للطالب #402 قسط #498','44','withdrawal',28,2,5,NULL,NULL,'2025-09-13 08:17:59','2025-09-13 08:17:59',NULL,NULL),(43,'علي حسن عبد النبي',773.00,NULL,'دفعة قسط للطالب #402 قسط #498','45','deposit',27,2,5,NULL,NULL,'2025-09-13 08:22:59','2025-09-13 08:22:59',NULL,45),(44,'عبدالباسط عبدالله محمد',500.00,NULL,'دفعة قسط للطالب #296 قسط #296','46','deposit',27,2,5,NULL,NULL,'2025-09-13 08:42:49','2025-09-13 08:42:49',NULL,46),(45,'عبدالباسط عبدالله محمد',765.00,NULL,'دفعة قسط للطالب #296 قسط #499','47','deposit',27,2,5,NULL,NULL,'2025-09-13 08:43:22','2025-09-13 08:43:22',NULL,47),(46,'ايهاب شحات الفوال',500.00,NULL,'دفعة قسط للطالب #419 قسط #420','48','deposit',27,2,5,NULL,NULL,'2025-09-13 08:44:30','2025-09-13 08:44:30',NULL,48),(47,'ايهاب شحات الفوال',500.00,NULL,'دفعة قسط للطالب #319 قسط #319','49','deposit',27,2,5,NULL,NULL,'2025-09-13 08:45:03','2025-09-13 08:45:03',NULL,49),(48,'ايهاب شحات الفوال',750.00,NULL,'دفعة قسط للطالب #319 قسط #500','50','deposit',27,2,5,NULL,NULL,'2025-09-13 08:45:46','2025-09-13 08:45:46',NULL,50),(49,'على ابوبكر فرج',765.00,NULL,'دفعة قسط للطالب #441 قسط #501','51','deposit',27,2,5,NULL,NULL,'2025-09-13 08:47:05','2025-09-13 08:47:05',NULL,51),(50,'على ابوبكر فرج',775.00,NULL,'دفعة قسط للطالب #442 قسط #502','52','deposit',27,2,5,NULL,NULL,'2025-09-13 08:48:10','2025-09-13 08:48:10',NULL,52),(51,'على ابوبكر فرج',860.00,NULL,'دفعة قسط للطالب #418 قسط #417','53','deposit',27,2,5,NULL,NULL,'2025-09-13 08:52:56','2025-09-13 08:52:56',NULL,53),(52,'على ابوبكر فرج',500.00,NULL,'دفعة قسط للطالب #441 قسط #442','54','deposit',27,2,5,NULL,NULL,'2025-09-13 08:53:37','2025-09-13 08:53:37',NULL,54),(53,'على ابوبكر فرج',500.00,NULL,'دفعة قسط للطالب #442 قسط #443','55','deposit',27,2,5,NULL,NULL,'2025-09-13 08:54:12','2025-09-13 08:54:12',NULL,55),(54,'امين عبده محمد',500.00,NULL,'دفعة قسط للطالب #427 قسط #428','56','deposit',27,2,5,NULL,NULL,'2025-09-13 08:55:25','2025-09-13 08:55:25',NULL,56),(55,'امين عبده محمد',725.00,NULL,'دفعة قسط للطالب #427 قسط #503','57','deposit',27,2,5,NULL,NULL,'2025-09-13 08:55:58','2025-09-13 08:55:58',NULL,57),(56,'محمد التهامى الشناوى',500.00,NULL,'دفعة قسط للطالب #429 قسط #430','58','deposit',27,2,5,NULL,NULL,'2025-09-13 08:57:11','2025-09-13 08:57:11',NULL,58),(57,'محمد التهامى الشناوى',725.00,NULL,'دفعة قسط للطالب #429 قسط #504','59','deposit',27,2,5,NULL,NULL,'2025-09-13 08:58:12','2025-09-13 08:58:12',NULL,59),(58,'عبد الاله محمود محمد',500.00,NULL,'دفعة قسط للطالب #383 قسط #382','60','deposit',27,2,5,NULL,NULL,'2025-09-13 09:03:27','2025-09-13 09:03:27',NULL,60),(59,'خالد محمد برو',725.00,NULL,'دفعة قسط للطالب #278 قسط #505','61','deposit',27,3,3,NULL,NULL,'2025-09-13 09:13:46','2025-09-13 09:13:46',NULL,61),(60,'محمود بشير الهادي',500.00,NULL,'دفعة قسط للطالب #253 قسط #253','62','deposit',27,3,3,NULL,NULL,'2025-09-13 09:14:42','2025-09-13 09:14:42',NULL,62),(61,'جواد صالح وهب',500.00,NULL,'دفعة قسط للطالب #415 قسط #414','63','deposit',27,3,3,NULL,NULL,'2025-09-13 09:15:24','2025-09-13 09:15:24',NULL,63),(62,'جواد صالح وهب',500.00,NULL,'دفعة قسط للطالب #417 قسط #416','64','deposit',27,3,3,NULL,NULL,'2025-09-13 09:15:59','2025-09-13 09:15:59',NULL,64),(63,'جواد صالح وهب',750.00,NULL,'دفعة قسط للطالب #417 قسط #506','65','deposit',27,3,3,NULL,NULL,'2025-09-13 09:16:33','2025-09-13 09:16:33',NULL,65),(64,'محمد طاهر السياف',775.00,NULL,'دفعة قسط للطالب #372 قسط #507','66','deposit',27,3,3,NULL,NULL,'2025-09-13 09:23:39','2025-09-13 09:23:39',NULL,66),(65,'محمد طاهر ابراهيم',765.00,NULL,'دفعة قسط للطالب #289 قسط #508','67','deposit',27,3,3,NULL,NULL,'2025-09-13 09:25:25','2025-09-13 09:25:25',NULL,67),(66,'عبدالسلام فرج المبرى',750.00,NULL,'دفعة قسط للطالب #339 قسط #509','68','deposit',27,3,3,NULL,NULL,'2025-09-13 09:26:22','2025-09-13 09:26:22',NULL,68),(67,'حافظ محمود عبدالهادي',75.00,NULL,'دفعة قسط للطالب #394 قسط #512','69','deposit',27,1,1,NULL,NULL,'2025-09-13 09:41:31','2025-09-13 09:41:31',NULL,69),(68,'طارق عبدالسلام ادريس',500.00,NULL,'دفعة قسط للطالب #443 قسط #510','70','deposit',27,3,3,NULL,NULL,'2025-09-13 09:42:47','2025-09-13 09:42:47',NULL,70),(69,'طارق عبدالسلام ادريس',750.00,NULL,'دفعة قسط للطالب #443 قسط #513','71','deposit',27,3,3,NULL,NULL,'2025-09-13 09:44:24','2025-09-13 09:44:24',NULL,71),(70,'طارق عبدالسلام ادريس',500.00,NULL,'دفعة قسط للطالب #364 قسط #363','72','deposit',27,3,3,NULL,NULL,'2025-09-13 09:46:07','2025-09-13 09:46:07',NULL,72),(71,'طارق عبدالسلام ادريس',775.00,NULL,'دفعة قسط للطالب #364 قسط #514','73','deposit',27,3,3,NULL,NULL,'2025-09-13 09:46:57','2025-09-13 09:46:57',NULL,73),(72,'طارق عبدالسلام ادريس',500.00,NULL,'دفعة قسط للطالب #444 قسط #511','74','deposit',27,3,3,NULL,NULL,'2025-09-13 09:49:08','2025-09-13 09:49:08',NULL,74),(73,'طارق عبدالسلام ادريس',725.00,NULL,'دفعة قسط للطالب #444 قسط #515','75','deposit',27,3,3,NULL,NULL,'2025-09-13 09:49:43','2025-09-13 09:49:43',NULL,75),(74,'عبد الباسط بوجلدين',725.00,NULL,'دفعة قسط للطالب #242 قسط #516','76','deposit',27,3,3,NULL,NULL,'2025-09-13 09:51:02','2025-09-13 09:51:02',NULL,76),(75,'عبد الباسط بوجلدين',500.00,NULL,'دفعة قسط للطالب #242 قسط #242','77','deposit',27,3,3,NULL,NULL,'2025-09-13 09:51:38','2025-09-13 09:51:38',NULL,77),(76,'عبدالله موسي عبدالرحمن',500.00,NULL,'دفعة قسط للطالب #346 قسط #345','78','deposit',27,3,3,NULL,NULL,'2025-09-13 09:52:55','2025-09-13 09:52:55',NULL,78),(77,'عبدالله موسي عبدالرحمن',750.00,NULL,'دفعة قسط للطالب #346 قسط #517','79','deposit',27,3,3,NULL,NULL,'2025-09-13 09:53:31','2025-09-13 09:53:31',NULL,79),(78,'اكرم رابح سعيد',300.00,NULL,'دفعة قسط للطالب #277 قسط #277','80','deposit',27,3,3,NULL,NULL,'2025-09-13 09:54:11','2025-09-13 09:54:11',NULL,80),(79,'عبدالهادى جمعه عبدالهادى',500.00,NULL,'دفعة قسط للطالب #349 قسط #348','81','deposit',27,3,3,NULL,NULL,'2025-09-13 09:56:24','2025-09-13 09:56:24',NULL,81),(80,'امساعد محمد محمد',500.00,NULL,'دفعة قسط للطالب #271 قسط #271','82','deposit',27,1,1,NULL,NULL,'2025-09-13 09:57:53','2025-09-13 09:57:53',NULL,82),(81,'امساعد محمد محمد',500.00,NULL,'دفعة قسط للطالب #291 قسط #291','83','deposit',27,1,1,NULL,NULL,'2025-09-13 09:58:25','2025-09-13 09:58:25',NULL,83),(82,'سراج مسعود الزنتاني',2000.00,NULL,'دفعة قسط للطالب #276 قسط #276','84','deposit',27,1,1,NULL,NULL,'2025-09-13 09:59:21','2025-09-13 09:59:21',NULL,84),(83,'عماد محمود مصطفى',500.00,NULL,'دفعة قسط للطالب #445 قسط #518','85','deposit',27,3,3,NULL,NULL,'2025-09-13 10:04:14','2025-09-13 10:04:14',NULL,85),(84,'علي محمد البكوش',2500.00,NULL,'دفعة قسط للطالب #392 قسط #391','86','deposit',27,3,3,NULL,NULL,'2025-09-13 10:05:58','2025-09-13 10:05:58',NULL,86),(85,'علي محمد البكوش',775.00,NULL,'دفعة قسط للطالب #392 قسط #519','87','deposit',27,3,3,NULL,NULL,'2025-09-13 10:06:43','2025-09-13 10:06:43',NULL,87),(86,'عزت خلف الله حسن',2000.00,NULL,'دفعة قسط للطالب #437 قسط #438','88','deposit',27,3,3,NULL,NULL,'2025-09-13 10:17:23','2025-09-13 10:17:23',NULL,88),(87,'عزت خلف الله حسن',725.00,NULL,'دفعة قسط للطالب #436 قسط #437','89','deposit',27,3,3,NULL,NULL,'2025-09-13 10:19:19','2025-09-13 10:19:19',NULL,89),(88,'عزت خلف الله حسن',775.00,NULL,'دفعة قسط للطالب #436 قسط #520','90','deposit',27,3,3,NULL,NULL,'2025-09-13 10:19:40','2025-09-13 10:19:40',NULL,90),(89,'حسين صالح احمد',765.00,NULL,'دفعة قسط للطالب #305 قسط #521','91','deposit',27,3,3,NULL,NULL,'2025-09-13 10:20:29','2025-09-13 10:20:29',NULL,91),(90,'عاشور عبدالرحيم يونس',775.00,NULL,'دفعة قسط للطالب #355 قسط #522','92','deposit',27,3,3,NULL,NULL,'2025-09-13 10:21:36','2025-09-13 10:21:36',NULL,92),(91,'عبدالعاطي موسى عقيلة',200.00,NULL,'دفعة قسط للطالب #2 قسط #2','93','deposit',27,3,3,NULL,NULL,'2025-09-13 12:18:02','2025-09-13 12:18:02',NULL,93),(92,'خالد اغفير محمد',1000.00,NULL,'دفعة قسط للطالب #231 قسط #231','94','deposit',27,3,3,NULL,NULL,'2025-09-13 12:18:51','2025-09-13 12:18:51',NULL,94),(93,'خالد اغفير حسن',200.00,NULL,'دفعة قسط للطالب #84 قسط #84','95','deposit',27,3,3,NULL,NULL,'2025-09-13 12:19:46','2025-09-13 12:19:46',NULL,95),(94,'خالد اغفير محمد',200.00,NULL,'دفعة قسط للطالب #89 قسط #89','96','deposit',27,3,3,NULL,NULL,'2025-09-13 12:20:20','2025-09-13 12:20:20',NULL,96),(95,'فتحي عبدالسلام سعد',200.00,NULL,'دفعة قسط للطالب #302 قسط #302','97','deposit',27,3,3,NULL,NULL,'2025-09-13 12:21:13','2025-09-13 12:21:13',NULL,97),(96,'عزالدين محمد عبدالواحد',500.00,NULL,'دفعة قسط للطالب #393 قسط #392','98','deposit',27,3,3,NULL,NULL,'2025-09-13 12:22:38','2025-09-13 12:22:38',NULL,98),(97,'عزالدين محمد عبدالواحد',775.00,NULL,'دفعة قسط للطالب #393 قسط #523','99','deposit',27,3,3,NULL,NULL,'2025-09-13 12:23:15','2025-09-13 12:23:15',NULL,99),(98,'عزالدين محمد عبدالواحد',500.00,NULL,'دفعة قسط للطالب #353 قسط #352','100','deposit',27,3,3,NULL,NULL,'2025-09-13 12:23:58','2025-09-13 12:23:58',NULL,100),(99,'عزالدين محمد عبدالواحد',775.00,NULL,'دفعة قسط للطالب #353 قسط #524','101','deposit',27,3,3,NULL,NULL,'2025-09-13 12:24:27','2025-09-13 12:24:27',NULL,101),(100,'عادل ادريس محمد',500.00,NULL,'دفعة قسط للطالب #322 قسط #322','102','deposit',27,3,3,NULL,NULL,'2025-09-13 12:25:27','2025-09-13 12:25:27',NULL,102),(101,'عادل ادريس محمد',750.00,NULL,'دفعة قسط للطالب #322 قسط #525','103','deposit',27,3,3,NULL,NULL,'2025-09-13 12:26:00','2025-09-13 12:26:00',NULL,103),(102,'سليم ابراهيم ابراهيم',1000.00,NULL,'دفعة قسط للطالب #285 قسط #285','104','deposit',27,3,3,NULL,NULL,'2025-09-13 12:27:35','2025-09-13 12:27:35',NULL,104),(103,'سليم ابراهيم ابراهيم',1000.00,NULL,'دفعة قسط للطالب #286 قسط #286','105','deposit',27,3,3,NULL,NULL,'2025-09-13 12:28:12','2025-09-13 12:28:12',NULL,105),(104,'علي الكوني عبدالله',765.00,NULL,'دفعة قسط للطالب #376 قسط #526','106','deposit',27,3,3,NULL,NULL,'2025-09-13 12:31:23','2025-09-13 12:31:23',NULL,106),(105,'علي الكوني عبدالله',775.00,NULL,'دفعة قسط للطالب #388 قسط #527','107','deposit',27,3,3,NULL,NULL,'2025-09-13 12:32:10','2025-09-13 12:32:10',NULL,107),(106,'احمد خليفه حمد',500.00,NULL,'دفعة قسط للطالب #325 قسط #325','108','deposit',27,3,3,NULL,NULL,'2025-09-13 12:33:10','2025-09-13 12:33:10',NULL,108),(107,'احمد خليفه حمد',750.00,NULL,'دفعة قسط للطالب #325 قسط #528','109','deposit',27,3,3,NULL,NULL,'2025-09-13 12:33:53','2025-09-13 12:33:53',NULL,109),(108,'علي عبدالسميع الجرارى',500.00,NULL,'دفعة قسط للطالب #340 قسط #339','110','deposit',27,3,3,NULL,NULL,'2025-09-13 12:34:56','2025-09-13 12:34:56',NULL,110),(109,'علي عبدالسميع الجراري',500.00,NULL,'دفعة قسط للطالب #365 قسط #364','111','deposit',27,3,3,NULL,NULL,'2025-09-13 12:35:33','2025-09-13 12:35:33',NULL,111),(110,'علي عبدالسميع الجراري',775.00,NULL,'دفعة قسط للطالب #365 قسط #529','112','deposit',27,3,3,NULL,NULL,'2025-09-13 12:37:21','2025-09-13 12:37:21',NULL,112),(111,'علي عبدالسميع الجرارى',750.00,NULL,'دفعة قسط للطالب #340 قسط #530','113','deposit',27,3,3,NULL,NULL,'2025-09-13 12:38:14','2025-09-13 12:38:14',NULL,113),(112,'حسين احمد صالح',2250.00,NULL,'دفعة قسط للطالب #266 قسط #266','114','deposit',27,3,3,NULL,NULL,'2025-09-13 12:39:39','2025-09-13 12:39:39',NULL,114),(113,'حسين احمد صالح',725.00,NULL,'دفعة قسط للطالب #266 قسط #531','115','deposit',27,3,3,NULL,NULL,'2025-09-13 12:40:15','2025-09-13 12:40:15',NULL,115),(114,'هشام عبدالله عطيه',500.00,NULL,'دفعة قسط للطالب #420 قسط #421','116','deposit',27,3,3,NULL,NULL,'2025-09-13 12:41:34','2025-09-13 12:41:34',NULL,116),(115,'هشام عبدالله عطيه',725.00,NULL,'دفعة قسط للطالب #420 قسط #532','117','deposit',27,3,3,NULL,NULL,'2025-09-13 12:42:19','2025-09-13 12:42:19',NULL,117),(116,'حمزة فرج ابوبكر',200.00,NULL,'دفعة قسط للطالب #204 قسط #204','118','deposit',27,3,3,NULL,NULL,'2025-09-13 12:43:39','2025-09-13 12:43:39',NULL,118),(117,'حمزة فرج عبدالرحمن',200.00,NULL,'دفعة قسط للطالب #41 قسط #41','119','deposit',27,3,3,NULL,NULL,'2025-09-13 12:45:52','2025-09-13 12:45:52',NULL,119),(118,'حمزة فرج بوبكر',200.00,NULL,'دفعة قسط للطالب #178 قسط #178','120','deposit',27,3,3,NULL,NULL,'2025-09-13 12:48:28','2025-09-13 12:48:28',NULL,120),(119,'هيثم صفوان الحميدي',1225.00,NULL,'دفعة قسط للطالب #369 قسط #368','121','deposit',27,3,3,NULL,NULL,'2025-09-13 12:51:03','2025-09-13 12:51:03',NULL,121),(120,'هيثم صفوان الحميدي',775.00,NULL,'دفعة قسط للطالب #369 قسط #533','122','deposit',27,3,3,NULL,NULL,'2025-09-13 12:51:31','2025-09-13 12:51:31',NULL,122),(121,'هيثم صفوان الحميدي',1000.00,NULL,'دفعة قسط للطالب #33 قسط #33','123','deposit',27,3,3,NULL,NULL,'2025-09-13 12:52:11','2025-09-13 12:52:11',NULL,123),(122,'عبدالقادر محمد الاجطل',760.00,NULL,'دفعة قسط للطالب #351 قسط #534','124','deposit',27,3,3,NULL,NULL,'2025-09-13 12:53:42','2025-09-13 12:53:42',NULL,124),(123,'على على حسين',1750.00,NULL,'دفعة قسط للطالب #424 قسط #425','125','deposit',27,3,3,NULL,NULL,'2025-09-13 12:54:37','2025-09-13 12:54:37',NULL,125),(124,'حافظ محمود عبدالهادي',765.00,NULL,'دفعة قسط للطالب #380 قسط #535','126','deposit',27,3,3,NULL,NULL,'2025-09-13 12:56:01','2025-09-13 12:56:01',NULL,126),(125,'حافظ محمود عبدالهادي',775.00,NULL,'دفعة قسط للطالب #394 قسط #536','127','deposit',27,3,3,NULL,NULL,'2025-09-13 12:57:12','2025-09-13 12:57:12',NULL,127),(126,'خلدون خالد زهير',200.00,NULL,'دفعة قسط للطالب #87 قسط #87','128','deposit',27,3,3,NULL,NULL,'2025-09-13 12:59:19','2025-09-13 12:59:19',NULL,128),(127,'امساعد محمد محمد',725.00,NULL,'دفعة قسط للطالب #271 قسط #537','129','deposit',27,3,3,NULL,NULL,'2025-09-13 13:00:36','2025-09-13 13:00:36',NULL,129),(128,'امساعد محمد محمد',765.00,NULL,'دفعة قسط للطالب #291 قسط #538','130','deposit',27,3,3,NULL,NULL,'2025-09-13 13:01:44','2025-09-13 13:01:44',NULL,130),(129,'عزت خلف الله حسن',1000.00,NULL,'دفعة قسط للطالب #436 قسط #437','131','deposit',27,3,3,NULL,NULL,'2025-09-13 13:02:35','2025-09-13 13:02:35',NULL,131),(130,'رافع عبدالله عبدالله',200.00,NULL,'دفعة قسط للطالب #155 قسط #155','132','deposit',27,3,3,NULL,NULL,'2025-09-13 13:03:45','2025-09-13 13:03:45',NULL,132),(131,'رافع عبدالله عبدالله',200.00,NULL,'دفعة قسط للطالب #58 قسط #58','133','deposit',27,3,3,NULL,NULL,'2025-09-13 13:04:33','2025-09-13 13:04:33',NULL,133),(132,'رافع عبدالله عبدالله',200.00,NULL,'دفعة قسط للطالب #114 قسط #114','134','deposit',27,3,3,NULL,NULL,'2025-09-13 13:05:07','2025-09-13 13:05:07',NULL,134),(133,'رافع عبدالله عبدالله',200.00,NULL,'دفعة قسط للطالب #29 قسط #29','135','deposit',27,3,3,NULL,NULL,'2025-09-13 13:05:39','2025-09-13 13:05:39',NULL,135),(134,'معتز عبدالوهاب علي',800.00,NULL,'دفعة قسط للطالب #229 قسط #229','136','deposit',27,3,3,NULL,NULL,'2025-09-13 13:06:18','2025-09-13 13:06:18',NULL,136),(135,'نورالدين جمعه بدر',1000.00,NULL,'دفعة قسط للطالب #238 قسط #238','137','deposit',27,3,3,NULL,NULL,'2025-09-13 13:07:26','2025-09-13 13:07:26',NULL,137),(136,'نورالدين جمعه بدر',1000.00,NULL,'دفعة قسط للطالب #239 قسط #239','138','deposit',27,3,3,NULL,NULL,'2025-09-13 13:08:31','2025-09-13 13:08:31',NULL,138),(137,'سعد بوشعالة',850.00,NULL,'دفعة قسط للطالب #34 قسط #418','139','deposit',27,1,1,NULL,NULL,'2025-09-13 13:08:31','2025-09-13 13:08:31',NULL,139),(138,'نورالدين جمعه بدر',1000.00,NULL,'دفعة قسط للطالب #241 قسط #241','140','deposit',27,3,3,NULL,NULL,'2025-09-13 13:09:05','2025-09-13 13:09:05',NULL,140),(139,'سعد بوشعالة',4900.00,NULL,'دفعة قسط للطالب #34 قسط #34','141','deposit',27,1,1,NULL,NULL,'2025-09-13 13:09:38','2025-09-13 13:09:38',NULL,141),(140,'علي محمد علي',500.00,NULL,'دفعة قسط للطالب #368 قسط #367','142','deposit',27,3,3,NULL,NULL,'2025-09-13 13:11:21','2025-09-13 13:11:21',NULL,142),(141,'علي محمد علي',775.00,NULL,'دفعة قسط للطالب #368 قسط #539','143','deposit',27,3,3,NULL,NULL,'2025-09-13 13:11:43','2025-09-13 13:11:43',NULL,143),(142,'مؤيد محمد طاهر',2250.00,NULL,'دفعة قسط للطالب #289 قسط #289','144','deposit',27,3,3,NULL,NULL,'2025-09-13 14:51:56','2025-09-13 14:51:56',NULL,144),(143,'اياد محمد طاهر',2500.00,NULL,'دفعة قسط للطالب #372 قسط #371','145','deposit',27,3,3,NULL,NULL,'2025-09-13 14:52:26','2025-09-13 14:52:26',NULL,145),(144,'جوري ميلود امحمد',200.00,NULL,'دفعة قسط للطالب #127 قسط #127','146','deposit',27,3,3,NULL,NULL,'2025-09-13 14:53:24','2025-09-13 14:53:24',NULL,146),(145,'ابوبكر جمال ابوبكر',775.00,NULL,'دفعة قسط للطالب #390 قسط #540','147','deposit',27,3,3,NULL,NULL,'2025-09-13 14:58:14','2025-09-13 14:58:14',NULL,147),(146,'اياد علي عطية',200.00,NULL,'دفعة قسط للطالب #10 قسط #10','148','deposit',27,3,3,NULL,NULL,'2025-09-13 14:59:22','2025-09-13 14:59:22',NULL,148),(147,'احمد علي عطيه الله',200.00,NULL,'دفعة قسط للطالب #267 قسط #267','149','deposit',27,3,3,NULL,NULL,'2025-09-13 15:01:33','2025-09-13 15:01:33',NULL,149),(148,'مريم رمضان مفتاح',100.00,NULL,'دفعة قسط للطالب #223 قسط #223','150','deposit',27,3,3,NULL,NULL,'2025-09-13 15:02:42','2025-09-13 15:02:42',NULL,150),(149,'مفتاح رمضان مفتاح',100.00,NULL,'دفعة قسط للطالب #246 قسط #246','151','deposit',27,3,3,NULL,NULL,'2025-09-13 15:03:37','2025-09-13 15:03:37',NULL,151),(150,'ناصف رمضان مفتاح',100.00,NULL,'دفعة قسط للطالب #247 قسط #247','152','deposit',27,3,3,NULL,NULL,'2025-09-13 15:04:12','2025-09-13 15:04:12',NULL,152),(151,'احمد على الناجى',1925.00,NULL,'دفعة قسط للطالب #423 قسط #424','153','deposit',27,3,3,NULL,NULL,'2025-09-13 15:05:51','2025-09-13 15:05:51',NULL,153),(152,'جود ايهم نضال',200.00,NULL,'دفعة قسط للطالب #113 قسط #113','154','deposit',27,3,3,NULL,NULL,'2025-09-13 15:06:36','2025-09-13 15:06:36',NULL,154),(153,'سرمد ايهم نضال',200.00,NULL,'دفعة قسط للطالب #173 قسط #173','155','deposit',27,3,3,NULL,NULL,'2025-09-13 15:07:03','2025-09-13 15:07:03',NULL,155),(154,'قيس عادل فرج',1750.00,NULL,'دفعة قسط للطالب #421 قسط #422','156','deposit',27,3,3,NULL,NULL,'2025-09-13 15:07:51','2025-09-13 15:07:51',NULL,156),(155,'أمير اهويدى عبدالنبى',1000.00,NULL,'دفعة قسط للطالب #283 قسط #283','157','deposit',27,3,3,NULL,NULL,'2025-09-13 15:09:05','2025-09-13 15:09:05',NULL,157),(156,'حور اهويدى عبدالنبى',800.00,NULL,'دفعة قسط للطالب #224 قسط #224','158','deposit',27,3,3,NULL,NULL,'2025-09-13 15:09:36','2025-09-13 15:09:36',NULL,158),(157,'ساجدة امجد مفتاح',750.00,NULL,'دفعة قسط للطالب #8 قسط #8','159','deposit',27,3,3,NULL,NULL,'2025-09-13 15:10:51','2025-09-13 15:10:51',NULL,159),(158,'لين احمد صتالح',1000.00,NULL,'دفعة قسط للطالب #103 قسط #103','160','deposit',27,3,3,NULL,NULL,'2025-09-13 15:12:10','2025-09-13 15:12:10',NULL,160),(159,'تالية سعد فرج',800.00,NULL,'دفعة قسط للطالب #45 قسط #45','161','deposit',27,3,3,NULL,NULL,'2025-09-13 15:13:17','2025-09-13 15:13:17',NULL,161),(160,'تيم سعد فرج',800.00,NULL,'دفعة قسط للطالب #145 قسط #145','162','deposit',27,3,3,NULL,NULL,'2025-09-13 15:13:45','2025-09-13 15:13:45',NULL,162),(161,'تميم سعد فرج',800.00,NULL,'دفعة قسط للطالب #216 قسط #216','163','deposit',27,3,3,NULL,NULL,'2025-09-13 15:14:16','2025-09-13 15:14:16',NULL,163),(162,'عائشه محمد رجب',200.00,NULL,'دفعة قسط للطالب #295 قسط #295','164','deposit',27,3,3,NULL,NULL,'2025-09-13 15:14:56','2025-09-13 15:14:56',NULL,164),(163,'فوزية زيد سليمان',1000.00,NULL,'دفعة قسط للطالب #82 قسط #82','165','deposit',27,3,3,NULL,NULL,'2025-09-13 15:15:40','2025-09-13 15:15:40',NULL,165),(164,'علياء زيد سليمان',1000.00,NULL,'دفعة قسط للطالب #316 قسط #316','166','deposit',27,3,3,NULL,NULL,'2025-09-13 15:16:04','2025-09-13 15:16:04',NULL,166),(165,'سفانا عبدالله بدر',775.00,NULL,'دفعة قسط للطالب #363 قسط #541','167','deposit',27,3,3,NULL,NULL,'2025-09-13 15:21:32','2025-09-13 15:21:32',NULL,167),(166,'زكيه عبدالله بدر',750.00,NULL,'دفعة قسط للطالب #334 قسط #542','168','deposit',27,3,3,NULL,NULL,'2025-09-13 15:22:17','2025-09-13 15:22:17',NULL,168),(167,'زكيه عبدالله بدر',475.00,NULL,'دفعة قسط للطالب #334 قسط #333','169','deposit',27,3,3,NULL,NULL,'2025-09-13 15:22:46','2025-09-13 15:22:46',NULL,169),(168,'هبة الله عطيه امهدي',1800.00,NULL,'دفعة قسط للطالب #106 قسط #106','170','deposit',27,3,3,NULL,NULL,'2025-09-13 15:24:11','2025-09-13 15:24:11',NULL,170),(169,'بان اسامه عبدالرحمن',2250.00,NULL,'دفعة قسط للطالب #432 قسط #433','171','deposit',27,3,3,NULL,NULL,'2025-09-13 15:25:22','2025-09-13 15:25:22',NULL,171),(170,'بان اسامه عبدالرحمن',725.00,NULL,'دفعة قسط للطالب #432 قسط #543','172','deposit',27,3,3,NULL,NULL,'2025-09-13 15:26:00','2025-09-13 15:26:00',NULL,172),(171,'نورالهدى طلال احمد',1000.00,NULL,'دفعة قسط للطالب #215 قسط #215','173','deposit',27,3,3,NULL,NULL,'2025-09-13 15:27:19','2025-09-13 15:27:19',NULL,173),(172,'هاجر على ابوبكر',1500.00,NULL,'دفعة قسط للطالب #441 قسط #442','174','deposit',27,3,3,NULL,NULL,'2025-09-13 15:30:45','2025-09-13 15:30:45',NULL,174),(173,'خالد على ابوبكر',1500.00,NULL,'دفعة قسط للطالب #442 قسط #443','175','deposit',27,3,3,NULL,NULL,'2025-09-13 15:31:23','2025-09-13 15:31:23',NULL,175),(174,'عبدالله على ابوبكر',1000.00,NULL,'دفعة قسط للطالب #418 قسط #417','176','deposit',27,3,3,NULL,NULL,'2025-09-13 15:32:02','2025-09-13 15:32:02',NULL,176),(175,'روميساء عصام علي',750.00,NULL,'دفعة قسط للطالب #371 قسط #544','177','deposit',27,3,3,NULL,NULL,'2025-09-13 15:33:57','2025-09-13 15:33:57',NULL,177),(176,'هناء عصام علي',751.00,NULL,'دفعة قسط للطالب #356 قسط #545','178','deposit',27,3,3,NULL,NULL,'2025-09-13 15:35:10','2025-09-13 15:35:10',NULL,178),(177,'عبدالرحمن اشرف الشريف',1800.00,NULL,'دفعة قسط للطالب #211 قسط #211','179','deposit',27,3,3,NULL,NULL,'2025-09-13 15:36:42','2025-09-13 15:36:42',NULL,179),(178,'توفيق اشرف الشريف',1200.00,NULL,'دفعة قسط للطالب #210 قسط #210','180','deposit',27,3,3,NULL,NULL,'2025-09-13 15:37:34','2025-09-13 15:37:34',NULL,180),(179,'أحمد الحسن مسعود',1760.00,NULL,'دفعة قسط للطالب #428 قسط #429','181','deposit',27,3,3,NULL,NULL,'2025-09-13 15:39:05','2025-09-13 15:39:05',NULL,181),(180,'محمد عبدالباسط علي',1000.00,NULL,'دفعة قسط للطالب #213 قسط #213','182','deposit',27,3,3,NULL,NULL,'2025-09-13 15:40:03','2025-09-13 15:40:03',NULL,182),(181,'ماريا سالم عبدالعالى',4500.00,NULL,'دفعة قسط للطالب #438 قسط #439','183','deposit',27,3,3,NULL,NULL,'2025-09-13 15:42:09','2025-09-13 15:42:09',NULL,183),(182,'ماريا سالم عبدالعالى',750.00,NULL,'دفعة قسط للطالب #438 قسط #546','184','deposit',27,3,3,NULL,NULL,'2025-09-13 15:42:50','2025-09-13 15:42:50',NULL,184),(183,'عبدالعالي سالم عبدالعالى',775.00,NULL,'دفعة قسط للطالب #439 قسط #547','185','deposit',27,3,3,NULL,NULL,'2025-09-13 15:43:45','2025-09-13 15:43:45',NULL,185),(184,'عبدالعالي سالم عبدالعالى',3975.00,NULL,'دفعة قسط للطالب #439 قسط #440','186','deposit',27,3,3,NULL,NULL,'2025-09-13 15:44:09','2025-09-13 15:44:09',NULL,186),(185,'أمير ربيع محمود',1750.00,NULL,'دفعة قسط للطالب #422 قسط #423','187','deposit',27,3,3,NULL,NULL,'2025-09-13 15:45:22','2025-09-13 15:45:22',NULL,187),(186,'ريتال محمد بوبكر',725.00,NULL,'دفعة قسط للطالب #414 قسط #548','188','deposit',27,3,3,NULL,NULL,'2025-09-13 15:46:43','2025-09-13 15:46:43',NULL,188),(187,'المنتصربالله عبدالغنى عبدالله',3500.00,NULL,'دفعة قسط للطالب #430 قسط #431','189','deposit',27,3,3,NULL,NULL,'2025-09-13 15:47:57','2025-09-13 15:47:57',NULL,189),(188,'هنا عماد محمود',500.00,NULL,'دفعة قسط للطالب #445 قسط #549','190','deposit',27,3,3,NULL,NULL,'2025-09-13 15:48:49','2025-09-13 15:48:49',NULL,190),(189,'سارة هشام عبدالله',4000.00,NULL,'دفعة قسط للطالب #420 قسط #421','191','deposit',27,3,3,NULL,NULL,'2025-09-13 15:49:29','2025-09-13 15:49:29',NULL,191),(190,'بدر محمد الرضا',2495.00,NULL,'دفعة قسط للطالب #391 قسط #390','192','deposit',27,3,3,NULL,NULL,'2025-09-13 15:53:12','2025-09-13 15:53:12',NULL,192),(191,'بدر محمد الرضا',775.00,NULL,'دفعة قسط للطالب #391 قسط #550','193','deposit',27,3,3,NULL,NULL,'2025-09-13 15:53:50','2025-09-13 15:53:50',NULL,193),(192,'هيا محمد الرضا',2250.00,NULL,'دفعة قسط للطالب #379 قسط #378','194','deposit',27,3,3,NULL,NULL,'2025-09-13 15:54:37','2025-09-13 15:54:37',NULL,194),(193,'هيا محمد الرضا',765.00,NULL,'دفعة قسط للطالب #379 قسط #551','195','deposit',27,3,3,NULL,NULL,'2025-09-13 15:55:13','2025-09-13 15:55:13',NULL,195),(194,'ريتال محمد بوبكر',2260.00,NULL,'دفعة قسط للطالب #414 قسط #413','196','deposit',27,3,3,NULL,NULL,'2025-09-13 15:58:34','2025-09-13 15:58:34',NULL,196),(195,'جورى مصطفى محمد',4500.00,NULL,'دفعة قسط للطالب #324 قسط #324','197','deposit',27,3,3,NULL,NULL,'2025-09-13 15:59:31','2025-09-13 15:59:31',NULL,197),(196,'جود مصطفى محمد',4500.00,NULL,'دفعة قسط للطالب #323 قسط #323','198','deposit',27,3,3,NULL,NULL,'2025-09-13 16:01:13','2025-09-13 16:01:13',NULL,198),(197,'جود مصطفى محمد',750.00,NULL,'دفعة قسط للطالب #323 قسط #553','199','deposit',27,3,3,NULL,NULL,'2025-09-13 16:01:38','2025-09-13 16:01:38',NULL,199),(198,'محمد مصطفى',725.00,NULL,'دفعة قسط للطالب #282 قسط #554','200','deposit',27,3,3,NULL,NULL,'2025-09-13 16:02:54','2025-09-13 16:02:54',NULL,200),(199,'محمد مصطفى',1745.00,NULL,'دفعة قسط للطالب #282 قسط #282','201','deposit',28,3,3,NULL,NULL,'2025-09-13 16:04:05','2025-09-13 16:16:40',NULL,201),(200,'محمد مصطفى',1745.00,NULL,'استرجاع مبلغ من قسط للطالب #282 قسط #282','202','withdrawal',28,3,3,NULL,NULL,'2025-09-13 16:04:54','2025-09-13 16:04:54',NULL,NULL),(201,'محمد مصطفى',4470.00,NULL,'دفعة قسط للطالب #282 قسط #282','203','deposit',27,3,3,NULL,NULL,'2025-09-13 16:20:13','2025-09-13 16:20:13',NULL,203),(202,'ميرال محمد رمضان',2500.00,NULL,'دفعة قسط للطالب #397 قسط #396','204','deposit',27,3,3,NULL,NULL,'2025-09-13 16:21:44','2025-09-13 16:21:44',NULL,204),(203,'نرمين مروان سعيد',300.00,NULL,'دفعة قسط للطالب #209 قسط #209','205','deposit',27,3,3,NULL,NULL,'2025-09-13 16:22:38','2025-09-13 16:22:38',NULL,205),(204,'مروي مروان سعيد',300.00,NULL,'دفعة قسط للطالب #208 قسط #208','206','deposit',27,3,3,NULL,NULL,'2025-09-13 16:23:24','2025-09-13 16:23:24',NULL,206),(205,'بدر فرج بدر',1000.00,NULL,'دفعة قسط للطالب #151 قسط #151','207','deposit',27,3,3,NULL,NULL,'2025-09-13 16:23:57','2025-09-13 16:23:57',NULL,207),(206,'عمر احمد خليفه',1000.00,NULL,'دفعة قسط للطالب #249 قسط #249','208','deposit',27,3,3,NULL,NULL,'2025-09-13 16:24:36','2025-09-13 16:24:36',NULL,208),(207,'تيم ايهاب شحات',2000.00,NULL,'دفعة قسط للطالب #319 قسط #319','209','deposit',27,3,3,NULL,NULL,'2025-09-13 16:25:21','2025-09-13 16:25:21',NULL,209),(208,'فراس ايهاب شحات',2000.00,NULL,'دفعة قسط للطالب #419 قسط #420','210','deposit',27,3,3,NULL,NULL,'2025-09-13 16:25:53','2025-09-13 16:25:53',NULL,210),(209,'نادين عبدالباسط عثمان',765.00,NULL,'دفعة قسط للطالب #413 قسط #555','211','deposit',27,3,3,NULL,NULL,'2025-09-13 16:36:47','2025-09-13 16:36:47',NULL,211),(210,'نادين عبدالباسط عثمان',2250.00,NULL,'دفعة قسط للطالب #413 قسط #412','212','deposit',27,3,3,NULL,NULL,'2025-09-13 16:37:14','2025-09-13 16:37:14',NULL,212),(211,'ود عبدالباسط عثمان',750.00,NULL,'دفعة قسط للطالب #412 قسط #556','213','deposit',27,3,3,NULL,NULL,'2025-09-13 16:37:56','2025-09-13 16:37:56',NULL,213),(212,'ود عبدالباسط عثمان',2135.00,NULL,'دفعة قسط للطالب #412 قسط #411','214','deposit',27,3,3,NULL,NULL,'2025-09-13 16:38:26','2025-09-13 16:38:26',NULL,214),(213,'فاطيما احمد عبدالحق',765.00,NULL,'دفعة قسط للطالب #409 قسط #557','215','deposit',27,3,3,NULL,NULL,'2025-09-13 16:42:05','2025-09-13 16:42:05',NULL,215),(214,'فاطيما احمد عبدالحق',2250.00,NULL,'دفعة قسط للطالب #409 قسط #408','216','deposit',27,3,3,NULL,NULL,'2025-09-13 16:42:27','2025-09-13 16:42:27',NULL,216),(215,'حمزه احمد عبدالحق',1750.00,NULL,'دفعة قسط للطالب #407 قسط #406','217','deposit',27,3,3,NULL,NULL,'2025-09-13 16:43:27','2025-09-13 16:43:27',NULL,217),(216,'معاذ يوسف على',1000.00,NULL,'دفعة قسط للطالب #230 قسط #230','218','deposit',27,3,3,NULL,NULL,'2025-09-13 16:46:25','2025-09-13 16:46:25',NULL,218),(217,'ايوب يوسف على',1000.00,NULL,'دفعة قسط للطالب #240 قسط #240','219','deposit',27,3,3,NULL,NULL,'2025-09-13 16:47:07','2025-09-13 16:47:07',NULL,219),(218,'غزل خالد عبدالكريم',200.00,NULL,'دفعة قسط للطالب #189 قسط #189','220','deposit',27,3,3,NULL,NULL,'2025-09-13 16:48:27','2025-09-13 16:48:27',NULL,220),(219,'اشرف خالد عبدالكريم',200.00,NULL,'دفعة قسط للطالب #61 قسط #61','221','deposit',27,3,3,NULL,NULL,'2025-09-13 16:49:06','2025-09-13 16:49:06',NULL,221),(220,'سعد عبدالفتاح سعد',600.00,NULL,'دفعة قسط للطالب #220 قسط #220','222','deposit',27,3,3,NULL,NULL,'2025-09-13 17:00:46','2025-09-13 17:00:46',NULL,222),(221,'محمد منصور مصطفى',100.00,NULL,'دفعة قسط للطالب #98 قسط #98','223','deposit',27,3,3,NULL,NULL,'2025-09-13 17:01:36','2025-09-13 17:01:36',NULL,223),(222,'بتول علي عبدالغني',765.00,NULL,'دفعة قسط للطالب #294 قسط #558','224','deposit',27,3,3,NULL,NULL,'2025-09-13 17:02:47','2025-09-13 17:02:47',NULL,224),(223,'بتول علي عبدالغني',500.00,NULL,'دفعة قسط للطالب #294 قسط #294','225','deposit',27,3,3,NULL,NULL,'2025-09-13 17:03:28','2025-09-13 17:03:28',NULL,225),(224,'يزيد فيصل فرج',500.00,NULL,'دفعة قسط للطالب #385 قسط #384','226','deposit',27,3,3,NULL,NULL,'2025-09-13 17:11:58','2025-09-13 17:11:58',NULL,226),(225,'يزيد فيصل فرج',765.00,NULL,'دفعة قسط للطالب #385 قسط #559','227','deposit',27,3,3,NULL,NULL,'2025-09-13 17:12:34','2025-09-13 17:12:34',NULL,227),(226,'زين فيصل فرج',500.00,NULL,'دفعة قسط للطالب #281 قسط #281','228','deposit',27,3,3,NULL,NULL,'2025-09-13 17:13:10','2025-09-13 17:13:10',NULL,228),(227,'زين فيصل فرج',725.00,NULL,'دفعة قسط للطالب #281 قسط #560','229','deposit',27,3,3,NULL,NULL,'2025-09-13 17:13:42','2025-09-13 17:13:42',NULL,229),(228,'يعرب طارق مسعود',500.00,NULL,'دفعة قسط للطالب #303 قسط #303','230','deposit',27,3,3,NULL,NULL,'2025-09-13 17:14:29','2025-09-13 17:14:29',NULL,230),(229,'يعرب طارق مسعود',765.00,NULL,'دفعة قسط للطالب #303 قسط #561','231','deposit',27,3,3,NULL,NULL,'2025-09-13 17:15:09','2025-09-13 17:15:09',NULL,231),(230,'ابي فرج ابراهيم',765.00,NULL,'دفعة قسط للطالب #317 قسط #562','232','deposit',27,3,3,NULL,NULL,'2025-09-13 17:17:55','2025-09-13 17:17:55',NULL,232),(231,'احمد زاهر عثمان',200.00,NULL,'دفعة قسط للطالب #74 قسط #74','233','deposit',27,3,3,NULL,NULL,'2025-09-13 17:18:51','2025-09-13 17:18:51',NULL,233),(232,'تبارك زاهر عثمان',200.00,NULL,'دفعة قسط للطالب #1 قسط #1','234','deposit',27,3,3,NULL,NULL,'2025-09-13 17:19:16','2025-09-13 17:19:16',NULL,234),(233,'فرج حاتم انور',725.00,NULL,'دفعة قسط للطالب #426 قسط #563','235','deposit',27,3,3,NULL,NULL,'2025-09-13 17:20:47','2025-09-13 17:20:47',NULL,235),(234,'فرج حاتم انور',1475.00,NULL,'دفعة قسط للطالب #426 قسط #427','236','deposit',27,3,3,NULL,NULL,'2025-09-13 17:21:07','2025-09-13 17:21:07',NULL,236),(235,'الزهراء المبروك ابوبكر',725.00,NULL,'دفعة قسط للطالب #257 قسط #564','237','deposit',27,3,3,NULL,NULL,'2025-09-13 17:21:59','2025-09-13 17:21:59',NULL,237),(236,'الزبير المبروك ابوبكر',750.00,NULL,'دفعة قسط للطالب #337 قسط #565','238','deposit',27,3,3,NULL,NULL,'2025-09-13 17:22:42','2025-09-13 17:22:42',NULL,238),(237,'كيان عبدالله ادريس',1200.00,NULL,'دفعة قسط للطالب #225 قسط #225','239','deposit',27,3,3,NULL,NULL,'2025-09-13 17:23:57','2025-09-13 17:23:57',NULL,239),(238,'ليان عبدالله ادريس',2000.00,NULL,'دفعة قسط للطالب #236 قسط #236','240','deposit',27,3,3,NULL,NULL,'2025-09-13 17:24:51','2025-09-13 17:24:51',NULL,240),(239,'تسنيم عبدالله ادريس',1800.00,NULL,'دفعة قسط للطالب #234 قسط #234','241','deposit',27,3,3,NULL,NULL,'2025-09-13 17:25:31','2025-09-13 17:25:31',NULL,241),(240,'سدن عبدالله ادريس',1800.00,NULL,'دفعة قسط للطالب #235 قسط #235','242','deposit',27,3,3,NULL,NULL,'2025-09-13 17:26:23','2025-09-13 17:26:23',NULL,242),(241,'بيلار محمد عزام',750.00,NULL,'دفعة قسط للطالب #328 قسط #566','243','deposit',27,3,3,NULL,NULL,'2025-09-13 17:27:45','2025-09-13 17:27:45',NULL,243),(242,'بيلار محمد عزام',1500.00,NULL,'دفعة قسط للطالب #328 قسط #328','244','deposit',27,3,3,NULL,NULL,'2025-09-13 17:28:19','2025-09-13 17:28:19',NULL,244),(243,'همام حمزه آدم',1000.00,NULL,'دفعة قسط للطالب #237 قسط #237','245','deposit',27,3,3,NULL,NULL,'2025-09-13 17:28:53','2025-09-13 17:28:53',NULL,245),(244,'كنزي سراج',500.00,NULL,'دفعة قسط للطالب #276 قسط #276','246','deposit',27,3,3,NULL,NULL,'2025-09-13 17:30:13','2025-09-13 17:30:13',NULL,246),(245,'داني عبد الكريم محمد',765.00,NULL,'دفعة قسط للطالب #375 قسط #567','247','deposit',27,3,3,NULL,NULL,'2025-09-13 17:31:53','2025-09-13 17:31:53',NULL,247),(246,'تيم عبدالكريم محمد',1235.00,NULL,'دفعة قسط للطالب #416 قسط #415','248','deposit',27,3,3,NULL,NULL,'2025-09-13 17:32:30','2025-09-13 17:32:30',NULL,248),(247,'وفاء احمد بدر',725.00,NULL,'دفعة قسط للطالب #264 قسط #568','249','deposit',27,3,3,NULL,NULL,'2025-09-13 17:33:38','2025-09-13 17:33:38',NULL,249),(248,'وفاء احمد بدر',525.00,NULL,'دفعة قسط للطالب #264 قسط #264','250','deposit',27,3,3,NULL,NULL,'2025-09-13 17:34:00','2025-09-13 17:34:00',NULL,250),(249,'حسن احمد بدر',750.00,NULL,'دفعة قسط للطالب #320 قسط #569','251','deposit',27,3,3,NULL,NULL,'2025-09-13 17:34:40','2025-09-13 17:34:40',NULL,251),(250,'كرمه ايمن احمد',1000.00,NULL,'دفعة قسط للطالب #366 قسط #365','252','deposit',27,3,3,NULL,NULL,'2025-09-13 17:35:30','2025-09-13 17:35:30',NULL,252),(251,'وقار محمد ابراهيم',650.00,NULL,'دفعة قسط للطالب #408 قسط #570','253','deposit',27,3,3,NULL,NULL,'2025-09-13 17:36:20','2025-09-13 17:36:20',NULL,253),(252,'إبريك فضيل المبروك',1000.00,NULL,'دفعة قسط للطالب #243 قسط #243','254','deposit',27,3,3,NULL,NULL,'2025-09-13 17:37:13','2025-09-13 17:37:13',NULL,254),(253,'ميسون مصطفى حسان',1000.00,NULL,'دفعة قسط للطالب #244 قسط #244','255','deposit',27,3,3,NULL,NULL,'2025-09-13 17:37:43','2025-09-13 17:37:43',NULL,255),(254,'ميرال محمد رمضان',775.00,NULL,'دفعة قسط للطالب #397 قسط #571','256','deposit',27,3,3,NULL,NULL,'2025-09-13 17:39:35','2025-09-13 17:39:35',NULL,256),(255,'هاجر انس مفتاح',500.00,NULL,'دفعة قسط للطالب #344 قسط #343','257','deposit',27,3,3,NULL,NULL,'2025-09-13 17:40:26','2025-09-13 17:40:26',NULL,257),(256,'غنى منعم جمعه',1000.00,NULL,'دفعة قسط للطالب #130 قسط #130','258','deposit',27,3,3,NULL,NULL,'2025-09-13 17:41:57','2025-09-13 17:41:57',NULL,258),(257,'احمد منعم جمعه',800.00,NULL,'دفعة قسط للطالب #306 قسط #306','259','deposit',27,3,3,NULL,NULL,'2025-09-13 17:43:01','2025-09-13 17:43:01',NULL,259),(258,'لين وليد ادريس',725.00,NULL,'دفعة قسط للطالب #431 قسط #572','260','deposit',27,3,3,NULL,NULL,'2025-09-13 17:44:05','2025-09-13 17:44:05',NULL,260),(259,'لين وليد ادريس',2275.00,NULL,'دفعة قسط للطالب #431 قسط #432','261','deposit',27,3,3,NULL,NULL,'2025-09-13 17:44:32','2025-09-13 17:44:32',NULL,261),(260,'وتين مروان محمد',1750.00,NULL,'دفعة قسط للطالب #433 قسط #434','262','deposit',27,3,3,NULL,NULL,'2025-09-13 17:45:17','2025-09-13 17:45:17',NULL,262),(261,'ريماس اشرف محمد',200.00,NULL,'دفعة قسط للطالب #42 قسط #42','263','deposit',27,3,3,NULL,NULL,'2025-09-13 17:47:22','2025-09-13 17:47:22',NULL,263),(262,'أمينة المهدى عبدالحميد',775.00,NULL,'دفعة قسط للطالب #435 قسط #573','264','deposit',27,3,3,NULL,NULL,'2025-09-13 17:48:33','2025-09-13 17:48:33',NULL,264),(263,'أمينة المهدى عبدالحميد',1750.00,NULL,'دفعة قسط للطالب #435 قسط #436','265','deposit',27,3,3,NULL,NULL,'2025-09-13 17:48:53','2025-09-13 17:48:53',NULL,265),(264,'خزامى المهدى عبدالحميد',725.00,NULL,'دفعة قسط للطالب #425 قسط #574','266','deposit',27,3,3,NULL,NULL,'2025-09-13 17:49:29','2025-09-13 17:49:29',NULL,266),(265,'خزامى المهدى عبدالحميد',1750.00,NULL,'دفعة قسط للطالب #425 قسط #426','267','deposit',27,3,3,NULL,NULL,'2025-09-13 17:49:48','2025-09-13 17:49:48',NULL,267),(266,'تسنيم رمزى فوزى',1000.00,NULL,'دفعة قسط للطالب #232 قسط #232','268','deposit',27,3,3,NULL,NULL,'2025-09-13 17:50:41','2025-09-13 17:50:41',NULL,268),(267,'عبدالرحمن ايمن سعد',775.00,NULL,'دفعة قسط للطالب #354 قسط #575','269','deposit',27,3,3,NULL,NULL,'2025-09-13 17:51:36','2025-09-13 17:51:36',NULL,269),(268,'عبدالرحمن ايمن سعد',500.00,NULL,'دفعة قسط للطالب #354 قسط #353','270','deposit',27,3,3,NULL,NULL,'2025-09-13 17:51:56','2025-09-13 17:51:56',NULL,270),(273,'الوليد حسين محمود',850.00,NULL,'دفعة قسط للطالب #352 قسط #576','271','deposit',27,2,5,NULL,NULL,'2025-09-14 04:28:10','2025-09-14 04:28:10',NULL,271),(274,'معاذ عبد الباسط',2250.00,NULL,'دفعة قسط للطالب #242 قسط #242','272','deposit',27,2,5,NULL,NULL,'2025-09-14 04:31:30','2025-09-14 04:31:30',NULL,272),(275,'ماريا سالم عبدالعالى',400.00,NULL,'دفعة قسط للطالب #438 قسط #577','273','deposit',27,2,5,NULL,NULL,'2025-09-14 04:35:13','2025-09-14 04:35:13',NULL,273),(276,'عبدالعالي سالم عبدالعالى',400.00,NULL,'دفعة قسط للطالب #439 قسط #579','274','deposit',27,2,5,NULL,NULL,'2025-09-14 04:37:25','2025-09-14 04:37:25',NULL,274),(277,'عبدالعالي سالم عبدالعالى',1025.00,NULL,'دفعة قسط للطالب #439 قسط #440','275','deposit',27,2,5,NULL,NULL,'2025-09-14 04:38:41','2025-09-14 04:38:41',NULL,275),(278,'سجى محمد صالح',2000.00,NULL,'دفعة قسط للطالب #350 قسط #349','276','deposit',27,2,5,NULL,NULL,'2025-09-14 04:40:13','2025-09-14 04:40:13',NULL,276),(279,'الليث محمد فتح الله صالح',750.00,NULL,'دفعة قسط للطالب #327 قسط #580','277','deposit',27,2,5,NULL,NULL,'2025-09-14 04:47:30','2025-09-14 04:47:30',NULL,277),(280,'معاذ عبد الباسط',250.00,NULL,'استرجاع مبلغ من قسط للطالب #242 قسط #242','278','withdrawal',28,2,5,NULL,NULL,'2025-09-14 04:51:33','2025-09-14 04:51:33',NULL,NULL),(281,'هنا عماد محمود',220.00,NULL,'دفعة قسط للطالب #445 قسط #581','279','deposit',27,2,5,NULL,NULL,'2025-09-14 04:58:54','2025-09-14 04:58:54',NULL,279),(282,'فرح كريم صافي',760.00,NULL,'دفعة قسط للطالب #311 قسط #582','280','deposit',27,2,5,NULL,NULL,'2025-09-14 05:00:45','2025-09-14 05:00:45',NULL,280),(283,'حسين حمود حسين',75.00,NULL,'دفعة قسط للطالب #395 قسط #583','281','deposit',27,2,5,NULL,NULL,'2025-09-14 05:03:03','2025-09-14 05:03:03',NULL,281),(284,'محمد ياسر عبدالقادر',1000.00,NULL,'دفعة قسط للطالب #398 قسط #397','282','deposit',27,2,5,NULL,NULL,'2025-09-14 05:42:09','2025-09-14 05:42:09',NULL,282),(285,'ثريا سعد محمد عمر',10.00,NULL,'دفعة قسط للطالب #35 قسط #35','283','deposit',27,2,5,NULL,NULL,'2025-09-14 05:44:26','2025-09-14 05:44:26',NULL,283),(286,'لين احمد صتالح',10.00,NULL,'دفعة قسط للطالب #103 قسط #103','284','deposit',27,2,5,NULL,NULL,'2025-09-14 05:50:54','2025-09-14 05:50:54',NULL,284),(287,'اويس وسام صالح',775.00,NULL,'دفعة قسط للطالب #362 قسط #585','285','deposit',27,2,5,NULL,NULL,'2025-09-14 06:02:48','2025-09-14 06:02:48',NULL,285),(288,'اويس وسام صالح',2500.00,NULL,'دفعة قسط للطالب #362 قسط #361','286','deposit',27,2,5,NULL,NULL,'2025-09-14 06:03:50','2025-09-14 06:03:50',NULL,286),(289,'صالح وسام صالح',750.00,NULL,'دفعة قسط للطالب #326 قسط #586','287','deposit',27,2,5,NULL,NULL,'2025-09-14 06:10:09','2025-09-14 06:10:09',NULL,287),(290,'صالح وسام صالح',2225.00,NULL,'دفعة قسط للطالب #326 قسط #326','288','deposit',27,2,5,NULL,NULL,'2025-09-14 06:11:14','2025-09-14 06:11:14',NULL,288),(291,'عياش علي عبدالسميع',500.00,NULL,'دفعة قسط للطالب #446 قسط #587','289','deposit',27,3,3,NULL,NULL,'2025-09-14 07:28:39','2025-09-14 07:28:39',NULL,289),(292,'زياد محمد جبريل',75.00,NULL,'دفعة قسط للطالب #359 قسط #588','290','deposit',27,3,3,NULL,NULL,'2025-09-14 07:38:35','2025-09-14 07:38:35',NULL,290),(293,'اياد محمد جبريل',75.00,NULL,'دفعة قسط للطالب #358 قسط #589','291','deposit',27,3,3,NULL,NULL,'2025-09-14 07:39:19','2025-09-14 07:39:19',NULL,291),(294,'فاطمة حمزه فرج',800.00,NULL,'دفعة قسط للطالب #447 قسط #590','292','deposit',27,3,3,NULL,NULL,'2025-09-14 07:45:37','2025-09-14 07:45:37',NULL,292),(295,'رانيا سعد امراجع',1000.00,NULL,'دفعة قسط للطالب #448 قسط #591','293','deposit',27,3,3,NULL,NULL,'2025-09-14 08:26:31','2025-09-14 08:26:31',NULL,293),(296,'دانية موسى محمد',1750.00,NULL,'دفعة قسط للطالب #449 قسط #592','294','deposit',27,3,3,NULL,NULL,'2025-09-14 08:30:18','2025-09-14 08:30:18',NULL,294),(297,'رهف ايهاب تيسير',3000.00,NULL,'دفعة قسط للطالب #450 قسط #593','295','deposit',27,3,3,NULL,NULL,'2025-09-14 08:41:19','2025-09-14 08:41:19',NULL,295),(298,'مارية عيسي ابوفراج',250.00,NULL,'دفعة قسط للطالب #256 قسط #256','296','deposit',27,3,3,NULL,NULL,'2025-09-14 08:46:19','2025-09-14 08:46:19',NULL,296),(299,'رناد عيسى بوفراج',500.00,NULL,'دفعة قسط للطالب #268 قسط #268','297','deposit',27,3,3,NULL,NULL,'2025-09-14 08:47:59','2025-09-14 08:47:59',NULL,297),(300,'روان عيسي ابوفراج',250.00,NULL,'دفعة قسط للطالب #218 قسط #218','298','deposit',27,3,3,NULL,NULL,'2025-09-14 08:48:47','2025-09-14 08:48:47',NULL,298),(301,'مصطفى محمد اعظم',775.00,NULL,'دفعة قسط للطالب #410 قسط #594','299','deposit',27,3,3,NULL,NULL,'2025-09-14 08:53:20','2025-09-14 08:53:20',NULL,299),(302,'مصطفى محمد اعظم',2425.00,NULL,'دفعة قسط للطالب #410 قسط #409','300','deposit',27,3,3,NULL,NULL,'2025-09-14 08:53:47','2025-09-14 08:53:47',NULL,300),(303,'روفان مصطفي ابراهيم',1300.00,NULL,'دفعة قسط للطالب #110 قسط #110','301','deposit',27,2,5,NULL,NULL,'2025-09-14 09:00:12','2025-09-14 09:00:12',NULL,301),(304,'هلا محمد الرضا',2250.00,NULL,'دفعة قسط للطالب #451 قسط #595','302','deposit',27,3,3,NULL,NULL,'2025-09-14 09:02:31','2025-09-14 09:02:31',NULL,302),(305,'هلا محمد الرضا',725.00,NULL,'دفعة قسط للطالب #451 قسط #596','303','deposit',27,3,3,NULL,NULL,'2025-09-14 09:02:46','2025-09-14 09:02:46',NULL,303),(306,'محمد نورالدين',1500.00,NULL,'دفعة قسط للطالب #453 قسط #598','304','deposit',27,3,3,NULL,NULL,'2025-09-14 09:15:09','2025-09-14 09:15:09',NULL,304),(307,'عبدالله نورالدين',765.00,NULL,'دفعة قسط للطالب #452 قسط #599','305','deposit',27,3,3,NULL,NULL,'2025-09-14 09:16:10','2025-09-14 09:16:10',NULL,305),(308,'عبدالله نورالدين',1735.00,NULL,'دفعة قسط للطالب #452 قسط #597','306','deposit',27,3,3,NULL,NULL,'2025-09-14 09:16:44','2025-09-14 09:16:44',NULL,306),(309,'سجى عبدالله عوض',1000.00,NULL,'دفعة قسط للطالب #454 قسط #600','307','deposit',27,3,3,NULL,NULL,'2025-09-14 09:24:29','2025-09-14 09:24:29',NULL,307),(310,'جورى مصطفى محمد',750.00,NULL,'دفعة قسط للطالب #324 قسط #552','308','deposit',27,2,5,NULL,NULL,'2025-09-14 09:27:08','2025-09-14 09:27:08',NULL,308),(311,'ضحي هيثم صفوان',75.00,NULL,'دفعة قسط للطالب #369 قسط #601','309','deposit',27,2,5,NULL,NULL,'2025-09-14 09:49:30','2025-09-14 09:49:30',NULL,309),(312,'خالد محمد خالد',1000.00,NULL,'دفعة قسط للطالب #456 قسط #603','310','deposit',27,2,5,NULL,NULL,'2025-09-14 10:00:14','2025-09-14 10:00:14',NULL,310),(313,'يونس اسامه يونس',1000.00,NULL,'دفعة قسط للطالب #455 قسط #602','311','deposit',27,2,5,NULL,NULL,'2025-09-14 10:01:56','2025-09-14 10:01:56',NULL,311),(314,'جورى مصطفى محمد',80.00,NULL,'دفعة قسط للطالب #324 قسط #605','312','deposit',27,2,5,NULL,NULL,'2025-09-14 10:11:37','2025-09-14 10:11:37',NULL,312),(315,'جود مصطفى محمد',80.00,NULL,'دفعة قسط للطالب #323 قسط #606','313','deposit',27,2,5,NULL,NULL,'2025-09-14 10:13:07','2025-09-14 10:13:07',NULL,313),(316,'محمد مصطفى',80.00,NULL,'دفعة قسط للطالب #282 قسط #607','314','deposit',27,2,5,NULL,NULL,'2025-09-14 10:16:48','2025-09-14 10:16:48',NULL,314),(317,'نصرالله احمد جبر',1750.00,NULL,'دفعة قسط للطالب #457 قسط #604','315','deposit',27,2,5,NULL,NULL,'2025-09-14 10:19:54','2025-09-14 10:19:54',NULL,315),(318,'مفتاح احمد جبر',2250.00,NULL,'دفعة قسط للطالب #284 قسط #284','316','deposit',27,2,5,NULL,NULL,'2025-09-14 10:21:06','2025-09-14 10:21:06',NULL,316),(319,'مفتاح احمد جبر',725.00,NULL,'دفعة قسط للطالب #284 قسط #608','317','deposit',27,2,5,NULL,NULL,'2025-09-14 10:22:02','2025-09-14 10:22:02',NULL,317),(320,'جبر احمد جبر',765.00,NULL,'دفعة قسط للطالب #310 قسط #609','318','deposit',27,2,5,NULL,NULL,'2025-09-14 10:25:20','2025-09-14 10:25:20',NULL,318),(321,'جبر احمد جبر',1970.00,NULL,'دفعة قسط للطالب #310 قسط #310','319','deposit',27,2,5,NULL,NULL,'2025-09-14 10:25:44','2025-09-14 10:25:44',NULL,319),(324,'وسام عاصم محمد',75.00,NULL,'دفعة قسط للطالب #399 قسط #610','320','deposit',27,2,5,NULL,NULL,'2025-09-15 04:25:40','2025-09-15 04:25:40',NULL,320),(325,'اياد محمد طاهر',75.00,NULL,'دفعة قسط للطالب #372 قسط #611','321','deposit',27,2,5,NULL,NULL,'2025-09-15 04:42:36','2025-09-15 04:42:36',NULL,321),(326,'عبد العزيز ابراهيم عبد العزيز',765.00,NULL,'دفعة قسط للطالب #381 قسط #612','322','deposit',27,2,5,NULL,NULL,'2025-09-15 05:02:15','2025-09-15 05:02:15',NULL,322),(327,'عبد العزيز ابراهيم عبد العزيز',1500.00,NULL,'دفعة قسط للطالب #381 قسط #380','323','deposit',27,2,5,NULL,NULL,'2025-09-15 05:07:23','2025-09-15 05:07:23',NULL,323),(328,'رغد بوفارس عطية',1000.00,NULL,'دفعة قسط للطالب #201 قسط #201','324','deposit',27,1,1,NULL,NULL,'2025-09-15 07:36:20','2025-09-15 07:36:20',NULL,324),(329,'معاذ بوفارس عطية',1000.00,NULL,'دفعة قسط للطالب #171 قسط #171','325','deposit',27,1,1,NULL,NULL,'2025-09-15 07:36:54','2025-09-15 07:36:54',NULL,325),(330,'ابرار بوفارس عطيه بوفارس',1000.00,NULL,'دفعة قسط للطالب #26 قسط #26','326','deposit',27,1,1,NULL,NULL,'2025-09-15 07:38:21','2025-09-15 07:38:21',NULL,326),(331,'عبدالرازق المعتصم بالله عبدالرازق',1000.00,NULL,'دفعة قسط للطالب #22 قسط #22','327','deposit',27,2,5,NULL,NULL,'2025-09-15 08:17:33','2025-09-15 08:17:33',NULL,327),(332,'إياس المعتصم بالله عبدالرازق',1000.00,NULL,'دفعة قسط للطالب #109 قسط #109','328','deposit',27,2,5,NULL,NULL,'2025-09-15 08:19:32','2025-09-15 08:19:32',NULL,328),(333,'نيان عبدالرازق محمد',1000.00,NULL,'دفعة قسط للطالب #245 قسط #245','329','deposit',27,2,5,NULL,NULL,'2025-09-15 08:24:47','2025-09-15 08:24:47',NULL,329),(334,'رفان عبدالرازق محمد',700.00,NULL,'دفعة قسط للطالب #227 قسط #227','330','deposit',27,2,5,NULL,NULL,'2025-09-15 08:27:26','2025-09-15 08:27:26',NULL,330),(335,'قصي سالم علي',775.00,NULL,'دفعة قسط للطالب #403 قسط #623','331','deposit',27,2,5,NULL,NULL,'2025-09-15 08:40:23','2025-09-15 08:40:23',NULL,331),(336,'قصي سالم علي',75.00,NULL,'دفعة قسط للطالب #403 قسط #624','332','deposit',27,2,5,NULL,NULL,'2025-09-15 08:41:22','2025-09-15 08:41:22',NULL,332),(337,'وسام عاصم محمد',2000.00,NULL,'دفعة قسط للطالب #399 قسط #398','333','deposit',27,2,5,NULL,NULL,'2025-09-15 10:00:51','2025-09-15 10:00:51',NULL,333),(338,'ساجد عاصم محمد',2000.00,NULL,'دفعة قسط للطالب #377 قسط #376','334','deposit',27,2,5,NULL,NULL,'2025-09-15 10:03:08','2025-09-15 10:03:08',NULL,334),(339,'سما اكرم بدر',725.00,NULL,'دفعة قسط للطالب #279 قسط #626','335','deposit',27,1,1,NULL,NULL,'2025-09-15 10:21:47','2025-09-15 10:21:47',NULL,335),(340,'عائشة معتز عبدالوهاب',800.00,NULL,'استرجاع مبلغ من قسط للطالب #229 قسط #229','336','withdrawal',28,1,1,NULL,NULL,'2025-09-16 16:11:24','2025-09-16 16:11:24',NULL,NULL),(341,'مكه محمد الحسيني',1000.00,NULL,'دفعة قسط للطالب #347 قسط #346','337','deposit',27,2,5,NULL,NULL,'2025-09-17 05:41:12','2025-09-17 05:41:12',NULL,337),(342,'بدر محمد الرضا',75.00,NULL,'دفعة قسط للطالب #391 قسط #635','338','deposit',27,2,5,NULL,NULL,'2025-09-17 05:45:59','2025-09-17 05:45:59',NULL,338),(343,'ايمان اكرم بدر',750.00,NULL,'دفعة قسط للطالب #330 قسط #645','339','deposit',27,1,1,NULL,NULL,'2025-09-17 06:45:45','2025-09-17 06:45:45',NULL,339),(344,'الصالحين عمر فضل الله',725.00,NULL,'دفعة قسط للطالب #469 قسط #650','340','deposit',27,1,1,NULL,NULL,'2025-09-17 07:11:01','2025-09-17 07:11:01',NULL,340),(345,'تالين عمر فضل الله',850.00,NULL,'دفعة قسط للطالب #387 قسط #651','341','deposit',27,1,1,NULL,NULL,'2025-09-17 07:11:46','2025-09-17 07:11:46',NULL,341),(346,'ايله فوزي خليفة',1000.00,NULL,'دفعة قسط للطالب #32 قسط #32','342','deposit',27,2,5,NULL,NULL,'2025-09-17 09:22:25','2025-09-17 09:22:25',NULL,342),(347,'سما فوزي خليفه',800.00,NULL,'دفعة قسط للطالب #304 قسط #304','343','deposit',27,2,5,NULL,NULL,'2025-09-17 09:23:50','2025-09-17 09:23:50',NULL,343),(348,'سما اكرم بدر',2225.00,NULL,'دفعة قسط للطالب #279 قسط #279','344','deposit',27,1,1,NULL,NULL,'2025-09-17 10:22:07','2025-09-17 10:22:07',NULL,344),(349,'ايمان اكرم بدر',2225.00,NULL,'دفعة قسط للطالب #330 قسط #330','345','deposit',27,1,1,NULL,NULL,'2025-09-17 10:24:15','2025-09-17 10:24:15',NULL,345),(350,'ميرال محمد رمضان',75.00,NULL,'دفعة قسط للطالب #397 قسط #653','346','deposit',27,1,1,NULL,NULL,'2025-09-17 10:26:57','2025-09-17 10:26:57',NULL,346),(351,'ايلا جواد صالح',1500.00,NULL,'دفعة قسط للطالب #415 قسط #414','347','deposit',27,2,5,NULL,NULL,'2025-09-17 10:28:58','2025-09-17 10:28:58',NULL,347),(352,'ابوبكر جمال ابوبكر',75.00,NULL,'دفعة قسط للطالب #390 قسط #654','348','deposit',27,1,1,NULL,NULL,'2025-09-17 10:29:07','2025-09-17 10:29:07',NULL,348),(353,'عمرو جواد وهب',2000.00,NULL,'دفعة قسط للطالب #417 قسط #416','349','deposit',27,2,5,NULL,NULL,'2025-09-17 10:31:37','2025-09-17 10:31:37',NULL,349),(354,'هاجر ناجح خليفه',75.00,NULL,'دفعة قسط للطالب #400 قسط #655','350','deposit',27,2,5,NULL,NULL,'2025-09-18 04:46:23','2025-09-18 04:46:23',NULL,350),(355,'يزن مفتاح عبدالعليم',1000.00,NULL,'دفعة قسط للطالب #183 قسط #183','351','deposit',27,2,5,NULL,NULL,'2025-09-18 05:08:23','2025-09-18 05:08:23',NULL,351),(356,'يزيد مفتاح عبدالعليم',1000.00,NULL,'دفعة قسط للطالب #75 قسط #75','352','deposit',27,2,5,NULL,NULL,'2025-09-18 05:09:07','2025-09-18 05:09:07',NULL,352),(357,'زيد علي الناجي',1200.00,NULL,'دفعة قسط للطالب #217 قسط #217','353','deposit',27,2,5,NULL,NULL,'2025-09-18 07:23:16','2025-09-18 07:23:16',NULL,353),(358,'ميار سامي سالم',1000.00,NULL,'دفعة قسط للطالب #198 قسط #198','354','deposit',27,2,5,NULL,NULL,'2025-09-18 07:24:38','2025-09-18 07:24:38',NULL,354),(359,'احمد على الناجى',2575.00,NULL,'دفعة قسط للطالب #423 قسط #424','355','deposit',27,2,5,NULL,NULL,'2025-09-18 07:27:49','2025-09-18 07:27:49',NULL,355),(360,'احمد على الناجى',725.00,NULL,'دفعة قسط للطالب #423 قسط #656','356','deposit',27,2,5,NULL,NULL,'2025-09-18 07:28:40','2025-09-18 07:28:40',NULL,356),(361,'عبدالله نورالدين',515.00,NULL,'دفعة قسط للطالب #452 قسط #597','357','deposit',27,2,5,NULL,NULL,'2025-09-18 08:43:22','2025-09-18 08:43:22',NULL,357),(362,'محمد نورالدين',250.00,NULL,'دفعة قسط للطالب #453 قسط #598','358','deposit',27,2,5,NULL,NULL,'2025-09-18 08:44:18','2025-09-18 08:44:18',NULL,358),(363,'ود سليمان المبروك',1000.00,NULL,'دفعة قسط للطالب #30 قسط #30','359','deposit',27,2,5,NULL,NULL,'2025-09-18 09:00:13','2025-09-18 09:00:13',NULL,359),(364,'خالد محمد خالد',1700.00,NULL,'دفعة قسط للطالب #470 قسط #666','360','deposit',27,2,5,NULL,NULL,'2025-09-18 09:54:04','2025-09-18 09:54:04',NULL,360),(365,'البينة عاشور عبدالرحيم',765.00,NULL,'دفعة قسط للطالب #411 قسط #665','361','deposit',27,2,5,NULL,NULL,'2025-09-18 10:00:19','2025-09-18 10:00:19',NULL,361),(366,'البينة عاشور عبدالرحيم',500.00,NULL,'دفعة قسط للطالب #411 قسط #410','362','deposit',27,2,5,NULL,NULL,'2025-09-18 10:00:35','2025-09-18 10:00:35',NULL,362),(367,'عبدالمعز عاشور عبدالرحيم',75.00,NULL,'دفعة قسط للطالب #355 قسط #652','363','deposit',27,2,5,NULL,NULL,'2025-09-18 10:02:11','2025-09-18 10:02:11',NULL,363),(368,'عبدالمعز عاشور عبدالرحيم',425.00,NULL,'دفعة قسط للطالب #355 قسط #354','364','deposit',27,2,5,NULL,NULL,'2025-09-18 10:02:32','2025-09-18 10:02:32',NULL,364),(369,'جودي علي محمد',1000.00,NULL,'دفعة قسط للطالب #464 قسط #629','365','deposit',27,2,5,NULL,NULL,'2025-09-18 10:08:02','2025-09-18 10:08:02',NULL,365),(370,'محمد علي محمد',75.00,NULL,'دفعة قسط للطالب #368 قسط #667','366','deposit',27,2,5,NULL,NULL,'2025-09-18 10:10:03','2025-09-18 10:10:03',NULL,366),(371,'كرمه ايمن احمد',1000.00,NULL,'دفعة قسط للطالب #366 قسط #365','367','deposit',27,2,5,NULL,NULL,'2025-09-18 10:25:25','2025-09-18 10:25:25',NULL,367),(372,'جمال عبدالناصر عقيلة',2000.00,NULL,'دفعة قسط للطالب #157 قسط #157','368','deposit',27,1,1,NULL,NULL,'2025-09-19 13:14:11','2025-09-19 13:14:11',NULL,368),(373,'Super Admin',800.00,NULL,'--','EMP-1-20250919191003','withdrawal',29,1,1,1,NULL,'2025-09-19 17:10:03','2025-09-19 17:10:03',NULL,NULL),(374,'Aisha Fathi',20.00,NULL,'-','EMP-42-20250919191335','withdrawal',29,1,1,42,NULL,'2025-09-19 17:13:35','2025-09-19 17:13:35',NULL,NULL),(375,'رزان جبريل موسى',450.00,NULL,'دفعة قسط للطالب #315 قسط #315','369','deposit',27,1,1,NULL,NULL,'2025-09-20 14:01:53','2025-09-20 14:01:53',NULL,369),(376,'رزان جبريل موسى',450.00,NULL,'استرجاع مبلغ من قسط للطالب #315 قسط #315','370','withdrawal',28,1,1,NULL,NULL,'2025-09-20 14:10:45','2025-09-20 14:10:45',NULL,NULL),(377,'رزان جبريل موسى',600.00,NULL,'دفعة قسط للطالب #315 قسط #668','371','deposit',27,1,1,NULL,NULL,'2025-09-20 14:15:11','2025-09-20 14:15:11',NULL,371),(378,'رزان جبريل موسى',600.00,NULL,'استرجاع مبلغ من قسط للطالب #315 قسط #668','372','withdrawal',28,1,1,NULL,NULL,'2025-09-20 14:15:59','2025-09-20 14:15:59',NULL,NULL),(379,'لين خالد عبدالله',5000.00,NULL,'دفعة قسط للطالب #لين خالد عبدالله قسط #رسوم دراسية','373','deposit',27,1,1,NULL,NULL,'2025-09-24 19:49:02','2025-09-24 19:49:02',NULL,373),(380,'لين خالد عبدالله',2695.00,NULL,'دفعة قسط للطالب (لين خالد عبدالله) قسط (دين سابق)','374','deposit',27,1,1,NULL,NULL,'2025-09-24 19:49:49','2025-09-24 19:49:49',NULL,374),(381,'لين خالد عبدالله',2695.00,NULL,'استرجاع مبلغ من قسط للطالب (لين خالد عبدالله) قسط ( دين سابق)','375','withdrawal',28,1,1,NULL,NULL,'2025-09-24 19:50:48','2025-09-24 19:50:48',NULL,NULL),(382,'لين خالد عبدالله',775.00,NULL,'دفعة قسط للطالب (لين خالد عبدالله) قسط (كتب دراسية)','376','deposit',27,1,1,NULL,NULL,'2025-09-24 19:53:48','2025-09-24 19:53:48',NULL,376),(383,'لين خالد عبدالله',75.00,NULL,' قسط (كتب دراسية)','377','deposit',27,1,1,NULL,NULL,'2025-09-24 19:54:34','2025-09-24 19:54:34',NULL,377),(384,'راكان محمد ابراهيم',5000.00,NULL,'رسوم دراسية','378','deposit',27,1,1,NULL,NULL,'2025-09-27 16:32:25','2025-09-27 16:32:25',NULL,378),(385,'راكان محمد ابراهيم',333.00,NULL,'رسوم دراسية','379','withdrawal',28,1,1,NULL,NULL,'2025-09-27 16:32:31','2025-09-27 16:32:31',NULL,NULL),(386,'مصطفى خالد عبدالله',5000.00,'bank','رسوم دراسية','381','deposit',27,1,1,NULL,NULL,'2025-09-28 15:30:44','2025-09-28 15:30:44',NULL,381),(387,'test',44.00,NULL,'test','4043','deposit',14,1,1,NULL,NULL,'2025-09-29 11:17:21','2025-09-29 11:17:21',NULL,NULL),(388,'wregf',321.00,NULL,'test','test','deposit',13,1,1,NULL,NULL,'2025-09-29 11:20:52','2025-09-29 11:20:52',NULL,NULL),(389,'Abdurahman Omar',2321.00,'cash','test','44wef','deposit',14,2,1,NULL,NULL,'2025-09-29 11:21:30','2025-09-29 11:21:30',NULL,NULL),(390,'ثريا سعد محمد عمر',10.00,NULL,'رسوم دراسية','382','withdrawal',28,1,1,NULL,NULL,'2025-09-29 11:22:29','2025-09-29 11:22:29',NULL,NULL),(391,'ثريا سعد محمد عمر',850.00,'cash','كتب دراسية','383','deposit',27,1,1,NULL,NULL,'2025-09-29 11:27:23','2025-09-29 11:27:23',NULL,383),(392,'ثريا سعد محمد عمر',300.00,'bank','كتب دراسية','384','withdrawal',28,1,1,NULL,NULL,'2025-09-29 11:28:38','2025-09-29 11:28:38',NULL,NULL),(393,'يوسف محمد محمود',4500.00,'cash','رسوم دراسية','385','deposit',27,1,1,NULL,NULL,'2025-10-04 20:55:17','2025-10-04 20:55:17',NULL,385),(394,'Abdulraoof Laierej',100.00,NULL,'test','EMP-18-20251004231322','withdrawal',29,1,1,18,NULL,'2025-10-04 21:13:22','2025-10-04 21:13:22',NULL,NULL),(395,'Super Admin',400.00,NULL,'سلفة: test','ADV-1-20251007135213','withdrawal',30,1,1,1,NULL,'2025-10-07 11:52:13','2025-10-07 11:52:13',NULL,NULL),(396,'امنه العمامي',600.00,NULL,'سلفة: test','ADV-2-20251007135441','withdrawal',30,1,1,3,NULL,'2025-10-07 11:54:41','2025-10-07 11:54:41',NULL,NULL),(397,'رحاب محمد عامر',8000.00,NULL,'سلفة: ll','ADV-3-20251008090739','withdrawal',30,1,1,5,NULL,'2025-10-08 07:07:39','2025-10-08 07:07:39',NULL,NULL),(398,'رحاب محمد عامر',8000.00,NULL,'إلغاء سلفة: ll','ADV-CANCEL-3-20251008094118','deposit',31,1,1,5,NULL,'2025-10-08 07:41:18','2025-10-08 07:41:18',NULL,NULL),(399,'امنه العمامي',580.00,NULL,'إلغاء سلفة: test (استرجاع المتبقي فقط)','ADV-CANCEL-2-20251008094130','deposit',31,1,1,3,NULL,'2025-10-08 07:41:30','2025-10-08 07:41:30',NULL,NULL);
/*!40000 ALTER TABLE `transactions` ENABLE KEYS */;
UNLOCK TABLES;

--
-- Table structure for table `treasuries`
--

DROP TABLE IF EXISTS `treasuries`;
/*!40101 SET @saved_cs_client     = @@character_set_client */;
/*!50503 SET character_set_client = utf8mb4 */;
CREATE TABLE `treasuries` (
  `id` bigint(20) unsigned NOT NULL AUTO_INCREMENT,
  `name` varchar(255) NOT NULL,
  `opening_balance` decimal(15,2) NOT NULL DEFAULT 0.00,
  `current_balance` decimal(15,2) NOT NULL DEFAULT 0.00,
  `responsible_user_id` bigint(20) unsigned NOT NULL,
  `created_at` timestamp NULL DEFAULT NULL,
  `updated_at` timestamp NULL DEFAULT NULL,
  PRIMARY KEY (`id`),
  UNIQUE KEY `treasuries_name_unique` (`name`),
  KEY `treasuries_responsible_user_id_foreign` (`responsible_user_id`),
  CONSTRAINT `treasuries_responsible_user_id_foreign` FOREIGN KEY (`responsible_user_id`) REFERENCES `users` (`id`)
) ENGINE=InnoDB AUTO_INCREMENT=4 DEFAULT CHARSET=utf8mb4 COLLATE=utf8mb4_unicode_ci;
/*!40101 SET character_set_client = @saved_cs_client */;

--
-- Dumping data for table `treasuries`
--

LOCK TABLES `treasuries` WRITE;
/*!40000 ALTER TABLE `treasuries` DISABLE KEYS */;
INSERT INTO `treasuries` VALUES (1,'المدير',0.00,41637.00,1,'2025-09-12 06:05:18','2025-10-08 07:41:30'),(2,'الايرادات',0.00,121021.00,5,'2025-09-12 06:06:32','2025-09-29 11:21:30'),(3,'امنه العمامي',0.00,221686.00,3,'2025-09-13 09:05:24','2025-09-14 09:24:29');
/*!40000 ALTER TABLE `treasuries` ENABLE KEYS */;
UNLOCK TABLES;

--
-- Table structure for table `treasury_transfers`
--

DROP TABLE IF EXISTS `treasury_transfers`;
/*!40101 SET @saved_cs_client     = @@character_set_client */;
/*!50503 SET character_set_client = utf8mb4 */;
CREATE TABLE `treasury_transfers` (
  `id` bigint(20) unsigned NOT NULL AUTO_INCREMENT,
  `from_treasury_id` bigint(20) unsigned NOT NULL,
  `to_treasury_id` bigint(20) unsigned NOT NULL,
  `amount` decimal(15,2) NOT NULL COMMENT 'المبلغ المحول',
  `description` text DEFAULT NULL COMMENT 'وصف التحويل',
  `reference_number` varchar(255) DEFAULT NULL COMMENT 'رقم مرجعي',
  `user_id` bigint(20) unsigned NOT NULL,
  `created_at` timestamp NULL DEFAULT NULL,
  `updated_at` timestamp NULL DEFAULT NULL,
  PRIMARY KEY (`id`),
  KEY `treasury_transfers_to_treasury_id_foreign` (`to_treasury_id`),
  KEY `treasury_transfers_user_id_foreign` (`user_id`),
  KEY `treasury_transfers_from_treasury_id_to_treasury_id_index` (`from_treasury_id`,`to_treasury_id`),
  KEY `treasury_transfers_created_at_index` (`created_at`),
  CONSTRAINT `treasury_transfers_from_treasury_id_foreign` FOREIGN KEY (`from_treasury_id`) REFERENCES `treasuries` (`id`),
  CONSTRAINT `treasury_transfers_to_treasury_id_foreign` FOREIGN KEY (`to_treasury_id`) REFERENCES `treasuries` (`id`),
  CONSTRAINT `treasury_transfers_user_id_foreign` FOREIGN KEY (`user_id`) REFERENCES `users` (`id`)
) ENGINE=InnoDB AUTO_INCREMENT=4 DEFAULT CHARSET=utf8mb4 COLLATE=utf8mb4_unicode_ci;
/*!40101 SET character_set_client = @saved_cs_client */;

--
-- Dumping data for table `treasury_transfers`
--

LOCK TABLES `treasury_transfers` WRITE;
/*!40000 ALTER TABLE `treasury_transfers` DISABLE KEYS */;
/*!40000 ALTER TABLE `treasury_transfers` ENABLE KEYS */;
UNLOCK TABLES;

--
-- Table structure for table `user_transactions`
--

DROP TABLE IF EXISTS `user_transactions`;
/*!40101 SET @saved_cs_client     = @@character_set_client */;
/*!50503 SET character_set_client = utf8mb4 */;
CREATE TABLE `user_transactions` (
  `id` bigint(20) unsigned NOT NULL AUTO_INCREMENT,
  `user_id` bigint(20) unsigned NOT NULL,
  `amount` decimal(10,2) NOT NULL,
  `type` enum('credit','debit') NOT NULL,
  `description` varchar(255) NOT NULL,
  `reference_type` varchar(255) DEFAULT NULL,
  `reference_id` bigint(20) unsigned DEFAULT NULL,
  `transaction_id` bigint(20) unsigned DEFAULT NULL,
  `created_by` bigint(20) unsigned NOT NULL,
  `created_at` timestamp NULL DEFAULT NULL,
  `updated_at` timestamp NULL DEFAULT NULL,
  PRIMARY KEY (`id`),
  KEY `user_transactions_transaction_id_foreign` (`transaction_id`),
  KEY `user_transactions_created_by_foreign` (`created_by`),
  KEY `user_transactions_user_id_type_index` (`user_id`,`type`),
  KEY `user_transactions_created_at_index` (`created_at`),
  CONSTRAINT `user_transactions_created_by_foreign` FOREIGN KEY (`created_by`) REFERENCES `users` (`id`) ON DELETE CASCADE,
  CONSTRAINT `user_transactions_transaction_id_foreign` FOREIGN KEY (`transaction_id`) REFERENCES `transactions` (`id`) ON DELETE SET NULL,
  CONSTRAINT `user_transactions_user_id_foreign` FOREIGN KEY (`user_id`) REFERENCES `users` (`id`) ON DELETE CASCADE
) ENGINE=InnoDB AUTO_INCREMENT=38 DEFAULT CHARSET=utf8mb4 COLLATE=utf8mb4_unicode_ci;
/*!40101 SET character_set_client = @saved_cs_client */;

--
-- Dumping data for table `user_transactions`
--

LOCK TABLES `user_transactions` WRITE;
/*!40000 ALTER TABLE `user_transactions` DISABLE KEYS */;
INSERT INTO `user_transactions` VALUES (1,1,0.00,'credit','راتب شهر 2025-09','salary',1,NULL,1,'2025-09-18 10:43:45','2025-09-18 10:43:45'),(2,2,400.00,'credit','راتب شهر 2025-09','salary',2,NULL,1,'2025-09-18 10:43:45','2025-09-18 10:43:45'),(3,3,0.00,'credit','راتب شهر 2025-09','salary',3,NULL,1,'2025-09-18 10:43:45','2025-09-18 10:43:45'),(4,4,0.00,'credit','راتب شهر 2025-09','salary',4,NULL,1,'2025-09-18 10:43:45','2025-09-18 10:43:45'),(5,5,600.00,'credit','راتب شهر 2025-09','salary',5,NULL,1,'2025-09-18 10:43:45','2025-09-18 10:43:45'),(6,56,0.00,'credit','راتب شهر 2025-09','salary',6,NULL,1,'2025-09-18 10:43:45','2025-09-18 10:43:45'),(7,57,0.00,'credit','راتب شهر 2025-09','salary',7,NULL,1,'2025-09-18 10:43:45','2025-09-18 10:43:45'),(8,6,0.00,'credit','راتب شهر 2025-09','salary',8,NULL,1,'2025-09-18 10:43:45','2025-09-18 10:43:45'),(9,1,800.00,'credit','راتب شهر 2025-10','salary',9,NULL,1,'2025-09-19 17:08:46','2025-09-19 17:08:46'),(10,2,0.00,'credit','راتب شهر 2025-10','salary',10,NULL,1,'2025-09-19 17:08:46','2025-09-19 17:08:46'),(11,3,0.00,'credit','راتب شهر 2025-10','salary',11,NULL,1,'2025-09-19 17:08:46','2025-09-19 17:08:46'),(12,4,0.00,'credit','راتب شهر 2025-10','salary',12,NULL,1,'2025-09-19 17:08:46','2025-09-19 17:08:46'),(13,5,0.00,'credit','راتب شهر 2025-10','salary',13,NULL,1,'2025-09-19 17:08:46','2025-09-19 17:08:46'),(14,6,0.00,'credit','راتب شهر 2025-10','salary',14,NULL,1,'2025-09-19 17:08:46','2025-09-19 17:08:46'),(15,56,0.00,'credit','راتب شهر 2025-10','salary',15,NULL,1,'2025-09-19 17:08:46','2025-09-19 17:08:46'),(16,57,0.00,'credit','راتب شهر 2025-10','salary',16,NULL,1,'2025-09-19 17:08:46','2025-09-19 17:08:46'),(17,1,800.00,'debit','--','adjustment',NULL,373,1,'2025-09-19 17:10:03','2025-09-19 17:10:03'),(18,42,20.00,'credit','تسوية حصص (عدد: 4)','settlement',1,NULL,1,'2025-09-19 17:12:39','2025-09-19 17:12:39'),(19,42,20.00,'debit','-','adjustment',NULL,374,1,'2025-09-19 17:13:35','2025-09-19 17:13:35'),(20,57,100.00,'debit','etst','adjustment',NULL,NULL,1,'2025-10-03 23:27:08','2025-10-03 23:27:08'),(21,18,200.00,'credit','-','adjustment',NULL,NULL,1,'2025-10-04 21:08:55','2025-10-04 21:08:55'),(22,18,100.00,'debit','test','adjustment',NULL,394,1,'2025-10-04 21:13:22','2025-10-04 21:13:22'),(23,1,400.00,'debit','سلفة: test','advance',1,395,1,'2025-10-07 11:52:13','2025-10-07 11:52:13'),(24,3,600.00,'debit','سلفة: test','advance',2,396,1,'2025-10-07 11:54:41','2025-10-07 11:54:41'),(25,1,1000.00,'credit','راتب شهر 2025-10','salary',17,NULL,1,'2025-10-07 12:02:51','2025-10-07 12:02:51'),(26,1,20.00,'debit','استقطاع سلفة #1 - راتب شهر 2025-10','advance_deduction',1,NULL,1,'2025-10-07 12:02:51','2025-10-07 12:02:51'),(27,2,400.00,'credit','راتب شهر 2025-10','salary',18,NULL,1,'2025-10-07 12:02:51','2025-10-07 12:02:51'),(28,3,800.00,'credit','راتب شهر 2025-10','salary',19,NULL,1,'2025-10-07 12:02:51','2025-10-07 12:02:51'),(29,3,20.00,'debit','استقطاع سلفة #2 - راتب شهر 2025-10','advance_deduction',2,NULL,1,'2025-10-07 12:02:51','2025-10-07 12:02:51'),(30,4,800.00,'credit','راتب شهر 2025-10','salary',20,NULL,1,'2025-10-07 12:02:51','2025-10-07 12:02:51'),(31,5,800.00,'credit','راتب شهر 2025-10','salary',21,NULL,1,'2025-10-07 12:02:51','2025-10-07 12:02:51'),(32,6,0.00,'credit','راتب شهر 2025-10','salary',22,NULL,1,'2025-10-07 12:02:51','2025-10-07 12:02:51'),(33,56,1500.00,'credit','راتب شهر 2025-10','salary',23,NULL,1,'2025-10-07 12:02:51','2025-10-07 12:02:51'),(34,57,1500.00,'credit','راتب شهر 2025-10','salary',24,NULL,1,'2025-10-07 12:02:51','2025-10-07 12:02:51'),(35,5,8000.00,'debit','سلفة: ll','advance',3,397,1,'2025-10-08 07:07:39','2025-10-08 07:07:39'),(36,5,8000.00,'credit','إلغاء سلفة: ll','advance_cancellation',3,398,1,'2025-10-08 07:41:18','2025-10-08 07:41:18'),(37,3,580.00,'credit','إلغاء سلفة: test (استرجاع المتبقي)','advance_cancellation',2,399,1,'2025-10-08 07:41:30','2025-10-08 07:41:30');
/*!40000 ALTER TABLE `user_transactions` ENABLE KEYS */;
UNLOCK TABLES;

--
-- Table structure for table `users`
--

DROP TABLE IF EXISTS `users`;
/*!40101 SET @saved_cs_client     = @@character_set_client */;
/*!50503 SET character_set_client = utf8mb4 */;
CREATE TABLE `users` (
  `id` bigint(20) unsigned NOT NULL AUTO_INCREMENT,
  `name` varchar(255) NOT NULL,
  `email` varchar(255) NOT NULL,
  `phone` varchar(255) DEFAULT NULL,
  `hire_date` date DEFAULT NULL,
  `salary` decimal(12,2) DEFAULT 0.00,
  `subject` varchar(255) DEFAULT NULL,
  `session_price` decimal(12,2) DEFAULT 0.00,
  `job_title` varchar(255) DEFAULT NULL,
  `code` varchar(255) DEFAULT NULL,
  `is_active` tinyint(1) NOT NULL DEFAULT 1,
  `email_verified_at` timestamp NULL DEFAULT NULL,
  `password` varchar(255) NOT NULL,
  `balance` decimal(12,2) NOT NULL DEFAULT 0.00,
  `remember_token` varchar(100) DEFAULT NULL,
  `created_at` timestamp NULL DEFAULT NULL,
  `updated_at` timestamp NULL DEFAULT NULL,
  PRIMARY KEY (`id`),
  UNIQUE KEY `users_email_unique` (`email`),
  UNIQUE KEY `users_phone_unique` (`phone`),
  UNIQUE KEY `users_code_unique` (`code`)
) ENGINE=InnoDB AUTO_INCREMENT=59 DEFAULT CHARSET=utf8mb4 COLLATE=utf8mb4_unicode_ci;
/*!40101 SET character_set_client = @saved_cs_client */;

--
-- Dumping data for table `users`
--

LOCK TABLES `users` WRITE;
/*!40000 ALTER TABLE `users` DISABLE KEYS */;
INSERT INTO `users` VALUES (1,'Super Admin','admin@demo.com',NULL,NULL,0.00,NULL,0.00,'test','010139',1,NULL,'$2y$12$5LnVISCQq29ma5DgMRtRsOdJahWqzsI2/XJMlZHN3AobYRZBswOCW',580.00,'am6bnbPV2eP3jygGCBmwgPaP97Nr28O337sjLviiyNLwCR6hno8emFJm9fP0','2025-09-07 08:04:29','2026-06-19 17:33:29'),(2,'منه عمر الحجازي','Menna@telalschool.com','0910367015','2025-08-14',400.00,NULL,NULL,'شوؤن الطلبة','463177',1,NULL,'$2y$12$aZa3MKObUOz9YZPbju/jYudg9fsgDfVQW.Ty63/swGcbygsZfjedS',800.00,NULL,'2025-09-07 08:31:51','2025-10-07 12:02:51'),(3,'امنه العمامي','Amena@telalschool.com','0922080367','2025-08-01',800.00,NULL,NULL,'شوؤن الطلبة','058142',1,NULL,'$2y$12$.VnRFSJBzA6g2ReDFjwDSeLADesd.pJSJLfAoYa8t5RAQg8og302q',760.00,'FGCa3TWAL6vOlNVk8T1rIuXnlrXSX8OiQCdLfnLaOixG7i371heMwpkx3kS4','2025-09-07 09:29:11','2025-10-08 07:41:30'),(4,'حنان فوزي اغليو','hanan@telalschool.com','0946712838','2025-08-24',800.00,NULL,NULL,'الادارة','611360',1,NULL,'$2y$12$xSRasnqu2agtNCKnKwT/7eXLLyUcL/DjRzg/kqSf2CV8QUr/jTtEy',800.00,'nU4fSJ2TIE16kwGFhBLiWtnvxZirwoL5vHA8arOxzFdGkpO8yVpkI5llMxr4','2025-09-08 15:36:30','2025-10-07 12:02:51'),(5,'رحاب محمد عامر','rehab@telalschool.com','0946175343','2025-07-21',800.00,NULL,NULL,'القسم المالي','691567',1,NULL,'$2y$12$BzDjUsCGjiv87GTJNKM9muIfSWNlNt4PgP..QXx.6KKnw8qJEzbDy',1400.00,'3lQjg0Gkpa9KQjt32ezXTFnZp5bpe6Bw67G2JhbMHt6IrhmGgAZ1RcLkhJeA','2025-09-09 09:10:56','2025-10-08 07:41:18'),(6,'المشرف 3','info@telalschool.com','0915319930','2025-09-15',NULL,NULL,NULL,NULL,'306090',1,NULL,'$2y$12$/CbIIS6/De5.Kf43Q.JLQ.5LUYdGCJfs7K4hicAyx6WlqYGjRKgAW',0.00,NULL,'2025-09-15 06:49:15','2025-10-07 12:02:51'),(7,'أميرة صالح محمد','Amera@telalschool.com','0924348473',NULL,NULL,'اللغة العربية / التربية الاسلاميه',0.00,NULL,'220044',1,NULL,'$2y$12$Kizys6eg62ZnBXWK0tRjYOD1O94d9ROCmRN03A4aise7U1hdEhOIq',0.00,NULL,'2025-09-15 07:17:23','2025-09-15 07:17:23'),(8,'كريمة علي مؤمن','karema@telalschool.com',NULL,'2025-09-15',NULL,'الإجتماعيات / التاريخ',0.00,NULL,'567743',1,NULL,'$2y$12$GlUW.IE4.t5Ge1om9em66ubBKtn0nc4epCgnwzbGBeKRJUk7AmXnS',0.00,NULL,'2025-09-15 07:33:53','2025-09-15 07:33:53'),(9,'مريم حمد صالح','maruam@tehalschool.com','0925562817','2025-09-15',NULL,'اللغة الإنجليزية',0.00,NULL,'980161',1,NULL,'$2y$12$Puyxdxcr7594htbkjux8Hu0CNnBPJ5JCol.nNyVH3VwgvccKNCQJm',0.00,NULL,'2025-09-15 07:49:49','2025-09-15 07:49:49'),(10,'حمد عبدالكريم حمد','hamad@telalschool.com','0920558694','2025-09-15',NULL,'الجغرافيا',0.00,NULL,'433306',1,NULL,'$2y$12$K0cETNM7vg6RbKgzhbD72.aFg8CnnkEhWjSkL.9N8LcHODcLqX2yi',0.00,NULL,'2025-09-15 07:55:20','2025-09-15 07:55:20'),(11,'Sumia Abdullah','Sumia@telalschool.com','0920314679','2025-09-15',NULL,'English-Y1',0.00,NULL,'752103',1,NULL,'$2y$12$SIdE69C93Ri52mo4DMeq3OkxFlGJM5ilNomdHJFbZ8A7uPipYcBQm',0.00,NULL,'2025-09-15 08:14:55','2025-09-15 08:14:55'),(12,'Mohamed Abdulbasit','Mohamed.A@telalschool.com','0944277697','2025-09-15',NULL,'English_Y2A',0.00,NULL,'944506',1,NULL,'$2y$12$7WucRgnTQ72w8bUjrEaS8.L/pKrMkBh7TEMqHrQiZgLUqsY39MUZy',0.00,NULL,'2025-09-15 08:24:36','2025-09-15 08:24:36'),(13,'Sumya Shallouf','Sumya_S@telalschool.com','0911894344','2025-09-15',NULL,'English_Y2B',25.00,NULL,'859887',1,NULL,'$2y$12$YYMy.mLYe2dqeBUxTLtl5.4WkyvkaRWfyIwt1gLXNgBlAfsdsDIki',0.00,NULL,'2025-09-15 08:28:09','2025-09-16 16:19:34'),(14,'Arwa Yousif','Arwa@telalschool.com','0941894344','2025-09-15',NULL,'English_Y3',0.00,NULL,'328238',1,NULL,'$2y$12$BtiZcrXU7CTLbxLx8mEkK.Bsz3DqSoAJ7SOhAsgPqmR0FK9/eIfOm',0.00,NULL,'2025-09-15 08:30:42','2025-09-15 08:30:42'),(15,'أسماء محمد بالقاسم','Asma@telalschool.com','0944380521','2025-09-15',NULL,'الحاسوب',0.00,NULL,'949786',1,NULL,'$2y$12$4a2bnV8y0GfNRTBvatfgGeNagZWfByJe912TjOuYsHSLF8upLEQ0C',0.00,NULL,'2025-09-15 08:34:44','2025-09-15 08:34:44'),(16,'Kuepaa Bogzali','Kuepaa@telalschool.com','0923567410','2025-09-15',NULL,'Science_Y1',0.00,NULL,'155130',1,NULL,'$2y$12$5FvbXDDZrSaSzKbVSah5zOnl41mDjzPCAZ1SX5SjYb1k/.pv2W.W6',0.00,NULL,'2025-09-15 08:36:55','2025-09-15 08:36:55'),(17,'رقية ادريس الصادق','rokaya@telalschool.com','0928428920','2025-09-15',NULL,'معلمة فصل / الصف الأول',0.00,NULL,'998312',1,NULL,'$2y$12$OsmP1qtFfgYf22ng2XSt6edSieklmnDsOyCEA8D.RLknHioOUV3tW',0.00,NULL,'2025-09-15 08:38:48','2025-09-15 08:53:11'),(18,'Abdulraoof Laierej','Abdulraoof@telalschool.com','0926807946','2025-09-15',NULL,'Science_Y2',0.00,NULL,'177140',1,NULL,'$2y$12$4aN8pi0tPn7RjpHkfcs58eLknkTLnLyBoNmL0AuIFvEX0CgaYm2iy',100.00,NULL,'2025-09-15 08:40:33','2025-10-04 21:13:22'),(19,'محمود ادريس محمود','mahmood@telalschool.com','0920638870','2025-09-15',NULL,'التربية الإسلامية',0.00,NULL,'894689',1,NULL,'$2y$12$A5N2eMZPfZrfI2R20.vnoO67NugJH2MuvHuUMiN5Uvrt16MJ9YGNq',0.00,NULL,'2025-09-15 08:41:40','2025-09-15 08:41:40'),(20,'Salma Younis','Salma.Y@telalschool.com','0927847723','2025-09-15',NULL,'Science_Y3',0.00,NULL,'847560',1,NULL,'$2y$12$pOh8tXGii.aCC50CYCDKPOWhBVF3ejHp6MDPRC5x7roytsrzgoMKq',0.00,NULL,'2025-09-15 08:43:03','2025-09-15 08:43:03'),(21,'نسمة انصير يونس','nasma@telalschool.com','0927801260','2025-09-15',NULL,'العلوم',0.00,NULL,'385937',1,NULL,'$2y$12$CAzcnAnPMnouaO9BKh5/vOnnobRkqy5BgKTwey4OzZWGD7uXhOBU.',0.00,NULL,'2025-09-15 08:43:55','2025-09-15 08:43:55'),(22,'عزيزة مسعود عبدالسلام','azeza@telalschool.com','0922598276','2025-09-15',NULL,'اللغة العربية',0.00,NULL,'140325',1,NULL,'$2y$12$8DOYOg50SBZWlTQ59JeyvOB8J9Kws6EJ479mRaFySdykqt6KGhbK.',0.00,NULL,'2025-09-15 08:49:30','2025-09-15 08:49:30'),(23,'انتصار صالح محمد','entsar@telalschool.com','0924280843','2025-09-15',NULL,'معلمة فصل / الصف الثاني',0.00,NULL,'607934',1,NULL,'$2y$12$tg5JuQQkaUZ.mhbIyAlAiuOr3/e1oVt5hn0iRgtes3FH6Ms1RC2Oa',0.00,NULL,'2025-09-15 08:52:17','2025-09-15 08:52:17'),(24,'تيسير ابوبكر انور','tauser@telalschool.com','0946882463','2025-09-15',NULL,'الرياضيات',0.00,NULL,'677029',1,NULL,'$2y$12$8XM25vt88fyafjd.eJYKkOAsBO/Ihl5a60KZ5SxW68OZNjiJQdnjK',0.00,NULL,'2025-09-15 08:56:14','2025-09-15 08:56:14'),(25,'هبة عبدالله محمد','haba@telalschool.com','0942781182',NULL,NULL,'الرياضيات',0.00,NULL,'099264',1,NULL,'$2y$12$NUKY1pQOU2jjdvlUTxBZLO9DwmVFOr1IArUqy4WiDPappbArxAr5O',0.00,NULL,'2025-09-15 08:59:58','2025-09-15 08:59:58'),(26,'سعيد جادالله','saeed@telalschool.com','0924342726','2025-09-15',NULL,'الرياضيات',0.00,NULL,'804500',1,NULL,'$2y$12$LFXTUif7SIhnSSru1MkzTOd6dxmdS/r/ZMayb.xVMsxtHgA23I.Eq',0.00,NULL,'2025-09-15 09:02:34','2025-09-15 09:02:34'),(27,'فاطمة جمعة عبدالقادر','fatema@telalschool.com','0910434624','2025-09-15',NULL,'اللغة العربية / التربية الاسلاميه',0.00,NULL,'236127',1,NULL,'$2y$12$iOquHc3RSTFoM75ok42zqOOD/xn9wIpNpKzh0zUsiw9THXywcnwyG',0.00,NULL,'2025-09-15 09:10:53','2025-09-15 09:10:53'),(28,'Ibtesam Abdulhaleem','Ibtesam@telalschool.com','0916852563','2025-09-15',NULL,'Arabic_Islamic_Y3',0.00,NULL,'145261',1,NULL,'$2y$12$7ePXgVK8uOvbPhx.0YFE9.Ei4Bl6K8w9/tndpN5S/i02of8ztMvCi',0.00,NULL,'2025-09-15 09:11:33','2025-09-15 09:11:33'),(29,'سارة ابراهيم محمد','sara@telalschool.com','0911708561','2025-09-15',NULL,'العلوم',0.00,NULL,'271288',1,NULL,'$2y$12$/Rfs./5zL2JYRZi/c2XolOVba/.0i0yE.tOwy96jhQFYSIaDacGoK',0.00,NULL,'2025-09-15 09:14:52','2025-09-15 09:14:52'),(30,'أسماء زهير احمد','asmazo@telalschool.com','0925175160','2025-09-15',NULL,'الرياضيات',0.00,NULL,'585012',1,NULL,'$2y$12$uT.Jk.Rlc2fjG2EFFUKn5.mgPshfy/CRrNI3JHPpM1J9F/o7TmLrW',0.00,NULL,'2025-09-15 09:18:08','2025-09-15 09:18:08'),(31,'Sara Yaqoub','Sara.Y@telalschool.com','0919966411','2025-09-15',NULL,'Quran_Y123',0.00,NULL,'194043',1,NULL,'$2y$12$giY.JgeVIo9zIUNOdid8Cu6.VgJhDhTaMwKROl8OmGtNdqputmQky',0.00,NULL,'2025-09-15 09:21:14','2025-09-15 09:21:14'),(32,'Heba Kheralla','Heba.K@telalschool.com','0929966411','2025-09-15',NULL,'Maths_Y1',0.00,NULL,'281234',1,NULL,'$2y$12$eOeyqy1LleNWCzqLVrvbSewcfOrGMO.vOaWl308uU06nRCvIJOXj6',0.00,NULL,'2025-09-15 09:23:25','2025-09-15 09:23:25'),(33,'Noor-Alhuda Najeeb','Noor.H@telalschool.com','0912601801','2025-09-15',NULL,'Maths_Y2',0.00,NULL,'374032',1,NULL,'$2y$12$Wx7x5KS/JzOkiT7yGQ42Q..52pjbpL4dXPkFUNC28znGHk6uI3cwq',0.00,NULL,'2025-09-15 09:26:47','2025-09-15 09:26:47'),(34,'Shareefa Alhasy','Shareefa@telalschool.com','0926217144','2025-09-15',NULL,'Maths _y3B',0.00,NULL,'333586',1,NULL,'$2y$12$FKlD9lnGtnzeYYZevzMJp.49itzEqyydKOME928AsHoIn01uQ2g7a',0.00,NULL,'2025-09-15 09:29:07','2025-09-15 09:29:07'),(35,'Mohammed Alnajy','Mohammed.N@telalschool.com','0921213453','2025-09-15',NULL,'Maths_Y3A',0.00,NULL,'721881',1,NULL,'$2y$12$2g6U4SD3xL9kXXcFP7KKC.YvYCOvuIe2/n2.SKVVsmJuMhKp9uJXW',0.00,NULL,'2025-09-15 09:32:34','2025-09-15 09:32:34'),(36,'رزق موسى اكريم','rezk@telalschool.com','0923674611','2025-09-15',NULL,'اللغة الإنجليزية',0.00,NULL,'729751',1,NULL,'$2y$12$r29JEFmJskbzPl//5Fvr4.3bK/.fzEGDNI4WXzXs240VFO42gojga',0.00,NULL,'2025-09-15 09:34:14','2025-09-15 09:34:14'),(37,'Aya Alsanousi','Aya.S@telalschool.com','0944566807','2025-09-15',NULL,'ICT_Y1_3',0.00,NULL,'579910',1,NULL,'$2y$12$QWm2EgTRQ8euMVAl1qB1NuXK3Y1WOgUrXoY1jkCMQ3.PIr4fRX0g6',0.00,NULL,'2025-09-15 09:35:14','2025-09-15 09:35:14'),(38,'Yasmina Layas','Yasmina@telalschool.com','0944644163','2025-09-15',NULL,'Assistant-Y1-B',0.00,NULL,'857561',1,NULL,'$2y$12$oDoI4bs/ujwor6oZVixfi.TK8ONXFpGMbEJX5/ANVNkQgK0MwJAKq',0.00,NULL,'2025-09-15 09:37:27','2025-09-15 09:37:27'),(39,'ملاك عبدالعاطي عبدالسلام','malak@telalschool.com','0920951221','2025-09-15',NULL,'اللغة الإنجليزية',0.00,NULL,'229139',1,NULL,'$2y$12$ezh9XYl.y4etJ6AqXRHgGOvM5Hk4Lzw51h.2bKk1iyPekI3sqWaDu',0.00,NULL,'2025-09-15 09:37:40','2025-09-15 09:37:40'),(40,'Marwa Saad','Marwa.S@telalschool.com','0923772212','2025-09-15',NULL,'Assistant-Y1_A',0.00,NULL,'131259',1,NULL,'$2y$12$fqE5XYaRfK4LJa5o3vC6b.fozMS16ufeSPCqpQA9ju.QhQRtHb6ju',0.00,NULL,'2025-09-15 09:39:37','2025-09-15 09:39:37'),(41,'عصمت احمد العجب','esmat@telalschool.com','09131304113','2025-09-15',NULL,'اللغة العربية',0.00,NULL,'849349',1,NULL,'$2y$12$ZSQJutXhZbzNGg1DWVwLtuskT1L5zWNoBrpdhH9PpIUW2.rDIG8Oa',0.00,NULL,'2025-09-15 09:40:09','2025-09-15 09:40:09'),(42,'Aisha Fathi','Aisha.F@telalschool.com','0924867329','2025-09-15',NULL,'Arabic_Islamic Y_1_5',0.00,NULL,'980812',1,NULL,'$2y$12$KFzg17rcNR/TbFaIEBTmtOTmD1h82vbSFeTDa.8W.Lpl7YXwVlOF2',0.00,NULL,'2025-09-15 09:43:55','2025-09-19 17:13:35'),(43,'سارة ميكائيل ابراهيم','saraM@telalschool.com','0910369547','2025-09-15',NULL,'اشراف',0.00,NULL,'771928',1,NULL,'$2y$12$FWnJS7Yb5VViPfqYuhhLVulcwp54KeFLjnb.iePqz5i7laAF9yy8q',0.00,NULL,'2025-09-15 09:46:59','2025-09-15 09:46:59'),(44,'Wafaa Jadallah','Wafaa.J@telalschool.com','0926259632','2025-09-15',NULL,'Arabic_Islamic_Y6',0.00,NULL,'988966',1,NULL,'$2y$12$mjlmWhXkWVoU.tYpcPoovufMcOScg.EO3jAphmHFrrG/ICS2u/1fy',0.00,NULL,'2025-09-15 09:48:22','2025-09-15 09:48:22'),(45,'فتحية عبدالحميد محمد','fathua@telalschool.com','0943187082','2025-09-15',NULL,'اشراف',0.00,NULL,'001255',1,NULL,'$2y$12$OIRRPKIurjJaehrrsmI6X.98FmP9jT/.UTiCn7.spBsgKArOqesF6',0.00,NULL,'2025-09-15 09:50:04','2025-09-15 09:50:04'),(46,'Takeeen Mohammed','Takeen@telalschool.com','0913418442','2025-09-15',NULL,'Quran Y4-5-6',0.00,NULL,'182023',1,NULL,'$2y$12$tqI6T59Y2I9q4ZIB8aZQ.eklb13.VqmGic0.EfX5hA3mDi1Wr07Ni',0.00,NULL,'2025-09-15 09:52:22','2025-09-15 09:52:22'),(47,'حميدة عبدالهادي ممد','hameeda@telalschool.com','0927082355','2025-09-15',NULL,'اشراف',0.00,NULL,'634014',1,NULL,'$2y$12$BsWg1EfiOk0qF70EEMLtx.yLnis3EAn9wvvCxj.Dlqp7R7auw2CZi',0.00,NULL,'2025-09-15 09:52:38','2025-09-15 09:52:38'),(48,'Yusuf Raji','Yusuf.R@telalschool.com','0911253940','2025-09-15',NULL,'Maths Y4-5-6',0.00,NULL,'943341',1,NULL,'$2y$12$r.V5kSoODiGI0XncOvqnAOp5JAqSZ75E.1OB5tRRM9JfvVBEbKWJC',0.00,NULL,'2025-09-15 09:55:13','2025-09-15 09:55:13'),(49,'Emad Omar','Emad.O@telalschool.com','0926152397','2025-09-15',NULL,'ICT Y_4_6',0.00,NULL,'411835',1,NULL,'$2y$12$lvEdCzlQolNEzvrhiBiE1unrcnJvC2bhHy3s/H.O8dwRVTZVQiaUG',0.00,NULL,'2025-09-15 09:57:23','2025-09-15 09:57:23'),(50,'Saja Najeeb','Saja.N@telalschool.com','0923804922','2025-09-15',NULL,'Social Y4_6',0.00,NULL,'419949',1,NULL,'$2y$12$ce8LXmb2tk/dXyCgf/kjpuCcRKyhCCNvcGJRIqA9ytdTqJ6vfTaCm',0.00,NULL,'2025-09-15 09:59:22','2025-09-15 09:59:22'),(51,'Ebtehal Faraj','Ebtihal@telalschool.com','0918289492','2025-09-15',NULL,'Foundation Y2',0.00,NULL,'234072',1,NULL,'$2y$12$If6wnym3zjeiGKuPcA9mRuX64sRJxi23J8SwPXkBh95b0iPSOxyEq',0.00,NULL,'2025-09-15 10:01:31','2025-09-15 10:01:31'),(52,'Sumaya','Sumaya@telalschool.com','0921374688','2025-09-15',NULL,'English Y4',0.00,NULL,'456642',1,NULL,'$2y$12$d.HUBxKOxF2wfQXoho0NZOpbghVH.1cumjqC1loKWnanYlj5hGmo2',0.00,NULL,'2025-09-15 10:04:05','2025-09-15 10:04:05'),(53,'Muna Rzig','Muna.R@telalschool.com','0925777029','2025-09-15',NULL,'English Y5',0.00,NULL,'555778',1,NULL,'$2y$12$guDVw9qr/djbYnQMBuwG3uvJR2s/maKo0BYcGBGFXvPAbi2lKxsdy',0.00,NULL,'2025-09-15 10:06:31','2025-09-15 10:06:31'),(54,'Hifa Gasmat','Hifa.G@telalschool.com','0927426523','2025-09-16',NULL,'Supervisor',0.00,NULL,'291134',1,NULL,'$2y$12$wwcS03G8IWKcGkRfKHB0Ied9sw8wluOBTPo4plNWtJRbbDVvf/z9O',0.00,NULL,'2025-09-16 06:49:25','2025-09-16 06:49:25'),(55,'Amjad','amjad@telalschool.com','0920455929','2025-09-14',NULL,'English_Y6',25.00,NULL,'008196',1,NULL,'$2y$12$KP5s.7Zrqo8JVY1wy7OQ0OXS3i2r5h.1zXHyV9omT4wQXnsX/0gPu',0.00,NULL,'2025-09-18 04:37:04','2025-09-18 04:37:04'),(56,'ادريس موسي اكريم','Adrees@telalschool.com','0926211490','2025-09-01',1500.00,NULL,NULL,'مدير المدرسة','482989',1,NULL,'$2y$12$fIUW.ZLpbAY0bJ/Fsqm2duVxKKhvmKUo8sK7MkrYK3lk.gpIX1E3.',1500.00,NULL,'2025-09-18 04:44:18','2025-10-07 12:02:51'),(57,'زينب احمد لملوم','Zinab@telalschool.com','0929305054','2025-09-01',1500.00,NULL,NULL,'ادارة الروضة','768061',1,NULL,'$2y$12$o7GV3.y9B3cQHmHxYpTRl.l23MCOlxSyRjldIObNE9j0q2HjOCg7y',1400.00,NULL,'2025-09-18 05:05:07','2025-10-07 12:02:51'),(58,'نوره الناجي بشير','NoraN@telalschool.com','0944378558','2025-09-14',NULL,'لغة عربية روضة دولي',15.00,NULL,'091244',1,NULL,'$2y$12$h/d7zSPfpOE7.0Kuk5jxc.RRRX4ymyD2p9iYIPnbtBlaOuriiinYy',0.00,NULL,'2025-09-18 06:48:50','2025-09-18 06:48:50');
/*!40000 ALTER TABLE `users` ENABLE KEYS */;
UNLOCK TABLES;
/*!40103 SET TIME_ZONE=@OLD_TIME_ZONE */;

/*!40101 SET SQL_MODE=@OLD_SQL_MODE */;
/*!40014 SET FOREIGN_KEY_CHECKS=@OLD_FOREIGN_KEY_CHECKS */;
/*!40014 SET UNIQUE_CHECKS=@OLD_UNIQUE_CHECKS */;
/*!40101 SET CHARACTER_SET_CLIENT=@OLD_CHARACTER_SET_CLIENT */;
/*!40101 SET CHARACTER_SET_RESULTS=@OLD_CHARACTER_SET_RESULTS */;
/*!40101 SET COLLATION_CONNECTION=@OLD_COLLATION_CONNECTION */;
/*!40111 SET SQL_NOTES=@OLD_SQL_NOTES */;

-- Dump completed on 2026-06-19 19:36:56
